ISO-10303-21;
HEADER;
FILE_DESCRIPTION(('KiCad electronic assembly'),'2;1');
FILE_NAME('ElectronicTriggerUnit.step','2025-12-17T15:45:22',('Pcbnew'),
  ('Kicad'),'Open CASCADE STEP processor 7.9','KiCad to STEP converter',
  'Unknown');
FILE_SCHEMA(('AUTOMOTIVE_DESIGN { 1 0 10303 214 1 1 1 1 }'));
ENDSEC;
DATA;
#1 = APPLICATION_PROTOCOL_DEFINITION('international standard',
  'automotive_design',2000,#2);
#2 = APPLICATION_CONTEXT(
  'core data for automotive mechanical design processes');
#3 = SHAPE_DEFINITION_REPRESENTATION(#4,#10);
#4 = PRODUCT_DEFINITION_SHAPE('','',#5);
#5 = PRODUCT_DEFINITION('design','',#6,#9);
#6 = PRODUCT_DEFINITION_FORMATION('','',#7);
#7 = PRODUCT('ElectronicTriggerUnit 1','ElectronicTriggerUnit 1','',(#8)
  );
#8 = PRODUCT_CONTEXT('',#2,'mechanical');
#9 = PRODUCT_DEFINITION_CONTEXT('part definition',#2,'design');
#10 = SHAPE_REPRESENTATION('',(#11,#15,#19,#23,#27,#31,#35,#39,#43),#47
  );
#11 = AXIS2_PLACEMENT_3D('',#12,#13,#14);
#12 = CARTESIAN_POINT('',(0.,0.,0.));
#13 = DIRECTION('',(0.,0.,1.));
#14 = DIRECTION('',(1.,0.,-0.));
#15 = AXIS2_PLACEMENT_3D('',#16,#17,#18);
#16 = CARTESIAN_POINT('',(9.122463,-5.2,1.595));
#17 = DIRECTION('',(-0.,0.,1.));
#18 = DIRECTION('',(1.110223024625E-16,-1.,0.));
#19 = AXIS2_PLACEMENT_3D('',#20,#21,#22);
#20 = CARTESIAN_POINT('',(4.022463,-6.2,1.595));
#21 = DIRECTION('',(0.,0.,1.));
#22 = DIRECTION('',(1.,0.,0.));
#23 = AXIS2_PLACEMENT_3D('',#24,#25,#26);
#24 = CARTESIAN_POINT('',(-0.17662,-9.528336,1.64499999999));
#25 = DIRECTION('',(-2.449293598295E-16,-1.,1.110223024625E-16));
#26 = DIRECTION('',(1.,-2.449293598295E-16,0.));
#27 = AXIS2_PLACEMENT_3D('',#28,#29,#30);
#28 = CARTESIAN_POINT('',(8.072463,-0.8,1.595));
#29 = DIRECTION('',(0.,0.,1.));
#30 = DIRECTION('',(1.,0.,0.));
#31 = AXIS2_PLACEMENT_3D('',#32,#33,#34);
#32 = CARTESIAN_POINT('',(-9.027537,-5.6,1.595));
#33 = DIRECTION('',(-0.,0.,1.));
#34 = DIRECTION('',(0.5,-0.866025403784,0.));
#35 = AXIS2_PLACEMENT_3D('',#36,#37,#38);
#36 = CARTESIAN_POINT('',(9.097463,-4.399999,-8.5E-02));
#37 = DIRECTION('',(1.499759782662E-32,1.224646799147E-16,-1.));
#38 = DIRECTION('',(-1.,1.224646799147E-16,0.));
#39 = AXIS2_PLACEMENT_3D('',#40,#41,#42);
#40 = CARTESIAN_POINT('',(9.097463,-5.899999,-8.5E-02));
#41 = DIRECTION('',(0.,-1.224646799147E-16,-1.));
#42 = DIRECTION('',(1.,0.,0.));
#43 = AXIS2_PLACEMENT_3D('',#44,#45,#46);
#44 = CARTESIAN_POINT('',(0.,0.,0.));
#45 = DIRECTION('',(0.,0.,1.));
#46 = DIRECTION('',(1.,0.,-0.));
#47 = ( GEOMETRIC_REPRESENTATION_CONTEXT(3) 
GLOBAL_UNCERTAINTY_ASSIGNED_CONTEXT((#51)) GLOBAL_UNIT_ASSIGNED_CONTEXT(
(#48,#49,#50)) REPRESENTATION_CONTEXT('Context #1',
  '3D Context with UNIT and UNCERTAINTY') );
#48 = ( LENGTH_UNIT() NAMED_UNIT(*) SI_UNIT(.MILLI.,.METRE.) );
#49 = ( NAMED_UNIT(*) PLANE_ANGLE_UNIT() SI_UNIT($,.RADIAN.) );
#50 = ( NAMED_UNIT(*) SI_UNIT($,.STERADIAN.) SOLID_ANGLE_UNIT() );
#51 = UNCERTAINTY_MEASURE_WITH_UNIT(LENGTH_MEASURE(1.E-07),#48,
  'distance_accuracy_value','confusion accuracy');
#52 = PRODUCT_RELATED_PRODUCT_CATEGORY('part',$,(#7));
#53 = SHAPE_DEFINITION_REPRESENTATION(#54,#60);
#54 = PRODUCT_DEFINITION_SHAPE('','',#55);
#55 = PRODUCT_DEFINITION('design','',#56,#59);
#56 = PRODUCT_DEFINITION_FORMATION('','',#57);
#57 = PRODUCT('MCP1407-E_SN','MCP1407-E_SN','',(#58));
#58 = PRODUCT_CONTEXT('',#2,'mechanical');
#59 = PRODUCT_DEFINITION_CONTEXT('part definition',#2,'design');
#60 = SHAPE_REPRESENTATION('',(#11,#61,#65),#69);
#61 = AXIS2_PLACEMENT_3D('',#62,#63,#64);
#62 = CARTESIAN_POINT('',(0.,0.,0.));
#63 = DIRECTION('',(0.,0.,1.));
#64 = DIRECTION('',(1.,0.,0.));
#65 = AXIS2_PLACEMENT_3D('',#66,#67,#68);
#66 = CARTESIAN_POINT('',(0.,0.,0.));
#67 = DIRECTION('',(0.,0.,1.));
#68 = DIRECTION('',(1.,0.,0.));
#69 = ( GEOMETRIC_REPRESENTATION_CONTEXT(3) 
GLOBAL_UNCERTAINTY_ASSIGNED_CONTEXT((#73)) GLOBAL_UNIT_ASSIGNED_CONTEXT(
(#70,#71,#72)) REPRESENTATION_CONTEXT('Context #1',
  '3D Context with UNIT and UNCERTAINTY') );
#70 = ( LENGTH_UNIT() NAMED_UNIT(*) SI_UNIT(.MILLI.,.METRE.) );
#71 = ( NAMED_UNIT(*) PLANE_ANGLE_UNIT() SI_UNIT($,.RADIAN.) );
#72 = ( NAMED_UNIT(*) SI_UNIT($,.STERADIAN.) SOLID_ANGLE_UNIT() );
#73 = UNCERTAINTY_MEASURE_WITH_UNIT(LENGTH_MEASURE(1.E-07),#70,
  'distance_accuracy_value','confusion accuracy');
#74 = CONTEXT_DEPENDENT_SHAPE_REPRESENTATION(#75,#77);
#75 = ( REPRESENTATION_RELATIONSHIP('','',#60,#10) 
REPRESENTATION_RELATIONSHIP_WITH_TRANSFORMATION(#76) 
SHAPE_REPRESENTATION_RELATIONSHIP() );
#76 = ITEM_DEFINED_TRANSFORMATION('','',#11,#15);
#77 = PRODUCT_DEFINITION_SHAPE('Placement','Placement of an item',#78);
#78 = NEXT_ASSEMBLY_USAGE_OCCURRENCE('3','IC3','',#5,#55,$);
#79 = PRODUCT_RELATED_PRODUCT_CATEGORY('part',$,(#57));
#80 = SHAPE_DEFINITION_REPRESENTATION(#81,#87);
#81 = PRODUCT_DEFINITION_SHAPE('','',#82);
#82 = PRODUCT_DEFINITION('design','',#83,#86);
#83 = PRODUCT_DEFINITION_FORMATION('','',#84);
#84 = PRODUCT('Body','Body','',(#85));
#85 = PRODUCT_CONTEXT('',#2,'mechanical');
#86 = PRODUCT_DEFINITION_CONTEXT('part definition',#2,'design');
#87 = ADVANCED_BREP_SHAPE_REPRESENTATION('',(#11,#88),#675);
#88 = MANIFOLD_SOLID_BREP('',#89);
#89 = CLOSED_SHELL('',(#90,#130,#161,#194,#225,#256,#281,#305,#327,#351,
    #369,#400,#424,#436,#453,#477,#510,#534,#551,#576,#611,#629,#641,
    #666));
#90 = ADVANCED_FACE('',(#91),#125,.T.);
#91 = FACE_BOUND('',#92,.T.);
#92 = EDGE_LOOP('',(#93,#103,#111,#119));
#93 = ORIENTED_EDGE('',*,*,#94,.F.);
#94 = EDGE_CURVE('',#95,#97,#99,.T.);
#95 = VERTEX_POINT('',#96);
#96 = CARTESIAN_POINT('',(-1.95,-2.45,0.792246420274));
#97 = VERTEX_POINT('',#98);
#98 = CARTESIAN_POINT('',(-1.859165697143,-2.359165697143,0.217198745641
    ));
#99 = LINE('',#100,#101);
#100 = CARTESIAN_POINT('',(-1.902408557873,-2.402408557873,
    0.490957730138));
#101 = VECTOR('',#102,1.);
#102 = DIRECTION('',(0.154159948466,0.154159948466,-0.975945398359));
#103 = ORIENTED_EDGE('',*,*,#104,.T.);
#104 = EDGE_CURVE('',#95,#105,#107,.T.);
#105 = VERTEX_POINT('',#106);
#106 = CARTESIAN_POINT('',(-1.95,2.45,0.792246420274));
#107 = LINE('',#108,#109);
#108 = CARTESIAN_POINT('',(-1.95,-2.45,0.792246420274));
#109 = VECTOR('',#110,1.);
#110 = DIRECTION('',(0.,1.,0.));
#111 = ORIENTED_EDGE('',*,*,#112,.T.);
#112 = EDGE_CURVE('',#105,#113,#115,.T.);
#113 = VERTEX_POINT('',#114);
#114 = CARTESIAN_POINT('',(-1.859165697143,2.359165697143,0.217198745641
    ));
#115 = LINE('',#116,#117);
#116 = CARTESIAN_POINT('',(-1.844183598082,2.344183598082,0.122351083963
    ));
#117 = VECTOR('',#118,1.);
#118 = DIRECTION('',(0.154159948466,-0.154159948466,-0.975945398359));
#119 = ORIENTED_EDGE('',*,*,#120,.F.);
#120 = EDGE_CURVE('',#97,#113,#121,.T.);
#121 = LINE('',#122,#123);
#122 = CARTESIAN_POINT('',(-1.859165697143,-2.3525,0.217198745641));
#123 = VECTOR('',#124,1.);
#124 = DIRECTION('',(0.,1.,0.));
#125 = PLANE('',#126);
#126 = AXIS2_PLACEMENT_3D('',#127,#128,#129);
#127 = CARTESIAN_POINT('',(-1.90125,-2.45,0.483623210137));
#128 = DIRECTION('',(-0.987753092715,0.,-0.156025087188));
#129 = DIRECTION('',(0.,1.,0.));
#130 = ADVANCED_FACE('',(#131),#156,.T.);
#131 = FACE_BOUND('',#132,.F.);
#132 = EDGE_LOOP('',(#133,#134,#142,#150));
#133 = ORIENTED_EDGE('',*,*,#94,.F.);
#134 = ORIENTED_EDGE('',*,*,#135,.T.);
#135 = EDGE_CURVE('',#95,#136,#138,.T.);
#136 = VERTEX_POINT('',#137);
#137 = CARTESIAN_POINT('',(1.95,-2.45,0.792246420274));
#138 = LINE('',#139,#140);
#139 = CARTESIAN_POINT('',(-1.95,-2.45,0.792246420274));
#140 = VECTOR('',#141,1.);
#141 = DIRECTION('',(1.,0.,0.));
#142 = ORIENTED_EDGE('',*,*,#143,.T.);
#143 = EDGE_CURVE('',#136,#144,#146,.T.);
#144 = VERTEX_POINT('',#145);
#145 = CARTESIAN_POINT('',(1.859165697143,-2.359165697143,0.217198745641
    ));
#146 = LINE('',#147,#148);
#147 = CARTESIAN_POINT('',(1.856066242937,-2.356066242937,0.197576930121
    ));
#148 = VECTOR('',#149,1.);
#149 = DIRECTION('',(-0.154159948466,0.154159948466,-0.975945398359));
#150 = ORIENTED_EDGE('',*,*,#151,.F.);
#151 = EDGE_CURVE('',#97,#144,#152,.T.);
#152 = LINE('',#153,#154);
#153 = CARTESIAN_POINT('',(-1.8525,-2.359165697143,0.217198745641));
#154 = VECTOR('',#155,1.);
#155 = DIRECTION('',(1.,0.,0.));
#156 = PLANE('',#157);
#157 = AXIS2_PLACEMENT_3D('',#158,#159,#160);
#158 = CARTESIAN_POINT('',(-1.95,-2.40125,0.483623210137));
#159 = DIRECTION('',(-1.738107218147E-18,-0.987753092715,-0.156025087188
    ));
#160 = DIRECTION('',(-1.,1.716820780195E-18,2.711883302534E-19));
#161 = ADVANCED_FACE('',(#162),#189,.T.);
#162 = FACE_BOUND('',#163,.T.);
#163 = EDGE_LOOP('',(#164,#165,#174,#182));
#164 = ORIENTED_EDGE('',*,*,#120,.T.);
#165 = ORIENTED_EDGE('',*,*,#166,.T.);
#166 = EDGE_CURVE('',#113,#167,#169,.T.);
#167 = VERTEX_POINT('',#168);
#168 = CARTESIAN_POINT('',(-1.809778042507,2.309778042507,0.175));
#169 = ELLIPSE('',#170,7.071067811865E-02,5.E-02);
#170 = AXIS2_PLACEMENT_3D('',#171,#172,#173);
#171 = CARTESIAN_POINT('',(-1.809778042507,2.309778042507,0.225));
#172 = DIRECTION('',(-0.707106781187,-0.707106781187,-0.));
#173 = DIRECTION('',(-0.707106781187,0.707106781187,0.));
#174 = ORIENTED_EDGE('',*,*,#175,.F.);
#175 = EDGE_CURVE('',#176,#167,#178,.T.);
#176 = VERTEX_POINT('',#177);
#177 = CARTESIAN_POINT('',(-1.809778042507,-2.309778042507,0.175));
#178 = LINE('',#179,#180);
#179 = CARTESIAN_POINT('',(-1.809778042507,-2.3525,0.175));
#180 = VECTOR('',#181,1.);
#181 = DIRECTION('',(0.,1.,0.));
#182 = ORIENTED_EDGE('',*,*,#183,.F.);
#183 = EDGE_CURVE('',#97,#176,#184,.T.);
#184 = ELLIPSE('',#185,7.071067811865E-02,5.E-02);
#185 = AXIS2_PLACEMENT_3D('',#186,#187,#188);
#186 = CARTESIAN_POINT('',(-1.809778042507,-2.309778042507,0.225));
#187 = DIRECTION('',(0.707106781187,-0.707106781187,0.));
#188 = DIRECTION('',(0.707106781187,0.707106781187,0.));
#189 = CYLINDRICAL_SURFACE('',#190,5.E-02);
#190 = AXIS2_PLACEMENT_3D('',#191,#192,#193);
#191 = CARTESIAN_POINT('',(-1.809778042507,-2.3525,0.225));
#192 = DIRECTION('',(0.,1.,0.));
#193 = DIRECTION('',(-0.987753092715,0.,-0.156025087188));
#194 = ADVANCED_FACE('',(#195),#220,.F.);
#195 = FACE_BOUND('',#196,.F.);
#196 = EDGE_LOOP('',(#197,#205,#206,#214));
#197 = ORIENTED_EDGE('',*,*,#198,.F.);
#198 = EDGE_CURVE('',#95,#199,#201,.T.);
#199 = VERTEX_POINT('',#200);
#200 = CARTESIAN_POINT('',(-1.95,-2.45,0.997246420274));
#201 = LINE('',#202,#203);
#202 = CARTESIAN_POINT('',(-1.95,-2.45,0.175));
#203 = VECTOR('',#204,1.);
#204 = DIRECTION('',(0.,0.,1.));
#205 = ORIENTED_EDGE('',*,*,#104,.T.);
#206 = ORIENTED_EDGE('',*,*,#207,.T.);
#207 = EDGE_CURVE('',#105,#208,#210,.T.);
#208 = VERTEX_POINT('',#209);
#209 = CARTESIAN_POINT('',(-1.95,2.45,0.997246420274));
#210 = LINE('',#211,#212);
#211 = CARTESIAN_POINT('',(-1.95,2.45,0.175));
#212 = VECTOR('',#213,1.);
#213 = DIRECTION('',(0.,0.,1.));
#214 = ORIENTED_EDGE('',*,*,#215,.F.);
#215 = EDGE_CURVE('',#199,#208,#216,.T.);
#216 = LINE('',#217,#218);
#217 = CARTESIAN_POINT('',(-1.95,-2.45,0.997246420274));
#218 = VECTOR('',#219,1.);
#219 = DIRECTION('',(0.,1.,0.));
#220 = PLANE('',#221);
#221 = AXIS2_PLACEMENT_3D('',#222,#223,#224);
#222 = CARTESIAN_POINT('',(-1.95,-2.45,0.175));
#223 = DIRECTION('',(1.,0.,0.));
#224 = DIRECTION('',(0.,0.,1.));
#225 = ADVANCED_FACE('',(#226),#251,.F.);
#226 = FACE_BOUND('',#227,.T.);
#227 = EDGE_LOOP('',(#228,#229,#237,#245));
#228 = ORIENTED_EDGE('',*,*,#112,.F.);
#229 = ORIENTED_EDGE('',*,*,#230,.T.);
#230 = EDGE_CURVE('',#105,#231,#233,.T.);
#231 = VERTEX_POINT('',#232);
#232 = CARTESIAN_POINT('',(1.95,2.45,0.792246420274));
#233 = LINE('',#234,#235);
#234 = CARTESIAN_POINT('',(-1.95,2.45,0.792246420274));
#235 = VECTOR('',#236,1.);
#236 = DIRECTION('',(1.,0.,0.));
#237 = ORIENTED_EDGE('',*,*,#238,.T.);
#238 = EDGE_CURVE('',#231,#239,#241,.T.);
#239 = VERTEX_POINT('',#240);
#240 = CARTESIAN_POINT('',(1.859165697143,2.359165697143,0.217198745641)
  );
#241 = LINE('',#242,#243);
#242 = CARTESIAN_POINT('',(1.797841283145,2.297841283145,-0.171029716054
    ));
#243 = VECTOR('',#244,1.);
#244 = DIRECTION('',(-0.154159948466,-0.154159948466,-0.975945398359));
#245 = ORIENTED_EDGE('',*,*,#246,.F.);
#246 = EDGE_CURVE('',#113,#239,#247,.T.);
#247 = LINE('',#248,#249);
#248 = CARTESIAN_POINT('',(-1.8525,2.359165697143,0.217198745641));
#249 = VECTOR('',#250,1.);
#250 = DIRECTION('',(1.,0.,0.));
#251 = PLANE('',#252);
#252 = AXIS2_PLACEMENT_3D('',#253,#254,#255);
#253 = CARTESIAN_POINT('',(-1.95,2.40125,0.483623210137));
#254 = DIRECTION('',(1.738107218147E-18,-0.987753092715,0.156025087188)
  );
#255 = DIRECTION('',(-1.,-1.716820780195E-18,2.711883302534E-19));
#256 = ADVANCED_FACE('',(#257),#276,.T.);
#257 = FACE_BOUND('',#258,.T.);
#258 = EDGE_LOOP('',(#259,#260,#268,#275));
#259 = ORIENTED_EDGE('',*,*,#183,.T.);
#260 = ORIENTED_EDGE('',*,*,#261,.T.);
#261 = EDGE_CURVE('',#176,#262,#264,.T.);
#262 = VERTEX_POINT('',#263);
#263 = CARTESIAN_POINT('',(1.809778042507,-2.309778042507,0.175));
#264 = LINE('',#265,#266);
#265 = CARTESIAN_POINT('',(-1.8525,-2.309778042507,0.175));
#266 = VECTOR('',#267,1.);
#267 = DIRECTION('',(1.,0.,0.));
#268 = ORIENTED_EDGE('',*,*,#269,.F.);
#269 = EDGE_CURVE('',#144,#262,#270,.T.);
#270 = ELLIPSE('',#271,7.071067811865E-02,5.E-02);
#271 = AXIS2_PLACEMENT_3D('',#272,#273,#274);
#272 = CARTESIAN_POINT('',(1.809778042507,-2.309778042507,0.225));
#273 = DIRECTION('',(0.707106781187,0.707106781187,0.));
#274 = DIRECTION('',(0.707106781187,-0.707106781187,0.));
#275 = ORIENTED_EDGE('',*,*,#151,.F.);
#276 = CYLINDRICAL_SURFACE('',#277,5.E-02);
#277 = AXIS2_PLACEMENT_3D('',#278,#279,#280);
#278 = CARTESIAN_POINT('',(-1.8525,-2.309778042507,0.225));
#279 = DIRECTION('',(1.,0.,0.));
#280 = DIRECTION('',(0.,-0.987753092715,-0.156025087188));
#281 = ADVANCED_FACE('',(#282),#300,.F.);
#282 = FACE_BOUND('',#283,.F.);
#283 = EDGE_LOOP('',(#284,#292,#293,#294));
#284 = ORIENTED_EDGE('',*,*,#285,.F.);
#285 = EDGE_CURVE('',#136,#286,#288,.T.);
#286 = VERTEX_POINT('',#287);
#287 = CARTESIAN_POINT('',(1.95,-2.45,0.997246420274));
#288 = LINE('',#289,#290);
#289 = CARTESIAN_POINT('',(1.95,-2.45,0.175));
#290 = VECTOR('',#291,1.);
#291 = DIRECTION('',(0.,0.,1.));
#292 = ORIENTED_EDGE('',*,*,#135,.F.);
#293 = ORIENTED_EDGE('',*,*,#198,.T.);
#294 = ORIENTED_EDGE('',*,*,#295,.T.);
#295 = EDGE_CURVE('',#199,#286,#296,.T.);
#296 = LINE('',#297,#298);
#297 = CARTESIAN_POINT('',(-1.95,-2.45,0.997246420274));
#298 = VECTOR('',#299,1.);
#299 = DIRECTION('',(1.,0.,0.));
#300 = PLANE('',#301);
#301 = AXIS2_PLACEMENT_3D('',#302,#303,#304);
#302 = CARTESIAN_POINT('',(-1.95,-2.45,0.175));
#303 = DIRECTION('',(0.,1.,0.));
#304 = DIRECTION('',(0.,-0.,1.));
#305 = ADVANCED_FACE('',(#306),#322,.F.);
#306 = FACE_BOUND('',#307,.F.);
#307 = EDGE_LOOP('',(#308,#309,#315,#316));
#308 = ORIENTED_EDGE('',*,*,#143,.F.);
#309 = ORIENTED_EDGE('',*,*,#310,.T.);
#310 = EDGE_CURVE('',#136,#231,#311,.T.);
#311 = LINE('',#312,#313);
#312 = CARTESIAN_POINT('',(1.95,-2.45,0.792246420274));
#313 = VECTOR('',#314,1.);
#314 = DIRECTION('',(0.,1.,0.));
#315 = ORIENTED_EDGE('',*,*,#238,.T.);
#316 = ORIENTED_EDGE('',*,*,#317,.F.);
#317 = EDGE_CURVE('',#144,#239,#318,.T.);
#318 = LINE('',#319,#320);
#319 = CARTESIAN_POINT('',(1.859165697143,-2.3525,0.217198745641));
#320 = VECTOR('',#321,1.);
#321 = DIRECTION('',(0.,1.,0.));
#322 = PLANE('',#323);
#323 = AXIS2_PLACEMENT_3D('',#324,#325,#326);
#324 = CARTESIAN_POINT('',(1.90125,-2.45,0.483623210137));
#325 = DIRECTION('',(-0.987753092715,0.,0.156025087188));
#326 = DIRECTION('',(0.,1.,0.));
#327 = ADVANCED_FACE('',(#328),#346,.F.);
#328 = FACE_BOUND('',#329,.F.);
#329 = EDGE_LOOP('',(#330,#331,#332,#340));
#330 = ORIENTED_EDGE('',*,*,#175,.F.);
#331 = ORIENTED_EDGE('',*,*,#261,.T.);
#332 = ORIENTED_EDGE('',*,*,#333,.T.);
#333 = EDGE_CURVE('',#262,#334,#336,.T.);
#334 = VERTEX_POINT('',#335);
#335 = CARTESIAN_POINT('',(1.809778042507,2.309778042507,0.175));
#336 = LINE('',#337,#338);
#337 = CARTESIAN_POINT('',(1.809778042507,-2.3525,0.175));
#338 = VECTOR('',#339,1.);
#339 = DIRECTION('',(0.,1.,0.));
#340 = ORIENTED_EDGE('',*,*,#341,.F.);
#341 = EDGE_CURVE('',#167,#334,#342,.T.);
#342 = LINE('',#343,#344);
#343 = CARTESIAN_POINT('',(-1.8525,2.309778042507,0.175));
#344 = VECTOR('',#345,1.);
#345 = DIRECTION('',(1.,0.,0.));
#346 = PLANE('',#347);
#347 = AXIS2_PLACEMENT_3D('',#348,#349,#350);
#348 = CARTESIAN_POINT('',(-1.95,-2.45,0.175));
#349 = DIRECTION('',(0.,0.,1.));
#350 = DIRECTION('',(1.,0.,-0.));
#351 = ADVANCED_FACE('',(#352),#364,.T.);
#352 = FACE_BOUND('',#353,.T.);
#353 = EDGE_LOOP('',(#354,#355,#356,#363));
#354 = ORIENTED_EDGE('',*,*,#166,.F.);
#355 = ORIENTED_EDGE('',*,*,#246,.T.);
#356 = ORIENTED_EDGE('',*,*,#357,.F.);
#357 = EDGE_CURVE('',#334,#239,#358,.T.);
#358 = ELLIPSE('',#359,7.071067811865E-02,5.E-02);
#359 = AXIS2_PLACEMENT_3D('',#360,#361,#362);
#360 = CARTESIAN_POINT('',(1.809778042507,2.309778042507,0.225));
#361 = DIRECTION('',(0.707106781187,-0.707106781187,0.));
#362 = DIRECTION('',(0.707106781187,0.707106781187,0.));
#363 = ORIENTED_EDGE('',*,*,#341,.F.);
#364 = CYLINDRICAL_SURFACE('',#365,5.E-02);
#365 = AXIS2_PLACEMENT_3D('',#366,#367,#368);
#366 = CARTESIAN_POINT('',(-1.8525,2.309778042507,0.225));
#367 = DIRECTION('',(1.,0.,0.));
#368 = DIRECTION('',(0.,0.,-1.));
#369 = ADVANCED_FACE('',(#370),#395,.F.);
#370 = FACE_BOUND('',#371,.F.);
#371 = EDGE_LOOP('',(#372,#380,#381,#389));
#372 = ORIENTED_EDGE('',*,*,#373,.F.);
#373 = EDGE_CURVE('',#199,#374,#376,.T.);
#374 = VERTEX_POINT('',#375);
#375 = CARTESIAN_POINT('',(-1.858144342698,-2.358144342698,
    1.706422572601));
#376 = LINE('',#377,#378);
#377 = CARTESIAN_POINT('',(-1.902041307658,-2.402041307658,
    1.367513880164));
#378 = VECTOR('',#379,1.);
#379 = DIRECTION('',(0.127404677944,0.127404677944,0.983634127141));
#380 = ORIENTED_EDGE('',*,*,#215,.T.);
#381 = ORIENTED_EDGE('',*,*,#382,.T.);
#382 = EDGE_CURVE('',#208,#383,#385,.T.);
#383 = VERTEX_POINT('',#384);
#384 = CARTESIAN_POINT('',(-1.858144342698,2.358144342698,1.706422572601
    ));
#385 = LINE('',#386,#387);
#386 = CARTESIAN_POINT('',(-1.862273025351,2.362273025351,1.674546873663
    ));
#387 = VECTOR('',#388,1.);
#388 = DIRECTION('',(0.127404677944,-0.127404677944,0.983634127141));
#389 = ORIENTED_EDGE('',*,*,#390,.F.);
#390 = EDGE_CURVE('',#374,#383,#391,.T.);
#391 = LINE('',#392,#393);
#392 = CARTESIAN_POINT('',(-1.858144342698,-2.3525,1.706422572601));
#393 = VECTOR('',#394,1.);
#394 = DIRECTION('',(0.,1.,0.));
#395 = PLANE('',#396);
#396 = AXIS2_PLACEMENT_3D('',#397,#398,#399);
#397 = CARTESIAN_POINT('',(-1.90125,-2.45,1.373623210137));
#398 = DIRECTION('',(0.991715798238,-1.739713553151E-18,-0.128451452019)
  );
#399 = DIRECTION('',(1.725301415069E-18,1.,-2.234687319991E-19));
#400 = ADVANCED_FACE('',(#401),#419,.T.);
#401 = FACE_BOUND('',#402,.T.);
#402 = EDGE_LOOP('',(#403,#411,#412,#413));
#403 = ORIENTED_EDGE('',*,*,#404,.F.);
#404 = EDGE_CURVE('',#231,#405,#407,.T.);
#405 = VERTEX_POINT('',#406);
#406 = CARTESIAN_POINT('',(1.95,2.45,0.997246420274));
#407 = LINE('',#408,#409);
#408 = CARTESIAN_POINT('',(1.95,2.45,0.175));
#409 = VECTOR('',#410,1.);
#410 = DIRECTION('',(0.,0.,1.));
#411 = ORIENTED_EDGE('',*,*,#230,.F.);
#412 = ORIENTED_EDGE('',*,*,#207,.T.);
#413 = ORIENTED_EDGE('',*,*,#414,.T.);
#414 = EDGE_CURVE('',#208,#405,#415,.T.);
#415 = LINE('',#416,#417);
#416 = CARTESIAN_POINT('',(-1.95,2.45,0.997246420274));
#417 = VECTOR('',#418,1.);
#418 = DIRECTION('',(1.,0.,0.));
#419 = PLANE('',#420);
#420 = AXIS2_PLACEMENT_3D('',#421,#422,#423);
#421 = CARTESIAN_POINT('',(-1.95,2.45,0.175));
#422 = DIRECTION('',(0.,1.,0.));
#423 = DIRECTION('',(0.,-0.,1.));
#424 = ADVANCED_FACE('',(#425),#431,.T.);
#425 = FACE_BOUND('',#426,.T.);
#426 = EDGE_LOOP('',(#427,#428,#429,#430));
#427 = ORIENTED_EDGE('',*,*,#333,.T.);
#428 = ORIENTED_EDGE('',*,*,#357,.T.);
#429 = ORIENTED_EDGE('',*,*,#317,.F.);
#430 = ORIENTED_EDGE('',*,*,#269,.T.);
#431 = CYLINDRICAL_SURFACE('',#432,5.E-02);
#432 = AXIS2_PLACEMENT_3D('',#433,#434,#435);
#433 = CARTESIAN_POINT('',(1.809778042507,-2.3525,0.225));
#434 = DIRECTION('',(0.,1.,0.));
#435 = DIRECTION('',(0.,0.,-1.));
#436 = ADVANCED_FACE('',(#437),#448,.T.);
#437 = FACE_BOUND('',#438,.T.);
#438 = EDGE_LOOP('',(#439,#440,#441,#442));
#439 = ORIENTED_EDGE('',*,*,#285,.F.);
#440 = ORIENTED_EDGE('',*,*,#310,.T.);
#441 = ORIENTED_EDGE('',*,*,#404,.T.);
#442 = ORIENTED_EDGE('',*,*,#443,.F.);
#443 = EDGE_CURVE('',#286,#405,#444,.T.);
#444 = LINE('',#445,#446);
#445 = CARTESIAN_POINT('',(1.95,-2.45,0.997246420274));
#446 = VECTOR('',#447,1.);
#447 = DIRECTION('',(0.,1.,0.));
#448 = PLANE('',#449);
#449 = AXIS2_PLACEMENT_3D('',#450,#451,#452);
#450 = CARTESIAN_POINT('',(1.95,-2.45,0.175));
#451 = DIRECTION('',(1.,0.,0.));
#452 = DIRECTION('',(0.,0.,1.));
#453 = ADVANCED_FACE('',(#454),#472,.F.);
#454 = FACE_BOUND('',#455,.T.);
#455 = EDGE_LOOP('',(#456,#457,#458,#466));
#456 = ORIENTED_EDGE('',*,*,#373,.F.);
#457 = ORIENTED_EDGE('',*,*,#295,.T.);
#458 = ORIENTED_EDGE('',*,*,#459,.T.);
#459 = EDGE_CURVE('',#286,#460,#462,.T.);
#460 = VERTEX_POINT('',#461);
#461 = CARTESIAN_POINT('',(1.858144342698,-2.358144342698,1.706422572601
    ));
#462 = LINE('',#463,#464);
#463 = CARTESIAN_POINT('',(1.870389001332,-2.370389001332,1.611887079072
    ));
#464 = VECTOR('',#465,1.);
#465 = DIRECTION('',(-0.127404677944,0.127404677944,0.983634127141));
#466 = ORIENTED_EDGE('',*,*,#467,.F.);
#467 = EDGE_CURVE('',#374,#460,#468,.T.);
#468 = LINE('',#469,#470);
#469 = CARTESIAN_POINT('',(-1.8525,-2.358144342698,1.706422572601));
#470 = VECTOR('',#471,1.);
#471 = DIRECTION('',(1.,0.,0.));
#472 = PLANE('',#473);
#473 = AXIS2_PLACEMENT_3D('',#474,#475,#476);
#474 = CARTESIAN_POINT('',(-1.95,-2.40125,1.373623210137));
#475 = DIRECTION('',(0.,0.991715798238,-0.128451452019));
#476 = DIRECTION('',(-1.,0.,-0.));
#477 = ADVANCED_FACE('',(#478),#505,.T.);
#478 = FACE_BOUND('',#479,.T.);
#479 = EDGE_LOOP('',(#480,#489,#497,#504));
#480 = ORIENTED_EDGE('',*,*,#481,.T.);
#481 = EDGE_CURVE('',#374,#482,#484,.T.);
#482 = VERTEX_POINT('',#483);
#483 = CARTESIAN_POINT('',(-1.808558552786,-2.308558552786,1.75));
#484 = ELLIPSE('',#485,7.071067811865E-02,5.E-02);
#485 = AXIS2_PLACEMENT_3D('',#486,#487,#488);
#486 = CARTESIAN_POINT('',(-1.808558552786,-2.308558552786,1.7));
#487 = DIRECTION('',(-0.707106781187,0.707106781187,0.));
#488 = DIRECTION('',(0.707106781187,0.707106781187,0.));
#489 = ORIENTED_EDGE('',*,*,#490,.T.);
#490 = EDGE_CURVE('',#482,#491,#493,.T.);
#491 = VERTEX_POINT('',#492);
#492 = CARTESIAN_POINT('',(-1.808558552786,2.308558552786,1.75));
#493 = LINE('',#494,#495);
#494 = CARTESIAN_POINT('',(-1.808558552786,-2.3525,1.75));
#495 = VECTOR('',#496,1.);
#496 = DIRECTION('',(0.,1.,0.));
#497 = ORIENTED_EDGE('',*,*,#498,.F.);
#498 = EDGE_CURVE('',#383,#491,#499,.T.);
#499 = ELLIPSE('',#500,7.071067811865E-02,5.E-02);
#500 = AXIS2_PLACEMENT_3D('',#501,#502,#503);
#501 = CARTESIAN_POINT('',(-1.808558552786,2.308558552786,1.7));
#502 = DIRECTION('',(0.707106781187,0.707106781187,-0.));
#503 = DIRECTION('',(-0.707106781187,0.707106781187,0.));
#504 = ORIENTED_EDGE('',*,*,#390,.F.);
#505 = CYLINDRICAL_SURFACE('',#506,5.E-02);
#506 = AXIS2_PLACEMENT_3D('',#507,#508,#509);
#507 = CARTESIAN_POINT('',(-1.808558552786,-2.3525,1.7));
#508 = DIRECTION('',(0.,1.,0.));
#509 = DIRECTION('',(-0.991715798238,0.,0.128451452019));
#510 = ADVANCED_FACE('',(#511),#529,.T.);
#511 = FACE_BOUND('',#512,.F.);
#512 = EDGE_LOOP('',(#513,#514,#515,#523));
#513 = ORIENTED_EDGE('',*,*,#382,.F.);
#514 = ORIENTED_EDGE('',*,*,#414,.T.);
#515 = ORIENTED_EDGE('',*,*,#516,.T.);
#516 = EDGE_CURVE('',#405,#517,#519,.T.);
#517 = VERTEX_POINT('',#518);
#518 = CARTESIAN_POINT('',(1.858144342698,2.358144342698,1.706422572601)
  );
#519 = LINE('',#520,#521);
#520 = CARTESIAN_POINT('',(1.830620719025,2.330620719025,1.91892007257)
  );
#521 = VECTOR('',#522,1.);
#522 = DIRECTION('',(-0.127404677944,-0.127404677944,0.983634127141));
#523 = ORIENTED_EDGE('',*,*,#524,.F.);
#524 = EDGE_CURVE('',#383,#517,#525,.T.);
#525 = LINE('',#526,#527);
#526 = CARTESIAN_POINT('',(-1.8525,2.358144342698,1.706422572601));
#527 = VECTOR('',#528,1.);
#528 = DIRECTION('',(1.,0.,0.));
#529 = PLANE('',#530);
#530 = AXIS2_PLACEMENT_3D('',#531,#532,#533);
#531 = CARTESIAN_POINT('',(-1.95,2.40125,1.373623210137));
#532 = DIRECTION('',(0.,0.991715798238,0.128451452019));
#533 = DIRECTION('',(-1.,0.,0.));
#534 = ADVANCED_FACE('',(#535),#546,.T.);
#535 = FACE_BOUND('',#536,.T.);
#536 = EDGE_LOOP('',(#537,#538,#539,#540));
#537 = ORIENTED_EDGE('',*,*,#459,.F.);
#538 = ORIENTED_EDGE('',*,*,#443,.T.);
#539 = ORIENTED_EDGE('',*,*,#516,.T.);
#540 = ORIENTED_EDGE('',*,*,#541,.F.);
#541 = EDGE_CURVE('',#460,#517,#542,.T.);
#542 = LINE('',#543,#544);
#543 = CARTESIAN_POINT('',(1.858144342698,-2.3525,1.706422572601));
#544 = VECTOR('',#545,1.);
#545 = DIRECTION('',(0.,1.,0.));
#546 = PLANE('',#547);
#547 = AXIS2_PLACEMENT_3D('',#548,#549,#550);
#548 = CARTESIAN_POINT('',(1.90125,-2.45,1.373623210137));
#549 = DIRECTION('',(0.991715798238,1.739713553151E-18,0.128451452019));
#550 = DIRECTION('',(-1.725301415069E-18,1.,-2.234687319991E-19));
#551 = ADVANCED_FACE('',(#552),#571,.T.);
#552 = FACE_BOUND('',#553,.T.);
#553 = EDGE_LOOP('',(#554,#555,#564,#570));
#554 = ORIENTED_EDGE('',*,*,#467,.T.);
#555 = ORIENTED_EDGE('',*,*,#556,.T.);
#556 = EDGE_CURVE('',#460,#557,#559,.T.);
#557 = VERTEX_POINT('',#558);
#558 = CARTESIAN_POINT('',(1.808558552786,-2.308558552786,1.75));
#559 = ELLIPSE('',#560,7.071067811865E-02,5.E-02);
#560 = AXIS2_PLACEMENT_3D('',#561,#562,#563);
#561 = CARTESIAN_POINT('',(1.808558552786,-2.308558552786,1.7));
#562 = DIRECTION('',(-0.707106781187,-0.707106781187,0.));
#563 = DIRECTION('',(0.707106781187,-0.707106781187,0.));
#564 = ORIENTED_EDGE('',*,*,#565,.F.);
#565 = EDGE_CURVE('',#482,#557,#566,.T.);
#566 = LINE('',#567,#568);
#567 = CARTESIAN_POINT('',(-1.8525,-2.308558552786,1.75));
#568 = VECTOR('',#569,1.);
#569 = DIRECTION('',(1.,0.,0.));
#570 = ORIENTED_EDGE('',*,*,#481,.F.);
#571 = CYLINDRICAL_SURFACE('',#572,5.E-02);
#572 = AXIS2_PLACEMENT_3D('',#573,#574,#575);
#573 = CARTESIAN_POINT('',(-1.8525,-2.308558552786,1.7));
#574 = DIRECTION('',(1.,0.,0.));
#575 = DIRECTION('',(0.,-0.991715798238,0.128451452019));
#576 = ADVANCED_FACE('',(#577,#595),#606,.T.);
#577 = FACE_BOUND('',#578,.T.);
#578 = EDGE_LOOP('',(#579,#580,#581,#589));
#579 = ORIENTED_EDGE('',*,*,#490,.F.);
#580 = ORIENTED_EDGE('',*,*,#565,.T.);
#581 = ORIENTED_EDGE('',*,*,#582,.T.);
#582 = EDGE_CURVE('',#557,#583,#585,.T.);
#583 = VERTEX_POINT('',#584);
#584 = CARTESIAN_POINT('',(1.808558552786,2.308558552786,1.75));
#585 = LINE('',#586,#587);
#586 = CARTESIAN_POINT('',(1.808558552786,-2.3525,1.75));
#587 = VECTOR('',#588,1.);
#588 = DIRECTION('',(0.,1.,0.));
#589 = ORIENTED_EDGE('',*,*,#590,.F.);
#590 = EDGE_CURVE('',#491,#583,#591,.T.);
#591 = LINE('',#592,#593);
#592 = CARTESIAN_POINT('',(-1.8525,2.308558552786,1.75));
#593 = VECTOR('',#594,1.);
#594 = DIRECTION('',(1.,0.,0.));
#595 = FACE_BOUND('',#596,.T.);
#596 = EDGE_LOOP('',(#597));
#597 = ORIENTED_EDGE('',*,*,#598,.F.);
#598 = EDGE_CURVE('',#599,#599,#601,.T.);
#599 = VERTEX_POINT('',#600);
#600 = CARTESIAN_POINT('',(-1.07125,1.815,1.75));
#601 = CIRCLE('',#602,0.24375);
#602 = AXIS2_PLACEMENT_3D('',#603,#604,#605);
#603 = CARTESIAN_POINT('',(-1.315,1.815,1.75));
#604 = DIRECTION('',(0.,0.,1.));
#605 = DIRECTION('',(1.,0.,-0.));
#606 = PLANE('',#607);
#607 = AXIS2_PLACEMENT_3D('',#608,#609,#610);
#608 = CARTESIAN_POINT('',(-1.95,-2.45,1.75));
#609 = DIRECTION('',(0.,0.,1.));
#610 = DIRECTION('',(1.,0.,-0.));
#611 = ADVANCED_FACE('',(#612),#624,.T.);
#612 = FACE_BOUND('',#613,.T.);
#613 = EDGE_LOOP('',(#614,#615,#622,#623));
#614 = ORIENTED_EDGE('',*,*,#590,.T.);
#615 = ORIENTED_EDGE('',*,*,#616,.T.);
#616 = EDGE_CURVE('',#583,#517,#617,.T.);
#617 = ELLIPSE('',#618,7.071067811865E-02,5.E-02);
#618 = AXIS2_PLACEMENT_3D('',#619,#620,#621);
#619 = CARTESIAN_POINT('',(1.808558552786,2.308558552786,1.7));
#620 = DIRECTION('',(-0.707106781187,0.707106781187,0.));
#621 = DIRECTION('',(0.707106781187,0.707106781187,0.));
#622 = ORIENTED_EDGE('',*,*,#524,.F.);
#623 = ORIENTED_EDGE('',*,*,#498,.T.);
#624 = CYLINDRICAL_SURFACE('',#625,5.E-02);
#625 = AXIS2_PLACEMENT_3D('',#626,#627,#628);
#626 = CARTESIAN_POINT('',(-1.8525,2.308558552786,1.7));
#627 = DIRECTION('',(1.,0.,0.));
#628 = DIRECTION('',(0.,0.,1.));
#629 = ADVANCED_FACE('',(#630),#636,.T.);
#630 = FACE_BOUND('',#631,.T.);
#631 = EDGE_LOOP('',(#632,#633,#634,#635));
#632 = ORIENTED_EDGE('',*,*,#556,.F.);
#633 = ORIENTED_EDGE('',*,*,#541,.T.);
#634 = ORIENTED_EDGE('',*,*,#616,.F.);
#635 = ORIENTED_EDGE('',*,*,#582,.F.);
#636 = CYLINDRICAL_SURFACE('',#637,5.E-02);
#637 = AXIS2_PLACEMENT_3D('',#638,#639,#640);
#638 = CARTESIAN_POINT('',(1.808558552786,-2.3525,1.7));
#639 = DIRECTION('',(0.,1.,0.));
#640 = DIRECTION('',(0.,-0.,1.));
#641 = ADVANCED_FACE('',(#642),#661,.F.);
#642 = FACE_BOUND('',#643,.F.);
#643 = EDGE_LOOP('',(#644,#653,#659,#660));
#644 = ORIENTED_EDGE('',*,*,#645,.T.);
#645 = EDGE_CURVE('',#646,#646,#648,.T.);
#646 = VERTEX_POINT('',#647);
#647 = CARTESIAN_POINT('',(-1.07125,1.815,1.575));
#648 = CIRCLE('',#649,0.24375);
#649 = AXIS2_PLACEMENT_3D('',#650,#651,#652);
#650 = CARTESIAN_POINT('',(-1.315,1.815,1.575));
#651 = DIRECTION('',(0.,0.,1.));
#652 = DIRECTION('',(1.,0.,-0.));
#653 = ORIENTED_EDGE('',*,*,#654,.T.);
#654 = EDGE_CURVE('',#646,#599,#655,.T.);
#655 = LINE('',#656,#657);
#656 = CARTESIAN_POINT('',(-1.07125,1.815,1.575));
#657 = VECTOR('',#658,1.);
#658 = DIRECTION('',(0.,0.,1.));
#659 = ORIENTED_EDGE('',*,*,#598,.F.);
#660 = ORIENTED_EDGE('',*,*,#654,.F.);
#661 = CYLINDRICAL_SURFACE('',#662,0.24375);
#662 = AXIS2_PLACEMENT_3D('',#663,#664,#665);
#663 = CARTESIAN_POINT('',(-1.315,1.815,1.575));
#664 = DIRECTION('',(0.,0.,1.));
#665 = DIRECTION('',(1.,0.,-0.));
#666 = ADVANCED_FACE('',(#667),#670,.T.);
#667 = FACE_BOUND('',#668,.T.);
#668 = EDGE_LOOP('',(#669));
#669 = ORIENTED_EDGE('',*,*,#645,.T.);
#670 = PLANE('',#671);
#671 = AXIS2_PLACEMENT_3D('',#672,#673,#674);
#672 = CARTESIAN_POINT('',(-1.315,1.815,1.575));
#673 = DIRECTION('',(0.,0.,1.));
#674 = DIRECTION('',(1.,0.,-0.));
#675 = ( GEOMETRIC_REPRESENTATION_CONTEXT(3) 
GLOBAL_UNCERTAINTY_ASSIGNED_CONTEXT((#679)) GLOBAL_UNIT_ASSIGNED_CONTEXT
((#676,#677,#678)) REPRESENTATION_CONTEXT('Context #1',
  '3D Context with UNIT and UNCERTAINTY') );
#676 = ( LENGTH_UNIT() NAMED_UNIT(*) SI_UNIT(.MILLI.,.METRE.) );
#677 = ( NAMED_UNIT(*) PLANE_ANGLE_UNIT() SI_UNIT($,.RADIAN.) );
#678 = ( NAMED_UNIT(*) SI_UNIT($,.STERADIAN.) SOLID_ANGLE_UNIT() );
#679 = UNCERTAINTY_MEASURE_WITH_UNIT(LENGTH_MEASURE(1.E-07),#676,
  'distance_accuracy_value','confusion accuracy');
#680 = CONTEXT_DEPENDENT_SHAPE_REPRESENTATION(#681,#683);
#681 = ( REPRESENTATION_RELATIONSHIP('','',#87,#60) 
REPRESENTATION_RELATIONSHIP_WITH_TRANSFORMATION(#682) 
SHAPE_REPRESENTATION_RELATIONSHIP() );
#682 = ITEM_DEFINED_TRANSFORMATION('','',#11,#61);
#683 = PRODUCT_DEFINITION_SHAPE('Placement','Placement of an item',#684
  );
#684 = NEXT_ASSEMBLY_USAGE_OCCURRENCE('1','=>[0:1:1:2]','',#55,#82,$);
#685 = PRODUCT_RELATED_PRODUCT_CATEGORY('part',$,(#84));
#686 = SHAPE_DEFINITION_REPRESENTATION(#687,#693);
#687 = PRODUCT_DEFINITION_SHAPE('','',#688);
#688 = PRODUCT_DEFINITION('design','',#689,#692);
#689 = PRODUCT_DEFINITION_FORMATION('','',#690);
#690 = PRODUCT('PinsArrayLR','PinsArrayLR','',(#691));
#691 = PRODUCT_CONTEXT('',#2,'mechanical');
#692 = PRODUCT_DEFINITION_CONTEXT('part definition',#2,'design');
#693 = SHAPE_REPRESENTATION('',(#11,#694,#1081,#1468,#1855,#2242,#2629,
    #3016,#3403),#3790);
#694 = MANIFOLD_SOLID_BREP('',#695);
#695 = CLOSED_SHELL('',(#696,#736,#826,#851,#875,#950,#967,#984,#1001,
    #1018,#1035,#1052,#1069));
#696 = ADVANCED_FACE('',(#697),#731,.T.);
#697 = FACE_BOUND('',#698,.T.);
#698 = EDGE_LOOP('',(#699,#709,#717,#725));
#699 = ORIENTED_EDGE('',*,*,#700,.F.);
#700 = EDGE_CURVE('',#701,#703,#705,.T.);
#701 = VERTEX_POINT('',#702);
#702 = CARTESIAN_POINT('',(-3.,2.11,0.205));
#703 = VERTEX_POINT('',#704);
#704 = CARTESIAN_POINT('',(-2.754632601552,2.11,0.205));
#705 = LINE('',#706,#707);
#706 = CARTESIAN_POINT('',(-3.,2.11,0.205));
#707 = VECTOR('',#708,1.);
#708 = DIRECTION('',(1.,0.,0.));
#709 = ORIENTED_EDGE('',*,*,#710,.F.);
#710 = EDGE_CURVE('',#711,#701,#713,.T.);
#711 = VERTEX_POINT('',#712);
#712 = CARTESIAN_POINT('',(-3.,1.7,0.205));
#713 = LINE('',#714,#715);
#714 = CARTESIAN_POINT('',(-3.,1.7,0.205));
#715 = VECTOR('',#716,1.);
#716 = DIRECTION('',(0.,1.,0.));
#717 = ORIENTED_EDGE('',*,*,#718,.T.);
#718 = EDGE_CURVE('',#711,#719,#721,.T.);
#719 = VERTEX_POINT('',#720);
#720 = CARTESIAN_POINT('',(-2.754632601552,1.7,0.205));
#721 = LINE('',#722,#723);
#722 = CARTESIAN_POINT('',(-3.,1.7,0.205));
#723 = VECTOR('',#724,1.);
#724 = DIRECTION('',(1.,0.,0.));
#725 = ORIENTED_EDGE('',*,*,#726,.T.);
#726 = EDGE_CURVE('',#719,#703,#727,.T.);
#727 = LINE('',#728,#729);
#728 = CARTESIAN_POINT('',(-2.754632601552,1.7,0.205));
#729 = VECTOR('',#730,1.);
#730 = DIRECTION('',(0.,1.,0.));
#731 = PLANE('',#732);
#732 = AXIS2_PLACEMENT_3D('',#733,#734,#735);
#733 = CARTESIAN_POINT('',(-3.,1.7,0.205));
#734 = DIRECTION('',(0.,0.,1.));
#735 = DIRECTION('',(1.,0.,-0.));
#736 = ADVANCED_FACE('',(#737),#821,.T.);
#737 = FACE_BOUND('',#738,.T.);
#738 = EDGE_LOOP('',(#739,#749,#755,#756,#765,#773,#782,#790,#798,#806,
    #814));
#739 = ORIENTED_EDGE('',*,*,#740,.F.);
#740 = EDGE_CURVE('',#741,#743,#745,.T.);
#741 = VERTEX_POINT('',#742);
#742 = CARTESIAN_POINT('',(-3.,2.11,0.));
#743 = VERTEX_POINT('',#744);
#744 = CARTESIAN_POINT('',(-2.651544200517,2.11,-1.387778780781E-17));
#745 = LINE('',#746,#747);
#746 = CARTESIAN_POINT('',(-3.,2.11,0.));
#747 = VECTOR('',#748,1.);
#748 = DIRECTION('',(1.,0.,0.));
#749 = ORIENTED_EDGE('',*,*,#750,.T.);
#750 = EDGE_CURVE('',#741,#701,#751,.T.);
#751 = LINE('',#752,#753);
#752 = CARTESIAN_POINT('',(-3.,2.11,0.));
#753 = VECTOR('',#754,1.);
#754 = DIRECTION('',(0.,0.,1.));
#755 = ORIENTED_EDGE('',*,*,#700,.T.);
#756 = ORIENTED_EDGE('',*,*,#757,.T.);
#757 = EDGE_CURVE('',#703,#758,#760,.T.);
#758 = VERTEX_POINT('',#759);
#759 = CARTESIAN_POINT('',(-2.672351357136,2.11,0.246376789863));
#760 = CIRCLE('',#761,0.1025);
#761 = AXIS2_PLACEMENT_3D('',#762,#763,#764);
#762 = CARTESIAN_POINT('',(-2.754632601552,2.11,0.3075));
#763 = DIRECTION('',(0.,-1.,0.));
#764 = DIRECTION('',(0.,0.,1.));
#765 = ORIENTED_EDGE('',*,*,#766,.T.);
#766 = EDGE_CURVE('',#758,#767,#769,.T.);
#767 = VERTEX_POINT('',#768);
#768 = CARTESIAN_POINT('',(-2.145299532729,2.11,0.955869630411));
#769 = LINE('',#770,#771);
#770 = CARTESIAN_POINT('',(-2.764562488831,2.11,0.122246420274));
#771 = VECTOR('',#772,1.);
#772 = DIRECTION('',(0.596324001338,0.,0.802743847954));
#773 = ORIENTED_EDGE('',*,*,#774,.T.);
#774 = EDGE_CURVE('',#767,#775,#777,.T.);
#775 = VERTEX_POINT('',#776);
#776 = CARTESIAN_POINT('',(-2.063018288313,2.11,0.997246420274));
#777 = CIRCLE('',#778,0.1025);
#778 = AXIS2_PLACEMENT_3D('',#779,#780,#781);
#779 = CARTESIAN_POINT('',(-2.063018288313,2.11,0.894746420274));
#780 = DIRECTION('',(0.,1.,0.));
#781 = DIRECTION('',(0.,-0.,1.));
#782 = ORIENTED_EDGE('',*,*,#783,.T.);
#783 = EDGE_CURVE('',#775,#784,#786,.T.);
#784 = VERTEX_POINT('',#785);
#785 = CARTESIAN_POINT('',(-1.95,2.11,0.997246420274));
#786 = LINE('',#787,#788);
#787 = CARTESIAN_POINT('',(-2.114562488831,2.11,0.997246420274));
#788 = VECTOR('',#789,1.);
#789 = DIRECTION('',(1.,0.,0.));
#790 = ORIENTED_EDGE('',*,*,#791,.F.);
#791 = EDGE_CURVE('',#792,#784,#794,.T.);
#792 = VERTEX_POINT('',#793);
#793 = CARTESIAN_POINT('',(-1.95,2.11,0.792246420274));
#794 = LINE('',#795,#796);
#795 = CARTESIAN_POINT('',(-1.95,2.11,0.792246420274));
#796 = VECTOR('',#797,1.);
#797 = DIRECTION('',(0.,0.,1.));
#798 = ORIENTED_EDGE('',*,*,#799,.F.);
#799 = EDGE_CURVE('',#800,#792,#802,.T.);
#800 = VERTEX_POINT('',#801);
#801 = CARTESIAN_POINT('',(-2.011474087796,2.11,0.792246420274));
#802 = LINE('',#803,#804);
#803 = CARTESIAN_POINT('',(-2.114562488831,2.11,0.792246420274));
#804 = VECTOR('',#805,1.);
#805 = DIRECTION('',(1.,0.,0.));
#806 = ORIENTED_EDGE('',*,*,#807,.F.);
#807 = EDGE_CURVE('',#808,#800,#810,.T.);
#808 = VERTEX_POINT('',#809);
#809 = CARTESIAN_POINT('',(-2.569262956102,2.11,4.13767898629E-02));
#810 = LINE('',#811,#812);
#811 = CARTESIAN_POINT('',(-2.6,2.11,0.));
#812 = VECTOR('',#813,1.);
#813 = DIRECTION('',(0.596324001338,0.,0.802743847954));
#814 = ORIENTED_EDGE('',*,*,#815,.F.);
#815 = EDGE_CURVE('',#743,#808,#816,.T.);
#816 = CIRCLE('',#817,0.1025);
#817 = AXIS2_PLACEMENT_3D('',#818,#819,#820);
#818 = CARTESIAN_POINT('',(-2.651544200517,2.11,0.1025));
#819 = DIRECTION('',(0.,-1.,0.));
#820 = DIRECTION('',(0.,0.,1.));
#821 = PLANE('',#822);
#822 = AXIS2_PLACEMENT_3D('',#823,#824,#825);
#823 = CARTESIAN_POINT('',(-2.446634874817,2.11,0.442216760875));
#824 = DIRECTION('',(0.,1.,0.));
#825 = DIRECTION('',(0.,-0.,1.));
#826 = ADVANCED_FACE('',(#827),#846,.F.);
#827 = FACE_BOUND('',#828,.F.);
#828 = EDGE_LOOP('',(#829,#830,#831,#839));
#829 = ORIENTED_EDGE('',*,*,#726,.T.);
#830 = ORIENTED_EDGE('',*,*,#757,.T.);
#831 = ORIENTED_EDGE('',*,*,#832,.F.);
#832 = EDGE_CURVE('',#833,#758,#835,.T.);
#833 = VERTEX_POINT('',#834);
#834 = CARTESIAN_POINT('',(-2.672351357136,1.7,0.246376789863));
#835 = LINE('',#836,#837);
#836 = CARTESIAN_POINT('',(-2.672351357136,1.7,0.246376789863));
#837 = VECTOR('',#838,1.);
#838 = DIRECTION('',(0.,1.,0.));
#839 = ORIENTED_EDGE('',*,*,#840,.F.);
#840 = EDGE_CURVE('',#719,#833,#841,.T.);
#841 = CIRCLE('',#842,0.1025);
#842 = AXIS2_PLACEMENT_3D('',#843,#844,#845);
#843 = CARTESIAN_POINT('',(-2.754632601552,1.7,0.3075));
#844 = DIRECTION('',(0.,-1.,0.));
#845 = DIRECTION('',(0.,0.,1.));
#846 = CYLINDRICAL_SURFACE('',#847,0.1025);
#847 = AXIS2_PLACEMENT_3D('',#848,#849,#850);
#848 = CARTESIAN_POINT('',(-2.754632601552,1.7,0.3075));
#849 = DIRECTION('',(0.,1.,0.));
#850 = DIRECTION('',(0.,0.,-1.));
#851 = ADVANCED_FACE('',(#852),#870,.F.);
#852 = FACE_BOUND('',#853,.F.);
#853 = EDGE_LOOP('',(#854,#862,#868,#869));
#854 = ORIENTED_EDGE('',*,*,#855,.F.);
#855 = EDGE_CURVE('',#856,#711,#858,.T.);
#856 = VERTEX_POINT('',#857);
#857 = CARTESIAN_POINT('',(-3.,1.7,0.));
#858 = LINE('',#859,#860);
#859 = CARTESIAN_POINT('',(-3.,1.7,0.));
#860 = VECTOR('',#861,1.);
#861 = DIRECTION('',(0.,0.,1.));
#862 = ORIENTED_EDGE('',*,*,#863,.T.);
#863 = EDGE_CURVE('',#856,#741,#864,.T.);
#864 = LINE('',#865,#866);
#865 = CARTESIAN_POINT('',(-3.,1.7,0.));
#866 = VECTOR('',#867,1.);
#867 = DIRECTION('',(0.,1.,0.));
#868 = ORIENTED_EDGE('',*,*,#750,.T.);
#869 = ORIENTED_EDGE('',*,*,#710,.F.);
#870 = PLANE('',#871);
#871 = AXIS2_PLACEMENT_3D('',#872,#873,#874);
#872 = CARTESIAN_POINT('',(-3.,1.7,0.));
#873 = DIRECTION('',(1.,0.,0.));
#874 = DIRECTION('',(0.,0.,1.));
#875 = ADVANCED_FACE('',(#876),#945,.T.);
#876 = FACE_BOUND('',#877,.T.);
#877 = EDGE_LOOP('',(#878,#886,#895,#903,#911,#919,#927,#936,#942,#943,
    #944));
#878 = ORIENTED_EDGE('',*,*,#879,.T.);
#879 = EDGE_CURVE('',#856,#880,#882,.T.);
#880 = VERTEX_POINT('',#881);
#881 = CARTESIAN_POINT('',(-2.651544200517,1.7,-1.387778780781E-17));
#882 = LINE('',#883,#884);
#883 = CARTESIAN_POINT('',(-3.,1.7,0.));
#884 = VECTOR('',#885,1.);
#885 = DIRECTION('',(1.,0.,0.));
#886 = ORIENTED_EDGE('',*,*,#887,.T.);
#887 = EDGE_CURVE('',#880,#888,#890,.T.);
#888 = VERTEX_POINT('',#889);
#889 = CARTESIAN_POINT('',(-2.569262956102,1.7,4.13767898629E-02));
#890 = CIRCLE('',#891,0.1025);
#891 = AXIS2_PLACEMENT_3D('',#892,#893,#894);
#892 = CARTESIAN_POINT('',(-2.651544200517,1.7,0.1025));
#893 = DIRECTION('',(0.,-1.,0.));
#894 = DIRECTION('',(0.,0.,1.));
#895 = ORIENTED_EDGE('',*,*,#896,.T.);
#896 = EDGE_CURVE('',#888,#897,#899,.T.);
#897 = VERTEX_POINT('',#898);
#898 = CARTESIAN_POINT('',(-2.011474087796,1.7,0.792246420274));
#899 = LINE('',#900,#901);
#900 = CARTESIAN_POINT('',(-2.6,1.7,0.));
#901 = VECTOR('',#902,1.);
#902 = DIRECTION('',(0.596324001338,0.,0.802743847954));
#903 = ORIENTED_EDGE('',*,*,#904,.T.);
#904 = EDGE_CURVE('',#897,#905,#907,.T.);
#905 = VERTEX_POINT('',#906);
#906 = CARTESIAN_POINT('',(-1.95,1.7,0.792246420274));
#907 = LINE('',#908,#909);
#908 = CARTESIAN_POINT('',(-2.114562488831,1.7,0.792246420274));
#909 = VECTOR('',#910,1.);
#910 = DIRECTION('',(1.,0.,0.));
#911 = ORIENTED_EDGE('',*,*,#912,.T.);
#912 = EDGE_CURVE('',#905,#913,#915,.T.);
#913 = VERTEX_POINT('',#914);
#914 = CARTESIAN_POINT('',(-1.95,1.7,0.997246420274));
#915 = LINE('',#916,#917);
#916 = CARTESIAN_POINT('',(-1.95,1.7,0.792246420274));
#917 = VECTOR('',#918,1.);
#918 = DIRECTION('',(0.,0.,1.));
#919 = ORIENTED_EDGE('',*,*,#920,.F.);
#920 = EDGE_CURVE('',#921,#913,#923,.T.);
#921 = VERTEX_POINT('',#922);
#922 = CARTESIAN_POINT('',(-2.063018288313,1.7,0.997246420274));
#923 = LINE('',#924,#925);
#924 = CARTESIAN_POINT('',(-2.114562488831,1.7,0.997246420274));
#925 = VECTOR('',#926,1.);
#926 = DIRECTION('',(1.,0.,0.));
#927 = ORIENTED_EDGE('',*,*,#928,.F.);
#928 = EDGE_CURVE('',#929,#921,#931,.T.);
#929 = VERTEX_POINT('',#930);
#930 = CARTESIAN_POINT('',(-2.145299532729,1.7,0.955869630411));
#931 = CIRCLE('',#932,0.1025);
#932 = AXIS2_PLACEMENT_3D('',#933,#934,#935);
#933 = CARTESIAN_POINT('',(-2.063018288313,1.7,0.894746420274));
#934 = DIRECTION('',(0.,1.,0.));
#935 = DIRECTION('',(0.,-0.,1.));
#936 = ORIENTED_EDGE('',*,*,#937,.F.);
#937 = EDGE_CURVE('',#833,#929,#938,.T.);
#938 = LINE('',#939,#940);
#939 = CARTESIAN_POINT('',(-2.764562488831,1.7,0.122246420274));
#940 = VECTOR('',#941,1.);
#941 = DIRECTION('',(0.596324001338,0.,0.802743847954));
#942 = ORIENTED_EDGE('',*,*,#840,.F.);
#943 = ORIENTED_EDGE('',*,*,#718,.F.);
#944 = ORIENTED_EDGE('',*,*,#855,.F.);
#945 = PLANE('',#946);
#946 = AXIS2_PLACEMENT_3D('',#947,#948,#949);
#947 = CARTESIAN_POINT('',(-2.446634874817,1.7,0.442216760875));
#948 = DIRECTION('',(-5.228471109991E-30,-1.,4.246270291376E-30));
#949 = DIRECTION('',(-1.,5.228471109991E-30,0.));
#950 = ADVANCED_FACE('',(#951),#962,.F.);
#951 = FACE_BOUND('',#952,.F.);
#952 = EDGE_LOOP('',(#953,#954,#955,#956));
#953 = ORIENTED_EDGE('',*,*,#740,.F.);
#954 = ORIENTED_EDGE('',*,*,#863,.F.);
#955 = ORIENTED_EDGE('',*,*,#879,.T.);
#956 = ORIENTED_EDGE('',*,*,#957,.T.);
#957 = EDGE_CURVE('',#880,#743,#958,.T.);
#958 = LINE('',#959,#960);
#959 = CARTESIAN_POINT('',(-2.651544200517,1.7,-1.387778780781E-17));
#960 = VECTOR('',#961,1.);
#961 = DIRECTION('',(0.,1.,0.));
#962 = PLANE('',#963);
#963 = AXIS2_PLACEMENT_3D('',#964,#965,#966);
#964 = CARTESIAN_POINT('',(-3.,1.7,0.));
#965 = DIRECTION('',(0.,0.,1.));
#966 = DIRECTION('',(1.,0.,-0.));
#967 = ADVANCED_FACE('',(#968),#979,.T.);
#968 = FACE_BOUND('',#969,.T.);
#969 = EDGE_LOOP('',(#970,#971,#972,#978));
#970 = ORIENTED_EDGE('',*,*,#957,.T.);
#971 = ORIENTED_EDGE('',*,*,#815,.T.);
#972 = ORIENTED_EDGE('',*,*,#973,.F.);
#973 = EDGE_CURVE('',#888,#808,#974,.T.);
#974 = LINE('',#975,#976);
#975 = CARTESIAN_POINT('',(-2.569262956102,1.7,4.13767898629E-02));
#976 = VECTOR('',#977,1.);
#977 = DIRECTION('',(0.,1.,0.));
#978 = ORIENTED_EDGE('',*,*,#887,.F.);
#979 = CYLINDRICAL_SURFACE('',#980,0.1025);
#980 = AXIS2_PLACEMENT_3D('',#981,#982,#983);
#981 = CARTESIAN_POINT('',(-2.651544200517,1.7,0.1025));
#982 = DIRECTION('',(0.,1.,0.));
#983 = DIRECTION('',(0.,0.,-1.));
#984 = ADVANCED_FACE('',(#985),#996,.T.);
#985 = FACE_BOUND('',#986,.T.);
#986 = EDGE_LOOP('',(#987,#988,#989,#990));
#987 = ORIENTED_EDGE('',*,*,#896,.F.);
#988 = ORIENTED_EDGE('',*,*,#973,.T.);
#989 = ORIENTED_EDGE('',*,*,#807,.T.);
#990 = ORIENTED_EDGE('',*,*,#991,.F.);
#991 = EDGE_CURVE('',#897,#800,#992,.T.);
#992 = LINE('',#993,#994);
#993 = CARTESIAN_POINT('',(-2.011474087796,1.7,0.792246420274));
#994 = VECTOR('',#995,1.);
#995 = DIRECTION('',(0.,1.,0.));
#996 = PLANE('',#997);
#997 = AXIS2_PLACEMENT_3D('',#998,#999,#1000);
#998 = CARTESIAN_POINT('',(-2.6,1.7,0.));
#999 = DIRECTION('',(0.802743847954,0.,-0.596324001338));
#1000 = DIRECTION('',(0.596324001338,0.,0.802743847954));
#1001 = ADVANCED_FACE('',(#1002),#1013,.F.);
#1002 = FACE_BOUND('',#1003,.F.);
#1003 = EDGE_LOOP('',(#1004,#1005,#1006,#1007));
#1004 = ORIENTED_EDGE('',*,*,#799,.F.);
#1005 = ORIENTED_EDGE('',*,*,#991,.F.);
#1006 = ORIENTED_EDGE('',*,*,#904,.T.);
#1007 = ORIENTED_EDGE('',*,*,#1008,.T.);
#1008 = EDGE_CURVE('',#905,#792,#1009,.T.);
#1009 = LINE('',#1010,#1011);
#1010 = CARTESIAN_POINT('',(-1.95,1.7,0.792246420274));
#1011 = VECTOR('',#1012,1.);
#1012 = DIRECTION('',(0.,1.,0.));
#1013 = PLANE('',#1014);
#1014 = AXIS2_PLACEMENT_3D('',#1015,#1016,#1017);
#1015 = CARTESIAN_POINT('',(-2.114562488831,1.7,0.792246420274));
#1016 = DIRECTION('',(0.,0.,1.));
#1017 = DIRECTION('',(1.,0.,-0.));
#1018 = ADVANCED_FACE('',(#1019),#1030,.T.);
#1019 = FACE_BOUND('',#1020,.T.);
#1020 = EDGE_LOOP('',(#1021,#1022,#1023,#1024));
#1021 = ORIENTED_EDGE('',*,*,#912,.F.);
#1022 = ORIENTED_EDGE('',*,*,#1008,.T.);
#1023 = ORIENTED_EDGE('',*,*,#791,.T.);
#1024 = ORIENTED_EDGE('',*,*,#1025,.F.);
#1025 = EDGE_CURVE('',#913,#784,#1026,.T.);
#1026 = LINE('',#1027,#1028);
#1027 = CARTESIAN_POINT('',(-1.95,1.7,0.997246420274));
#1028 = VECTOR('',#1029,1.);
#1029 = DIRECTION('',(0.,1.,0.));
#1030 = PLANE('',#1031);
#1031 = AXIS2_PLACEMENT_3D('',#1032,#1033,#1034);
#1032 = CARTESIAN_POINT('',(-1.95,1.7,0.792246420274));
#1033 = DIRECTION('',(1.,0.,0.));
#1034 = DIRECTION('',(0.,0.,1.));
#1035 = ADVANCED_FACE('',(#1036),#1047,.F.);
#1036 = FACE_BOUND('',#1037,.F.);
#1037 = EDGE_LOOP('',(#1038,#1039,#1040,#1041));
#1038 = ORIENTED_EDGE('',*,*,#937,.F.);
#1039 = ORIENTED_EDGE('',*,*,#832,.T.);
#1040 = ORIENTED_EDGE('',*,*,#766,.T.);
#1041 = ORIENTED_EDGE('',*,*,#1042,.F.);
#1042 = EDGE_CURVE('',#929,#767,#1043,.T.);
#1043 = LINE('',#1044,#1045);
#1044 = CARTESIAN_POINT('',(-2.145299532729,1.7,0.955869630411));
#1045 = VECTOR('',#1046,1.);
#1046 = DIRECTION('',(0.,1.,0.));
#1047 = PLANE('',#1048);
#1048 = AXIS2_PLACEMENT_3D('',#1049,#1050,#1051);
#1049 = CARTESIAN_POINT('',(-2.764562488831,1.7,0.122246420274));
#1050 = DIRECTION('',(0.802743847954,0.,-0.596324001338));
#1051 = DIRECTION('',(0.596324001338,0.,0.802743847954));
#1052 = ADVANCED_FACE('',(#1053),#1064,.T.);
#1053 = FACE_BOUND('',#1054,.T.);
#1054 = EDGE_LOOP('',(#1055,#1056,#1057,#1058));
#1055 = ORIENTED_EDGE('',*,*,#920,.T.);
#1056 = ORIENTED_EDGE('',*,*,#1025,.T.);
#1057 = ORIENTED_EDGE('',*,*,#783,.F.);
#1058 = ORIENTED_EDGE('',*,*,#1059,.F.);
#1059 = EDGE_CURVE('',#921,#775,#1060,.T.);
#1060 = LINE('',#1061,#1062);
#1061 = CARTESIAN_POINT('',(-2.063018288313,1.7,0.997246420274));
#1062 = VECTOR('',#1063,1.);
#1063 = DIRECTION('',(0.,1.,0.));
#1064 = PLANE('',#1065);
#1065 = AXIS2_PLACEMENT_3D('',#1066,#1067,#1068);
#1066 = CARTESIAN_POINT('',(-2.114562488831,1.7,0.997246420274));
#1067 = DIRECTION('',(0.,0.,1.));
#1068 = DIRECTION('',(1.,0.,-0.));
#1069 = ADVANCED_FACE('',(#1070),#1076,.T.);
#1070 = FACE_BOUND('',#1071,.T.);
#1071 = EDGE_LOOP('',(#1072,#1073,#1074,#1075));
#1072 = ORIENTED_EDGE('',*,*,#928,.T.);
#1073 = ORIENTED_EDGE('',*,*,#1059,.T.);
#1074 = ORIENTED_EDGE('',*,*,#774,.F.);
#1075 = ORIENTED_EDGE('',*,*,#1042,.F.);
#1076 = CYLINDRICAL_SURFACE('',#1077,0.1025);
#1077 = AXIS2_PLACEMENT_3D('',#1078,#1079,#1080);
#1078 = CARTESIAN_POINT('',(-2.063018288313,1.7,0.894746420274));
#1079 = DIRECTION('',(0.,1.,0.));
#1080 = DIRECTION('',(-0.802743847954,0.,0.596324001338));
#1081 = MANIFOLD_SOLID_BREP('',#1082);
#1082 = CLOSED_SHELL('',(#1083,#1123,#1213,#1238,#1262,#1337,#1354,#1371
    ,#1388,#1405,#1422,#1439,#1456));
#1083 = ADVANCED_FACE('',(#1084),#1118,.T.);
#1084 = FACE_BOUND('',#1085,.T.);
#1085 = EDGE_LOOP('',(#1086,#1096,#1104,#1112));
#1086 = ORIENTED_EDGE('',*,*,#1087,.F.);
#1087 = EDGE_CURVE('',#1088,#1090,#1092,.T.);
#1088 = VERTEX_POINT('',#1089);
#1089 = CARTESIAN_POINT('',(2.754632601552,2.11,0.205));
#1090 = VERTEX_POINT('',#1091);
#1091 = CARTESIAN_POINT('',(3.,2.11,0.205));
#1092 = LINE('',#1093,#1094);
#1093 = CARTESIAN_POINT('',(2.6,2.11,0.205));
#1094 = VECTOR('',#1095,1.);
#1095 = DIRECTION('',(1.,0.,0.));
#1096 = ORIENTED_EDGE('',*,*,#1097,.F.);
#1097 = EDGE_CURVE('',#1098,#1088,#1100,.T.);
#1098 = VERTEX_POINT('',#1099);
#1099 = CARTESIAN_POINT('',(2.754632601552,1.7,0.205));
#1100 = LINE('',#1101,#1102);
#1101 = CARTESIAN_POINT('',(2.754632601552,1.7,0.205));
#1102 = VECTOR('',#1103,1.);
#1103 = DIRECTION('',(0.,1.,0.));
#1104 = ORIENTED_EDGE('',*,*,#1105,.T.);
#1105 = EDGE_CURVE('',#1098,#1106,#1108,.T.);
#1106 = VERTEX_POINT('',#1107);
#1107 = CARTESIAN_POINT('',(3.,1.7,0.205));
#1108 = LINE('',#1109,#1110);
#1109 = CARTESIAN_POINT('',(2.6,1.7,0.205));
#1110 = VECTOR('',#1111,1.);
#1111 = DIRECTION('',(1.,0.,0.));
#1112 = ORIENTED_EDGE('',*,*,#1113,.T.);
#1113 = EDGE_CURVE('',#1106,#1090,#1114,.T.);
#1114 = LINE('',#1115,#1116);
#1115 = CARTESIAN_POINT('',(3.,1.7,0.205));
#1116 = VECTOR('',#1117,1.);
#1117 = DIRECTION('',(0.,1.,0.));
#1118 = PLANE('',#1119);
#1119 = AXIS2_PLACEMENT_3D('',#1120,#1121,#1122);
#1120 = CARTESIAN_POINT('',(2.6,1.7,0.205));
#1121 = DIRECTION('',(0.,0.,1.));
#1122 = DIRECTION('',(1.,0.,-0.));
#1123 = ADVANCED_FACE('',(#1124),#1208,.T.);
#1124 = FACE_BOUND('',#1125,.T.);
#1125 = EDGE_LOOP('',(#1126,#1136,#1145,#1153,#1161,#1169,#1177,#1186,
    #1194,#1201,#1202));
#1126 = ORIENTED_EDGE('',*,*,#1127,.F.);
#1127 = EDGE_CURVE('',#1128,#1130,#1132,.T.);
#1128 = VERTEX_POINT('',#1129);
#1129 = CARTESIAN_POINT('',(2.651544200517,2.11,-1.387778780781E-17));
#1130 = VERTEX_POINT('',#1131);
#1131 = CARTESIAN_POINT('',(3.,2.11,0.));
#1132 = LINE('',#1133,#1134);
#1133 = CARTESIAN_POINT('',(2.6,2.11,0.));
#1134 = VECTOR('',#1135,1.);
#1135 = DIRECTION('',(1.,0.,0.));
#1136 = ORIENTED_EDGE('',*,*,#1137,.T.);
#1137 = EDGE_CURVE('',#1128,#1138,#1140,.T.);
#1138 = VERTEX_POINT('',#1139);
#1139 = CARTESIAN_POINT('',(2.569262956102,2.11,4.13767898629E-02));
#1140 = CIRCLE('',#1141,0.1025);
#1141 = AXIS2_PLACEMENT_3D('',#1142,#1143,#1144);
#1142 = CARTESIAN_POINT('',(2.651544200517,2.11,0.1025));
#1143 = DIRECTION('',(0.,1.,0.));
#1144 = DIRECTION('',(0.,-0.,1.));
#1145 = ORIENTED_EDGE('',*,*,#1146,.T.);
#1146 = EDGE_CURVE('',#1138,#1147,#1149,.T.);
#1147 = VERTEX_POINT('',#1148);
#1148 = CARTESIAN_POINT('',(2.011474087796,2.11,0.792246420274));
#1149 = LINE('',#1150,#1151);
#1150 = CARTESIAN_POINT('',(2.6,2.11,0.));
#1151 = VECTOR('',#1152,1.);
#1152 = DIRECTION('',(-0.596324001338,0.,0.802743847954));
#1153 = ORIENTED_EDGE('',*,*,#1154,.F.);
#1154 = EDGE_CURVE('',#1155,#1147,#1157,.T.);
#1155 = VERTEX_POINT('',#1156);
#1156 = CARTESIAN_POINT('',(1.95,2.11,0.792246420274));
#1157 = LINE('',#1158,#1159);
#1158 = CARTESIAN_POINT('',(1.95,2.11,0.792246420274));
#1159 = VECTOR('',#1160,1.);
#1160 = DIRECTION('',(1.,0.,0.));
#1161 = ORIENTED_EDGE('',*,*,#1162,.T.);
#1162 = EDGE_CURVE('',#1155,#1163,#1165,.T.);
#1163 = VERTEX_POINT('',#1164);
#1164 = CARTESIAN_POINT('',(1.95,2.11,0.997246420274));
#1165 = LINE('',#1166,#1167);
#1166 = CARTESIAN_POINT('',(1.95,2.11,0.792246420274));
#1167 = VECTOR('',#1168,1.);
#1168 = DIRECTION('',(0.,0.,1.));
#1169 = ORIENTED_EDGE('',*,*,#1170,.T.);
#1170 = EDGE_CURVE('',#1163,#1171,#1173,.T.);
#1171 = VERTEX_POINT('',#1172);
#1172 = CARTESIAN_POINT('',(2.063018288313,2.11,0.997246420274));
#1173 = LINE('',#1174,#1175);
#1174 = CARTESIAN_POINT('',(1.95,2.11,0.997246420274));
#1175 = VECTOR('',#1176,1.);
#1176 = DIRECTION('',(1.,0.,0.));
#1177 = ORIENTED_EDGE('',*,*,#1178,.F.);
#1178 = EDGE_CURVE('',#1179,#1171,#1181,.T.);
#1179 = VERTEX_POINT('',#1180);
#1180 = CARTESIAN_POINT('',(2.145299532729,2.11,0.955869630411));
#1181 = CIRCLE('',#1182,0.1025);
#1182 = AXIS2_PLACEMENT_3D('',#1183,#1184,#1185);
#1183 = CARTESIAN_POINT('',(2.063018288313,2.11,0.894746420274));
#1184 = DIRECTION('',(0.,-1.,0.));
#1185 = DIRECTION('',(0.,0.,1.));
#1186 = ORIENTED_EDGE('',*,*,#1187,.F.);
#1187 = EDGE_CURVE('',#1188,#1179,#1190,.T.);
#1188 = VERTEX_POINT('',#1189);
#1189 = CARTESIAN_POINT('',(2.672351357136,2.11,0.246376789863));
#1190 = LINE('',#1191,#1192);
#1191 = CARTESIAN_POINT('',(2.764562488831,2.11,0.122246420274));
#1192 = VECTOR('',#1193,1.);
#1193 = DIRECTION('',(-0.596324001338,0.,0.802743847954));
#1194 = ORIENTED_EDGE('',*,*,#1195,.F.);
#1195 = EDGE_CURVE('',#1088,#1188,#1196,.T.);
#1196 = CIRCLE('',#1197,0.1025);
#1197 = AXIS2_PLACEMENT_3D('',#1198,#1199,#1200);
#1198 = CARTESIAN_POINT('',(2.754632601552,2.11,0.3075));
#1199 = DIRECTION('',(0.,1.,0.));
#1200 = DIRECTION('',(0.,-0.,1.));
#1201 = ORIENTED_EDGE('',*,*,#1087,.T.);
#1202 = ORIENTED_EDGE('',*,*,#1203,.F.);
#1203 = EDGE_CURVE('',#1130,#1090,#1204,.T.);
#1204 = LINE('',#1205,#1206);
#1205 = CARTESIAN_POINT('',(3.,2.11,0.));
#1206 = VECTOR('',#1207,1.);
#1207 = DIRECTION('',(0.,0.,1.));
#1208 = PLANE('',#1209);
#1209 = AXIS2_PLACEMENT_3D('',#1210,#1211,#1212);
#1210 = CARTESIAN_POINT('',(2.446634874817,2.11,0.442216760875));
#1211 = DIRECTION('',(3.134357508613E-30,1.,2.198606642624E-30));
#1212 = DIRECTION('',(1.,-3.134357508613E-30,0.));
#1213 = ADVANCED_FACE('',(#1214),#1233,.F.);
#1214 = FACE_BOUND('',#1215,.F.);
#1215 = EDGE_LOOP('',(#1216,#1225,#1231,#1232));
#1216 = ORIENTED_EDGE('',*,*,#1217,.T.);
#1217 = EDGE_CURVE('',#1098,#1218,#1220,.T.);
#1218 = VERTEX_POINT('',#1219);
#1219 = CARTESIAN_POINT('',(2.672351357136,1.7,0.246376789863));
#1220 = CIRCLE('',#1221,0.1025);
#1221 = AXIS2_PLACEMENT_3D('',#1222,#1223,#1224);
#1222 = CARTESIAN_POINT('',(2.754632601552,1.7,0.3075));
#1223 = DIRECTION('',(0.,1.,0.));
#1224 = DIRECTION('',(0.,-0.,1.));
#1225 = ORIENTED_EDGE('',*,*,#1226,.T.);
#1226 = EDGE_CURVE('',#1218,#1188,#1227,.T.);
#1227 = LINE('',#1228,#1229);
#1228 = CARTESIAN_POINT('',(2.672351357136,1.7,0.246376789863));
#1229 = VECTOR('',#1230,1.);
#1230 = DIRECTION('',(0.,1.,0.));
#1231 = ORIENTED_EDGE('',*,*,#1195,.F.);
#1232 = ORIENTED_EDGE('',*,*,#1097,.F.);
#1233 = CYLINDRICAL_SURFACE('',#1234,0.1025);
#1234 = AXIS2_PLACEMENT_3D('',#1235,#1236,#1237);
#1235 = CARTESIAN_POINT('',(2.754632601552,1.7,0.3075));
#1236 = DIRECTION('',(0.,1.,0.));
#1237 = DIRECTION('',(0.,0.,-1.));
#1238 = ADVANCED_FACE('',(#1239),#1257,.T.);
#1239 = FACE_BOUND('',#1240,.T.);
#1240 = EDGE_LOOP('',(#1241,#1249,#1255,#1256));
#1241 = ORIENTED_EDGE('',*,*,#1242,.F.);
#1242 = EDGE_CURVE('',#1243,#1106,#1245,.T.);
#1243 = VERTEX_POINT('',#1244);
#1244 = CARTESIAN_POINT('',(3.,1.7,0.));
#1245 = LINE('',#1246,#1247);
#1246 = CARTESIAN_POINT('',(3.,1.7,0.));
#1247 = VECTOR('',#1248,1.);
#1248 = DIRECTION('',(0.,0.,1.));
#1249 = ORIENTED_EDGE('',*,*,#1250,.T.);
#1250 = EDGE_CURVE('',#1243,#1130,#1251,.T.);
#1251 = LINE('',#1252,#1253);
#1252 = CARTESIAN_POINT('',(3.,1.7,0.));
#1253 = VECTOR('',#1254,1.);
#1254 = DIRECTION('',(0.,1.,0.));
#1255 = ORIENTED_EDGE('',*,*,#1203,.T.);
#1256 = ORIENTED_EDGE('',*,*,#1113,.F.);
#1257 = PLANE('',#1258);
#1258 = AXIS2_PLACEMENT_3D('',#1259,#1260,#1261);
#1259 = CARTESIAN_POINT('',(3.,1.7,0.));
#1260 = DIRECTION('',(1.,0.,0.));
#1261 = DIRECTION('',(0.,0.,1.));
#1262 = ADVANCED_FACE('',(#1263),#1332,.T.);
#1263 = FACE_BOUND('',#1264,.T.);
#1264 = EDGE_LOOP('',(#1265,#1273,#1274,#1275,#1276,#1284,#1293,#1301,
    #1309,#1317,#1325));
#1265 = ORIENTED_EDGE('',*,*,#1266,.T.);
#1266 = EDGE_CURVE('',#1267,#1243,#1269,.T.);
#1267 = VERTEX_POINT('',#1268);
#1268 = CARTESIAN_POINT('',(2.651544200517,1.7,-1.387778780781E-17));
#1269 = LINE('',#1270,#1271);
#1270 = CARTESIAN_POINT('',(2.6,1.7,0.));
#1271 = VECTOR('',#1272,1.);
#1272 = DIRECTION('',(1.,0.,0.));
#1273 = ORIENTED_EDGE('',*,*,#1242,.T.);
#1274 = ORIENTED_EDGE('',*,*,#1105,.F.);
#1275 = ORIENTED_EDGE('',*,*,#1217,.T.);
#1276 = ORIENTED_EDGE('',*,*,#1277,.T.);
#1277 = EDGE_CURVE('',#1218,#1278,#1280,.T.);
#1278 = VERTEX_POINT('',#1279);
#1279 = CARTESIAN_POINT('',(2.145299532729,1.7,0.955869630411));
#1280 = LINE('',#1281,#1282);
#1281 = CARTESIAN_POINT('',(2.764562488831,1.7,0.122246420274));
#1282 = VECTOR('',#1283,1.);
#1283 = DIRECTION('',(-0.596324001338,0.,0.802743847954));
#1284 = ORIENTED_EDGE('',*,*,#1285,.T.);
#1285 = EDGE_CURVE('',#1278,#1286,#1288,.T.);
#1286 = VERTEX_POINT('',#1287);
#1287 = CARTESIAN_POINT('',(2.063018288313,1.7,0.997246420274));
#1288 = CIRCLE('',#1289,0.1025);
#1289 = AXIS2_PLACEMENT_3D('',#1290,#1291,#1292);
#1290 = CARTESIAN_POINT('',(2.063018288313,1.7,0.894746420274));
#1291 = DIRECTION('',(0.,-1.,0.));
#1292 = DIRECTION('',(0.,0.,1.));
#1293 = ORIENTED_EDGE('',*,*,#1294,.F.);
#1294 = EDGE_CURVE('',#1295,#1286,#1297,.T.);
#1295 = VERTEX_POINT('',#1296);
#1296 = CARTESIAN_POINT('',(1.95,1.7,0.997246420274));
#1297 = LINE('',#1298,#1299);
#1298 = CARTESIAN_POINT('',(1.95,1.7,0.997246420274));
#1299 = VECTOR('',#1300,1.);
#1300 = DIRECTION('',(1.,0.,0.));
#1301 = ORIENTED_EDGE('',*,*,#1302,.F.);
#1302 = EDGE_CURVE('',#1303,#1295,#1305,.T.);
#1303 = VERTEX_POINT('',#1304);
#1304 = CARTESIAN_POINT('',(1.95,1.7,0.792246420274));
#1305 = LINE('',#1306,#1307);
#1306 = CARTESIAN_POINT('',(1.95,1.7,0.792246420274));
#1307 = VECTOR('',#1308,1.);
#1308 = DIRECTION('',(0.,0.,1.));
#1309 = ORIENTED_EDGE('',*,*,#1310,.T.);
#1310 = EDGE_CURVE('',#1303,#1311,#1313,.T.);
#1311 = VERTEX_POINT('',#1312);
#1312 = CARTESIAN_POINT('',(2.011474087796,1.7,0.792246420274));
#1313 = LINE('',#1314,#1315);
#1314 = CARTESIAN_POINT('',(1.95,1.7,0.792246420274));
#1315 = VECTOR('',#1316,1.);
#1316 = DIRECTION('',(1.,0.,0.));
#1317 = ORIENTED_EDGE('',*,*,#1318,.F.);
#1318 = EDGE_CURVE('',#1319,#1311,#1321,.T.);
#1319 = VERTEX_POINT('',#1320);
#1320 = CARTESIAN_POINT('',(2.569262956102,1.7,4.13767898629E-02));
#1321 = LINE('',#1322,#1323);
#1322 = CARTESIAN_POINT('',(2.6,1.7,0.));
#1323 = VECTOR('',#1324,1.);
#1324 = DIRECTION('',(-0.596324001338,0.,0.802743847954));
#1325 = ORIENTED_EDGE('',*,*,#1326,.F.);
#1326 = EDGE_CURVE('',#1267,#1319,#1327,.T.);
#1327 = CIRCLE('',#1328,0.1025);
#1328 = AXIS2_PLACEMENT_3D('',#1329,#1330,#1331);
#1329 = CARTESIAN_POINT('',(2.651544200517,1.7,0.1025));
#1330 = DIRECTION('',(0.,1.,0.));
#1331 = DIRECTION('',(0.,-0.,1.));
#1332 = PLANE('',#1333);
#1333 = AXIS2_PLACEMENT_3D('',#1334,#1335,#1336);
#1334 = CARTESIAN_POINT('',(2.446634874817,1.7,0.442216760875));
#1335 = DIRECTION('',(1.568340642789E-29,-1.,1.280385161998E-29));
#1336 = DIRECTION('',(-1.,-1.568340642789E-29,0.));
#1337 = ADVANCED_FACE('',(#1338),#1349,.F.);
#1338 = FACE_BOUND('',#1339,.F.);
#1339 = EDGE_LOOP('',(#1340,#1341,#1342,#1343));
#1340 = ORIENTED_EDGE('',*,*,#1266,.T.);
#1341 = ORIENTED_EDGE('',*,*,#1250,.T.);
#1342 = ORIENTED_EDGE('',*,*,#1127,.F.);
#1343 = ORIENTED_EDGE('',*,*,#1344,.F.);
#1344 = EDGE_CURVE('',#1267,#1128,#1345,.T.);
#1345 = LINE('',#1346,#1347);
#1346 = CARTESIAN_POINT('',(2.651544200517,1.7,-1.387778780781E-17));
#1347 = VECTOR('',#1348,1.);
#1348 = DIRECTION('',(0.,1.,0.));
#1349 = PLANE('',#1350);
#1350 = AXIS2_PLACEMENT_3D('',#1351,#1352,#1353);
#1351 = CARTESIAN_POINT('',(2.6,1.7,0.));
#1352 = DIRECTION('',(0.,0.,1.));
#1353 = DIRECTION('',(1.,0.,-0.));
#1354 = ADVANCED_FACE('',(#1355),#1366,.T.);
#1355 = FACE_BOUND('',#1356,.T.);
#1356 = EDGE_LOOP('',(#1357,#1358,#1364,#1365));
#1357 = ORIENTED_EDGE('',*,*,#1326,.T.);
#1358 = ORIENTED_EDGE('',*,*,#1359,.T.);
#1359 = EDGE_CURVE('',#1319,#1138,#1360,.T.);
#1360 = LINE('',#1361,#1362);
#1361 = CARTESIAN_POINT('',(2.569262956102,1.7,4.13767898629E-02));
#1362 = VECTOR('',#1363,1.);
#1363 = DIRECTION('',(0.,1.,0.));
#1364 = ORIENTED_EDGE('',*,*,#1137,.F.);
#1365 = ORIENTED_EDGE('',*,*,#1344,.F.);
#1366 = CYLINDRICAL_SURFACE('',#1367,0.1025);
#1367 = AXIS2_PLACEMENT_3D('',#1368,#1369,#1370);
#1368 = CARTESIAN_POINT('',(2.651544200517,1.7,0.1025));
#1369 = DIRECTION('',(0.,1.,0.));
#1370 = DIRECTION('',(0.,0.,-1.));
#1371 = ADVANCED_FACE('',(#1372),#1383,.F.);
#1372 = FACE_BOUND('',#1373,.F.);
#1373 = EDGE_LOOP('',(#1374,#1375,#1376,#1377));
#1374 = ORIENTED_EDGE('',*,*,#1318,.F.);
#1375 = ORIENTED_EDGE('',*,*,#1359,.T.);
#1376 = ORIENTED_EDGE('',*,*,#1146,.T.);
#1377 = ORIENTED_EDGE('',*,*,#1378,.F.);
#1378 = EDGE_CURVE('',#1311,#1147,#1379,.T.);
#1379 = LINE('',#1380,#1381);
#1380 = CARTESIAN_POINT('',(2.011474087796,1.7,0.792246420274));
#1381 = VECTOR('',#1382,1.);
#1382 = DIRECTION('',(0.,1.,0.));
#1383 = PLANE('',#1384);
#1384 = AXIS2_PLACEMENT_3D('',#1385,#1386,#1387);
#1385 = CARTESIAN_POINT('',(2.6,1.7,0.));
#1386 = DIRECTION('',(0.802743847954,0.,0.596324001338));
#1387 = DIRECTION('',(-0.596324001338,0.,0.802743847954));
#1388 = ADVANCED_FACE('',(#1389),#1400,.F.);
#1389 = FACE_BOUND('',#1390,.F.);
#1390 = EDGE_LOOP('',(#1391,#1392,#1398,#1399));
#1391 = ORIENTED_EDGE('',*,*,#1154,.F.);
#1392 = ORIENTED_EDGE('',*,*,#1393,.F.);
#1393 = EDGE_CURVE('',#1303,#1155,#1394,.T.);
#1394 = LINE('',#1395,#1396);
#1395 = CARTESIAN_POINT('',(1.95,1.7,0.792246420274));
#1396 = VECTOR('',#1397,1.);
#1397 = DIRECTION('',(0.,1.,0.));
#1398 = ORIENTED_EDGE('',*,*,#1310,.T.);
#1399 = ORIENTED_EDGE('',*,*,#1378,.T.);
#1400 = PLANE('',#1401);
#1401 = AXIS2_PLACEMENT_3D('',#1402,#1403,#1404);
#1402 = CARTESIAN_POINT('',(1.95,1.7,0.792246420274));
#1403 = DIRECTION('',(0.,0.,1.));
#1404 = DIRECTION('',(1.,0.,-0.));
#1405 = ADVANCED_FACE('',(#1406),#1417,.F.);
#1406 = FACE_BOUND('',#1407,.T.);
#1407 = EDGE_LOOP('',(#1408,#1409,#1415,#1416));
#1408 = ORIENTED_EDGE('',*,*,#1302,.T.);
#1409 = ORIENTED_EDGE('',*,*,#1410,.T.);
#1410 = EDGE_CURVE('',#1295,#1163,#1411,.T.);
#1411 = LINE('',#1412,#1413);
#1412 = CARTESIAN_POINT('',(1.95,1.7,0.997246420274));
#1413 = VECTOR('',#1414,1.);
#1414 = DIRECTION('',(0.,1.,0.));
#1415 = ORIENTED_EDGE('',*,*,#1162,.F.);
#1416 = ORIENTED_EDGE('',*,*,#1393,.F.);
#1417 = PLANE('',#1418);
#1418 = AXIS2_PLACEMENT_3D('',#1419,#1420,#1421);
#1419 = CARTESIAN_POINT('',(1.95,1.7,0.792246420274));
#1420 = DIRECTION('',(1.,0.,0.));
#1421 = DIRECTION('',(0.,0.,1.));
#1422 = ADVANCED_FACE('',(#1423),#1434,.T.);
#1423 = FACE_BOUND('',#1424,.T.);
#1424 = EDGE_LOOP('',(#1425,#1426,#1427,#1428));
#1425 = ORIENTED_EDGE('',*,*,#1277,.F.);
#1426 = ORIENTED_EDGE('',*,*,#1226,.T.);
#1427 = ORIENTED_EDGE('',*,*,#1187,.T.);
#1428 = ORIENTED_EDGE('',*,*,#1429,.F.);
#1429 = EDGE_CURVE('',#1278,#1179,#1430,.T.);
#1430 = LINE('',#1431,#1432);
#1431 = CARTESIAN_POINT('',(2.145299532729,1.7,0.955869630411));
#1432 = VECTOR('',#1433,1.);
#1433 = DIRECTION('',(0.,1.,0.));
#1434 = PLANE('',#1435);
#1435 = AXIS2_PLACEMENT_3D('',#1436,#1437,#1438);
#1436 = CARTESIAN_POINT('',(2.764562488831,1.7,0.122246420274));
#1437 = DIRECTION('',(0.802743847954,0.,0.596324001338));
#1438 = DIRECTION('',(-0.596324001338,0.,0.802743847954));
#1439 = ADVANCED_FACE('',(#1440),#1451,.T.);
#1440 = FACE_BOUND('',#1441,.T.);
#1441 = EDGE_LOOP('',(#1442,#1443,#1444,#1445));
#1442 = ORIENTED_EDGE('',*,*,#1170,.F.);
#1443 = ORIENTED_EDGE('',*,*,#1410,.F.);
#1444 = ORIENTED_EDGE('',*,*,#1294,.T.);
#1445 = ORIENTED_EDGE('',*,*,#1446,.T.);
#1446 = EDGE_CURVE('',#1286,#1171,#1447,.T.);
#1447 = LINE('',#1448,#1449);
#1448 = CARTESIAN_POINT('',(2.063018288313,1.7,0.997246420274));
#1449 = VECTOR('',#1450,1.);
#1450 = DIRECTION('',(0.,1.,0.));
#1451 = PLANE('',#1452);
#1452 = AXIS2_PLACEMENT_3D('',#1453,#1454,#1455);
#1453 = CARTESIAN_POINT('',(1.95,1.7,0.997246420274));
#1454 = DIRECTION('',(0.,0.,1.));
#1455 = DIRECTION('',(1.,0.,-0.));
#1456 = ADVANCED_FACE('',(#1457),#1463,.T.);
#1457 = FACE_BOUND('',#1458,.T.);
#1458 = EDGE_LOOP('',(#1459,#1460,#1461,#1462));
#1459 = ORIENTED_EDGE('',*,*,#1429,.T.);
#1460 = ORIENTED_EDGE('',*,*,#1178,.T.);
#1461 = ORIENTED_EDGE('',*,*,#1446,.F.);
#1462 = ORIENTED_EDGE('',*,*,#1285,.F.);
#1463 = CYLINDRICAL_SURFACE('',#1464,0.1025);
#1464 = AXIS2_PLACEMENT_3D('',#1465,#1466,#1467);
#1465 = CARTESIAN_POINT('',(2.063018288313,1.7,0.894746420274));
#1466 = DIRECTION('',(0.,1.,0.));
#1467 = DIRECTION('',(0.802743847954,-0.,0.596324001338));
#1468 = MANIFOLD_SOLID_BREP('',#1469);
#1469 = CLOSED_SHELL('',(#1470,#1510,#1600,#1625,#1649,#1724,#1741,#1758
    ,#1775,#1792,#1809,#1826,#1843));
#1470 = ADVANCED_FACE('',(#1471),#1505,.T.);
#1471 = FACE_BOUND('',#1472,.T.);
#1472 = EDGE_LOOP('',(#1473,#1483,#1491,#1499));
#1473 = ORIENTED_EDGE('',*,*,#1474,.F.);
#1474 = EDGE_CURVE('',#1475,#1477,#1479,.T.);
#1475 = VERTEX_POINT('',#1476);
#1476 = CARTESIAN_POINT('',(-3.,0.84,0.205));
#1477 = VERTEX_POINT('',#1478);
#1478 = CARTESIAN_POINT('',(-2.754632601552,0.84,0.205));
#1479 = LINE('',#1480,#1481);
#1480 = CARTESIAN_POINT('',(-3.,0.84,0.205));
#1481 = VECTOR('',#1482,1.);
#1482 = DIRECTION('',(1.,0.,0.));
#1483 = ORIENTED_EDGE('',*,*,#1484,.F.);
#1484 = EDGE_CURVE('',#1485,#1475,#1487,.T.);
#1485 = VERTEX_POINT('',#1486);
#1486 = CARTESIAN_POINT('',(-3.,0.43,0.205));
#1487 = LINE('',#1488,#1489);
#1488 = CARTESIAN_POINT('',(-3.,0.43,0.205));
#1489 = VECTOR('',#1490,1.);
#1490 = DIRECTION('',(0.,1.,0.));
#1491 = ORIENTED_EDGE('',*,*,#1492,.T.);
#1492 = EDGE_CURVE('',#1485,#1493,#1495,.T.);
#1493 = VERTEX_POINT('',#1494);
#1494 = CARTESIAN_POINT('',(-2.754632601552,0.43,0.205));
#1495 = LINE('',#1496,#1497);
#1496 = CARTESIAN_POINT('',(-3.,0.43,0.205));
#1497 = VECTOR('',#1498,1.);
#1498 = DIRECTION('',(1.,0.,0.));
#1499 = ORIENTED_EDGE('',*,*,#1500,.T.);
#1500 = EDGE_CURVE('',#1493,#1477,#1501,.T.);
#1501 = LINE('',#1502,#1503);
#1502 = CARTESIAN_POINT('',(-2.754632601552,0.43,0.205));
#1503 = VECTOR('',#1504,1.);
#1504 = DIRECTION('',(0.,1.,0.));
#1505 = PLANE('',#1506);
#1506 = AXIS2_PLACEMENT_3D('',#1507,#1508,#1509);
#1507 = CARTESIAN_POINT('',(-3.,0.43,0.205));
#1508 = DIRECTION('',(0.,0.,1.));
#1509 = DIRECTION('',(1.,0.,-0.));
#1510 = ADVANCED_FACE('',(#1511),#1595,.T.);
#1511 = FACE_BOUND('',#1512,.T.);
#1512 = EDGE_LOOP('',(#1513,#1523,#1529,#1530,#1539,#1547,#1556,#1564,
    #1572,#1580,#1588));
#1513 = ORIENTED_EDGE('',*,*,#1514,.F.);
#1514 = EDGE_CURVE('',#1515,#1517,#1519,.T.);
#1515 = VERTEX_POINT('',#1516);
#1516 = CARTESIAN_POINT('',(-3.,0.84,0.));
#1517 = VERTEX_POINT('',#1518);
#1518 = CARTESIAN_POINT('',(-2.651544200517,0.84,-1.387778780781E-17));
#1519 = LINE('',#1520,#1521);
#1520 = CARTESIAN_POINT('',(-3.,0.84,0.));
#1521 = VECTOR('',#1522,1.);
#1522 = DIRECTION('',(1.,0.,0.));
#1523 = ORIENTED_EDGE('',*,*,#1524,.T.);
#1524 = EDGE_CURVE('',#1515,#1475,#1525,.T.);
#1525 = LINE('',#1526,#1527);
#1526 = CARTESIAN_POINT('',(-3.,0.84,0.));
#1527 = VECTOR('',#1528,1.);
#1528 = DIRECTION('',(0.,0.,1.));
#1529 = ORIENTED_EDGE('',*,*,#1474,.T.);
#1530 = ORIENTED_EDGE('',*,*,#1531,.T.);
#1531 = EDGE_CURVE('',#1477,#1532,#1534,.T.);
#1532 = VERTEX_POINT('',#1533);
#1533 = CARTESIAN_POINT('',(-2.672351357136,0.84,0.246376789863));
#1534 = CIRCLE('',#1535,0.1025);
#1535 = AXIS2_PLACEMENT_3D('',#1536,#1537,#1538);
#1536 = CARTESIAN_POINT('',(-2.754632601552,0.84,0.3075));
#1537 = DIRECTION('',(0.,-1.,0.));
#1538 = DIRECTION('',(0.,0.,1.));
#1539 = ORIENTED_EDGE('',*,*,#1540,.T.);
#1540 = EDGE_CURVE('',#1532,#1541,#1543,.T.);
#1541 = VERTEX_POINT('',#1542);
#1542 = CARTESIAN_POINT('',(-2.145299532729,0.84,0.955869630411));
#1543 = LINE('',#1544,#1545);
#1544 = CARTESIAN_POINT('',(-2.764562488831,0.84,0.122246420274));
#1545 = VECTOR('',#1546,1.);
#1546 = DIRECTION('',(0.596324001338,0.,0.802743847954));
#1547 = ORIENTED_EDGE('',*,*,#1548,.T.);
#1548 = EDGE_CURVE('',#1541,#1549,#1551,.T.);
#1549 = VERTEX_POINT('',#1550);
#1550 = CARTESIAN_POINT('',(-2.063018288313,0.84,0.997246420274));
#1551 = CIRCLE('',#1552,0.1025);
#1552 = AXIS2_PLACEMENT_3D('',#1553,#1554,#1555);
#1553 = CARTESIAN_POINT('',(-2.063018288313,0.84,0.894746420274));
#1554 = DIRECTION('',(0.,1.,0.));
#1555 = DIRECTION('',(0.,-0.,1.));
#1556 = ORIENTED_EDGE('',*,*,#1557,.T.);
#1557 = EDGE_CURVE('',#1549,#1558,#1560,.T.);
#1558 = VERTEX_POINT('',#1559);
#1559 = CARTESIAN_POINT('',(-1.95,0.84,0.997246420274));
#1560 = LINE('',#1561,#1562);
#1561 = CARTESIAN_POINT('',(-2.114562488831,0.84,0.997246420274));
#1562 = VECTOR('',#1563,1.);
#1563 = DIRECTION('',(1.,0.,0.));
#1564 = ORIENTED_EDGE('',*,*,#1565,.F.);
#1565 = EDGE_CURVE('',#1566,#1558,#1568,.T.);
#1566 = VERTEX_POINT('',#1567);
#1567 = CARTESIAN_POINT('',(-1.95,0.84,0.792246420274));
#1568 = LINE('',#1569,#1570);
#1569 = CARTESIAN_POINT('',(-1.95,0.84,0.792246420274));
#1570 = VECTOR('',#1571,1.);
#1571 = DIRECTION('',(0.,0.,1.));
#1572 = ORIENTED_EDGE('',*,*,#1573,.F.);
#1573 = EDGE_CURVE('',#1574,#1566,#1576,.T.);
#1574 = VERTEX_POINT('',#1575);
#1575 = CARTESIAN_POINT('',(-2.011474087796,0.84,0.792246420274));
#1576 = LINE('',#1577,#1578);
#1577 = CARTESIAN_POINT('',(-2.114562488831,0.84,0.792246420274));
#1578 = VECTOR('',#1579,1.);
#1579 = DIRECTION('',(1.,0.,0.));
#1580 = ORIENTED_EDGE('',*,*,#1581,.F.);
#1581 = EDGE_CURVE('',#1582,#1574,#1584,.T.);
#1582 = VERTEX_POINT('',#1583);
#1583 = CARTESIAN_POINT('',(-2.569262956102,0.84,4.13767898629E-02));
#1584 = LINE('',#1585,#1586);
#1585 = CARTESIAN_POINT('',(-2.6,0.84,0.));
#1586 = VECTOR('',#1587,1.);
#1587 = DIRECTION('',(0.596324001338,0.,0.802743847954));
#1588 = ORIENTED_EDGE('',*,*,#1589,.F.);
#1589 = EDGE_CURVE('',#1517,#1582,#1590,.T.);
#1590 = CIRCLE('',#1591,0.1025);
#1591 = AXIS2_PLACEMENT_3D('',#1592,#1593,#1594);
#1592 = CARTESIAN_POINT('',(-2.651544200517,0.84,0.1025));
#1593 = DIRECTION('',(0.,-1.,0.));
#1594 = DIRECTION('',(0.,0.,1.));
#1595 = PLANE('',#1596);
#1596 = AXIS2_PLACEMENT_3D('',#1597,#1598,#1599);
#1597 = CARTESIAN_POINT('',(-2.446634874817,0.84,0.442216760875));
#1598 = DIRECTION('',(0.,1.,0.));
#1599 = DIRECTION('',(0.,-0.,1.));
#1600 = ADVANCED_FACE('',(#1601),#1620,.F.);
#1601 = FACE_BOUND('',#1602,.F.);
#1602 = EDGE_LOOP('',(#1603,#1604,#1605,#1613));
#1603 = ORIENTED_EDGE('',*,*,#1500,.T.);
#1604 = ORIENTED_EDGE('',*,*,#1531,.T.);
#1605 = ORIENTED_EDGE('',*,*,#1606,.F.);
#1606 = EDGE_CURVE('',#1607,#1532,#1609,.T.);
#1607 = VERTEX_POINT('',#1608);
#1608 = CARTESIAN_POINT('',(-2.672351357136,0.43,0.246376789863));
#1609 = LINE('',#1610,#1611);
#1610 = CARTESIAN_POINT('',(-2.672351357136,0.43,0.246376789863));
#1611 = VECTOR('',#1612,1.);
#1612 = DIRECTION('',(0.,1.,0.));
#1613 = ORIENTED_EDGE('',*,*,#1614,.F.);
#1614 = EDGE_CURVE('',#1493,#1607,#1615,.T.);
#1615 = CIRCLE('',#1616,0.1025);
#1616 = AXIS2_PLACEMENT_3D('',#1617,#1618,#1619);
#1617 = CARTESIAN_POINT('',(-2.754632601552,0.43,0.3075));
#1618 = DIRECTION('',(0.,-1.,0.));
#1619 = DIRECTION('',(0.,0.,1.));
#1620 = CYLINDRICAL_SURFACE('',#1621,0.1025);
#1621 = AXIS2_PLACEMENT_3D('',#1622,#1623,#1624);
#1622 = CARTESIAN_POINT('',(-2.754632601552,0.43,0.3075));
#1623 = DIRECTION('',(0.,1.,0.));
#1624 = DIRECTION('',(0.,0.,-1.));
#1625 = ADVANCED_FACE('',(#1626),#1644,.F.);
#1626 = FACE_BOUND('',#1627,.F.);
#1627 = EDGE_LOOP('',(#1628,#1636,#1642,#1643));
#1628 = ORIENTED_EDGE('',*,*,#1629,.F.);
#1629 = EDGE_CURVE('',#1630,#1485,#1632,.T.);
#1630 = VERTEX_POINT('',#1631);
#1631 = CARTESIAN_POINT('',(-3.,0.43,0.));
#1632 = LINE('',#1633,#1634);
#1633 = CARTESIAN_POINT('',(-3.,0.43,0.));
#1634 = VECTOR('',#1635,1.);
#1635 = DIRECTION('',(0.,0.,1.));
#1636 = ORIENTED_EDGE('',*,*,#1637,.T.);
#1637 = EDGE_CURVE('',#1630,#1515,#1638,.T.);
#1638 = LINE('',#1639,#1640);
#1639 = CARTESIAN_POINT('',(-3.,0.43,0.));
#1640 = VECTOR('',#1641,1.);
#1641 = DIRECTION('',(0.,1.,0.));
#1642 = ORIENTED_EDGE('',*,*,#1524,.T.);
#1643 = ORIENTED_EDGE('',*,*,#1484,.F.);
#1644 = PLANE('',#1645);
#1645 = AXIS2_PLACEMENT_3D('',#1646,#1647,#1648);
#1646 = CARTESIAN_POINT('',(-3.,0.43,0.));
#1647 = DIRECTION('',(1.,0.,0.));
#1648 = DIRECTION('',(0.,0.,1.));
#1649 = ADVANCED_FACE('',(#1650),#1719,.T.);
#1650 = FACE_BOUND('',#1651,.T.);
#1651 = EDGE_LOOP('',(#1652,#1660,#1669,#1677,#1685,#1693,#1701,#1710,
    #1716,#1717,#1718));
#1652 = ORIENTED_EDGE('',*,*,#1653,.T.);
#1653 = EDGE_CURVE('',#1630,#1654,#1656,.T.);
#1654 = VERTEX_POINT('',#1655);
#1655 = CARTESIAN_POINT('',(-2.651544200517,0.43,-1.387778780781E-17));
#1656 = LINE('',#1657,#1658);
#1657 = CARTESIAN_POINT('',(-3.,0.43,0.));
#1658 = VECTOR('',#1659,1.);
#1659 = DIRECTION('',(1.,0.,0.));
#1660 = ORIENTED_EDGE('',*,*,#1661,.T.);
#1661 = EDGE_CURVE('',#1654,#1662,#1664,.T.);
#1662 = VERTEX_POINT('',#1663);
#1663 = CARTESIAN_POINT('',(-2.569262956102,0.43,4.13767898629E-02));
#1664 = CIRCLE('',#1665,0.1025);
#1665 = AXIS2_PLACEMENT_3D('',#1666,#1667,#1668);
#1666 = CARTESIAN_POINT('',(-2.651544200517,0.43,0.1025));
#1667 = DIRECTION('',(0.,-1.,0.));
#1668 = DIRECTION('',(0.,0.,1.));
#1669 = ORIENTED_EDGE('',*,*,#1670,.T.);
#1670 = EDGE_CURVE('',#1662,#1671,#1673,.T.);
#1671 = VERTEX_POINT('',#1672);
#1672 = CARTESIAN_POINT('',(-2.011474087796,0.43,0.792246420274));
#1673 = LINE('',#1674,#1675);
#1674 = CARTESIAN_POINT('',(-2.6,0.43,0.));
#1675 = VECTOR('',#1676,1.);
#1676 = DIRECTION('',(0.596324001338,0.,0.802743847954));
#1677 = ORIENTED_EDGE('',*,*,#1678,.T.);
#1678 = EDGE_CURVE('',#1671,#1679,#1681,.T.);
#1679 = VERTEX_POINT('',#1680);
#1680 = CARTESIAN_POINT('',(-1.95,0.43,0.792246420274));
#1681 = LINE('',#1682,#1683);
#1682 = CARTESIAN_POINT('',(-2.114562488831,0.43,0.792246420274));
#1683 = VECTOR('',#1684,1.);
#1684 = DIRECTION('',(1.,0.,0.));
#1685 = ORIENTED_EDGE('',*,*,#1686,.T.);
#1686 = EDGE_CURVE('',#1679,#1687,#1689,.T.);
#1687 = VERTEX_POINT('',#1688);
#1688 = CARTESIAN_POINT('',(-1.95,0.43,0.997246420274));
#1689 = LINE('',#1690,#1691);
#1690 = CARTESIAN_POINT('',(-1.95,0.43,0.792246420274));
#1691 = VECTOR('',#1692,1.);
#1692 = DIRECTION('',(0.,0.,1.));
#1693 = ORIENTED_EDGE('',*,*,#1694,.F.);
#1694 = EDGE_CURVE('',#1695,#1687,#1697,.T.);
#1695 = VERTEX_POINT('',#1696);
#1696 = CARTESIAN_POINT('',(-2.063018288313,0.43,0.997246420274));
#1697 = LINE('',#1698,#1699);
#1698 = CARTESIAN_POINT('',(-2.114562488831,0.43,0.997246420274));
#1699 = VECTOR('',#1700,1.);
#1700 = DIRECTION('',(1.,0.,0.));
#1701 = ORIENTED_EDGE('',*,*,#1702,.F.);
#1702 = EDGE_CURVE('',#1703,#1695,#1705,.T.);
#1703 = VERTEX_POINT('',#1704);
#1704 = CARTESIAN_POINT('',(-2.145299532729,0.43,0.955869630411));
#1705 = CIRCLE('',#1706,0.1025);
#1706 = AXIS2_PLACEMENT_3D('',#1707,#1708,#1709);
#1707 = CARTESIAN_POINT('',(-2.063018288313,0.43,0.894746420274));
#1708 = DIRECTION('',(0.,1.,0.));
#1709 = DIRECTION('',(0.,-0.,1.));
#1710 = ORIENTED_EDGE('',*,*,#1711,.F.);
#1711 = EDGE_CURVE('',#1607,#1703,#1712,.T.);
#1712 = LINE('',#1713,#1714);
#1713 = CARTESIAN_POINT('',(-2.764562488831,0.43,0.122246420274));
#1714 = VECTOR('',#1715,1.);
#1715 = DIRECTION('',(0.596324001338,0.,0.802743847954));
#1716 = ORIENTED_EDGE('',*,*,#1614,.F.);
#1717 = ORIENTED_EDGE('',*,*,#1492,.F.);
#1718 = ORIENTED_EDGE('',*,*,#1629,.F.);
#1719 = PLANE('',#1720);
#1720 = AXIS2_PLACEMENT_3D('',#1721,#1722,#1723);
#1721 = CARTESIAN_POINT('',(-2.446634874817,0.43,0.442216760875));
#1722 = DIRECTION('',(-5.228471109991E-30,-1.,4.246270291376E-30));
#1723 = DIRECTION('',(-1.,5.228471109991E-30,0.));
#1724 = ADVANCED_FACE('',(#1725),#1736,.F.);
#1725 = FACE_BOUND('',#1726,.F.);
#1726 = EDGE_LOOP('',(#1727,#1728,#1729,#1730));
#1727 = ORIENTED_EDGE('',*,*,#1514,.F.);
#1728 = ORIENTED_EDGE('',*,*,#1637,.F.);
#1729 = ORIENTED_EDGE('',*,*,#1653,.T.);
#1730 = ORIENTED_EDGE('',*,*,#1731,.T.);
#1731 = EDGE_CURVE('',#1654,#1517,#1732,.T.);
#1732 = LINE('',#1733,#1734);
#1733 = CARTESIAN_POINT('',(-2.651544200517,0.43,-1.387778780781E-17));
#1734 = VECTOR('',#1735,1.);
#1735 = DIRECTION('',(0.,1.,0.));
#1736 = PLANE('',#1737);
#1737 = AXIS2_PLACEMENT_3D('',#1738,#1739,#1740);
#1738 = CARTESIAN_POINT('',(-3.,0.43,0.));
#1739 = DIRECTION('',(0.,0.,1.));
#1740 = DIRECTION('',(1.,0.,-0.));
#1741 = ADVANCED_FACE('',(#1742),#1753,.T.);
#1742 = FACE_BOUND('',#1743,.T.);
#1743 = EDGE_LOOP('',(#1744,#1745,#1746,#1752));
#1744 = ORIENTED_EDGE('',*,*,#1731,.T.);
#1745 = ORIENTED_EDGE('',*,*,#1589,.T.);
#1746 = ORIENTED_EDGE('',*,*,#1747,.F.);
#1747 = EDGE_CURVE('',#1662,#1582,#1748,.T.);
#1748 = LINE('',#1749,#1750);
#1749 = CARTESIAN_POINT('',(-2.569262956102,0.43,4.13767898629E-02));
#1750 = VECTOR('',#1751,1.);
#1751 = DIRECTION('',(0.,1.,0.));
#1752 = ORIENTED_EDGE('',*,*,#1661,.F.);
#1753 = CYLINDRICAL_SURFACE('',#1754,0.1025);
#1754 = AXIS2_PLACEMENT_3D('',#1755,#1756,#1757);
#1755 = CARTESIAN_POINT('',(-2.651544200517,0.43,0.1025));
#1756 = DIRECTION('',(0.,1.,0.));
#1757 = DIRECTION('',(0.,0.,-1.));
#1758 = ADVANCED_FACE('',(#1759),#1770,.T.);
#1759 = FACE_BOUND('',#1760,.T.);
#1760 = EDGE_LOOP('',(#1761,#1762,#1763,#1764));
#1761 = ORIENTED_EDGE('',*,*,#1670,.F.);
#1762 = ORIENTED_EDGE('',*,*,#1747,.T.);
#1763 = ORIENTED_EDGE('',*,*,#1581,.T.);
#1764 = ORIENTED_EDGE('',*,*,#1765,.F.);
#1765 = EDGE_CURVE('',#1671,#1574,#1766,.T.);
#1766 = LINE('',#1767,#1768);
#1767 = CARTESIAN_POINT('',(-2.011474087796,0.43,0.792246420274));
#1768 = VECTOR('',#1769,1.);
#1769 = DIRECTION('',(0.,1.,0.));
#1770 = PLANE('',#1771);
#1771 = AXIS2_PLACEMENT_3D('',#1772,#1773,#1774);
#1772 = CARTESIAN_POINT('',(-2.6,0.43,0.));
#1773 = DIRECTION('',(0.802743847954,0.,-0.596324001338));
#1774 = DIRECTION('',(0.596324001338,0.,0.802743847954));
#1775 = ADVANCED_FACE('',(#1776),#1787,.F.);
#1776 = FACE_BOUND('',#1777,.F.);
#1777 = EDGE_LOOP('',(#1778,#1779,#1780,#1781));
#1778 = ORIENTED_EDGE('',*,*,#1573,.F.);
#1779 = ORIENTED_EDGE('',*,*,#1765,.F.);
#1780 = ORIENTED_EDGE('',*,*,#1678,.T.);
#1781 = ORIENTED_EDGE('',*,*,#1782,.T.);
#1782 = EDGE_CURVE('',#1679,#1566,#1783,.T.);
#1783 = LINE('',#1784,#1785);
#1784 = CARTESIAN_POINT('',(-1.95,0.43,0.792246420274));
#1785 = VECTOR('',#1786,1.);
#1786 = DIRECTION('',(0.,1.,0.));
#1787 = PLANE('',#1788);
#1788 = AXIS2_PLACEMENT_3D('',#1789,#1790,#1791);
#1789 = CARTESIAN_POINT('',(-2.114562488831,0.43,0.792246420274));
#1790 = DIRECTION('',(0.,0.,1.));
#1791 = DIRECTION('',(1.,0.,-0.));
#1792 = ADVANCED_FACE('',(#1793),#1804,.T.);
#1793 = FACE_BOUND('',#1794,.T.);
#1794 = EDGE_LOOP('',(#1795,#1796,#1797,#1798));
#1795 = ORIENTED_EDGE('',*,*,#1686,.F.);
#1796 = ORIENTED_EDGE('',*,*,#1782,.T.);
#1797 = ORIENTED_EDGE('',*,*,#1565,.T.);
#1798 = ORIENTED_EDGE('',*,*,#1799,.F.);
#1799 = EDGE_CURVE('',#1687,#1558,#1800,.T.);
#1800 = LINE('',#1801,#1802);
#1801 = CARTESIAN_POINT('',(-1.95,0.43,0.997246420274));
#1802 = VECTOR('',#1803,1.);
#1803 = DIRECTION('',(0.,1.,0.));
#1804 = PLANE('',#1805);
#1805 = AXIS2_PLACEMENT_3D('',#1806,#1807,#1808);
#1806 = CARTESIAN_POINT('',(-1.95,0.43,0.792246420274));
#1807 = DIRECTION('',(1.,0.,0.));
#1808 = DIRECTION('',(0.,0.,1.));
#1809 = ADVANCED_FACE('',(#1810),#1821,.F.);
#1810 = FACE_BOUND('',#1811,.F.);
#1811 = EDGE_LOOP('',(#1812,#1813,#1814,#1815));
#1812 = ORIENTED_EDGE('',*,*,#1711,.F.);
#1813 = ORIENTED_EDGE('',*,*,#1606,.T.);
#1814 = ORIENTED_EDGE('',*,*,#1540,.T.);
#1815 = ORIENTED_EDGE('',*,*,#1816,.F.);
#1816 = EDGE_CURVE('',#1703,#1541,#1817,.T.);
#1817 = LINE('',#1818,#1819);
#1818 = CARTESIAN_POINT('',(-2.145299532729,0.43,0.955869630411));
#1819 = VECTOR('',#1820,1.);
#1820 = DIRECTION('',(0.,1.,0.));
#1821 = PLANE('',#1822);
#1822 = AXIS2_PLACEMENT_3D('',#1823,#1824,#1825);
#1823 = CARTESIAN_POINT('',(-2.764562488831,0.43,0.122246420274));
#1824 = DIRECTION('',(0.802743847954,0.,-0.596324001338));
#1825 = DIRECTION('',(0.596324001338,0.,0.802743847954));
#1826 = ADVANCED_FACE('',(#1827),#1838,.T.);
#1827 = FACE_BOUND('',#1828,.T.);
#1828 = EDGE_LOOP('',(#1829,#1830,#1831,#1832));
#1829 = ORIENTED_EDGE('',*,*,#1694,.T.);
#1830 = ORIENTED_EDGE('',*,*,#1799,.T.);
#1831 = ORIENTED_EDGE('',*,*,#1557,.F.);
#1832 = ORIENTED_EDGE('',*,*,#1833,.F.);
#1833 = EDGE_CURVE('',#1695,#1549,#1834,.T.);
#1834 = LINE('',#1835,#1836);
#1835 = CARTESIAN_POINT('',(-2.063018288313,0.43,0.997246420274));
#1836 = VECTOR('',#1837,1.);
#1837 = DIRECTION('',(0.,1.,0.));
#1838 = PLANE('',#1839);
#1839 = AXIS2_PLACEMENT_3D('',#1840,#1841,#1842);
#1840 = CARTESIAN_POINT('',(-2.114562488831,0.43,0.997246420274));
#1841 = DIRECTION('',(0.,0.,1.));
#1842 = DIRECTION('',(1.,0.,-0.));
#1843 = ADVANCED_FACE('',(#1844),#1850,.T.);
#1844 = FACE_BOUND('',#1845,.T.);
#1845 = EDGE_LOOP('',(#1846,#1847,#1848,#1849));
#1846 = ORIENTED_EDGE('',*,*,#1702,.T.);
#1847 = ORIENTED_EDGE('',*,*,#1833,.T.);
#1848 = ORIENTED_EDGE('',*,*,#1548,.F.);
#1849 = ORIENTED_EDGE('',*,*,#1816,.F.);
#1850 = CYLINDRICAL_SURFACE('',#1851,0.1025);
#1851 = AXIS2_PLACEMENT_3D('',#1852,#1853,#1854);
#1852 = CARTESIAN_POINT('',(-2.063018288313,0.43,0.894746420274));
#1853 = DIRECTION('',(0.,1.,0.));
#1854 = DIRECTION('',(-0.802743847954,0.,0.596324001338));
#1855 = MANIFOLD_SOLID_BREP('',#1856);
#1856 = CLOSED_SHELL('',(#1857,#1897,#1987,#2012,#2036,#2111,#2128,#2145
    ,#2162,#2179,#2196,#2213,#2230));
#1857 = ADVANCED_FACE('',(#1858),#1892,.T.);
#1858 = FACE_BOUND('',#1859,.T.);
#1859 = EDGE_LOOP('',(#1860,#1870,#1878,#1886));
#1860 = ORIENTED_EDGE('',*,*,#1861,.F.);
#1861 = EDGE_CURVE('',#1862,#1864,#1866,.T.);
#1862 = VERTEX_POINT('',#1863);
#1863 = CARTESIAN_POINT('',(2.754632601552,0.84,0.205));
#1864 = VERTEX_POINT('',#1865);
#1865 = CARTESIAN_POINT('',(3.,0.84,0.205));
#1866 = LINE('',#1867,#1868);
#1867 = CARTESIAN_POINT('',(2.6,0.84,0.205));
#1868 = VECTOR('',#1869,1.);
#1869 = DIRECTION('',(1.,0.,0.));
#1870 = ORIENTED_EDGE('',*,*,#1871,.F.);
#1871 = EDGE_CURVE('',#1872,#1862,#1874,.T.);
#1872 = VERTEX_POINT('',#1873);
#1873 = CARTESIAN_POINT('',(2.754632601552,0.43,0.205));
#1874 = LINE('',#1875,#1876);
#1875 = CARTESIAN_POINT('',(2.754632601552,0.43,0.205));
#1876 = VECTOR('',#1877,1.);
#1877 = DIRECTION('',(0.,1.,0.));
#1878 = ORIENTED_EDGE('',*,*,#1879,.T.);
#1879 = EDGE_CURVE('',#1872,#1880,#1882,.T.);
#1880 = VERTEX_POINT('',#1881);
#1881 = CARTESIAN_POINT('',(3.,0.43,0.205));
#1882 = LINE('',#1883,#1884);
#1883 = CARTESIAN_POINT('',(2.6,0.43,0.205));
#1884 = VECTOR('',#1885,1.);
#1885 = DIRECTION('',(1.,0.,0.));
#1886 = ORIENTED_EDGE('',*,*,#1887,.T.);
#1887 = EDGE_CURVE('',#1880,#1864,#1888,.T.);
#1888 = LINE('',#1889,#1890);
#1889 = CARTESIAN_POINT('',(3.,0.43,0.205));
#1890 = VECTOR('',#1891,1.);
#1891 = DIRECTION('',(0.,1.,0.));
#1892 = PLANE('',#1893);
#1893 = AXIS2_PLACEMENT_3D('',#1894,#1895,#1896);
#1894 = CARTESIAN_POINT('',(2.6,0.43,0.205));
#1895 = DIRECTION('',(0.,0.,1.));
#1896 = DIRECTION('',(1.,0.,-0.));
#1897 = ADVANCED_FACE('',(#1898),#1982,.T.);
#1898 = FACE_BOUND('',#1899,.T.);
#1899 = EDGE_LOOP('',(#1900,#1910,#1919,#1927,#1935,#1943,#1951,#1960,
    #1968,#1975,#1976));
#1900 = ORIENTED_EDGE('',*,*,#1901,.F.);
#1901 = EDGE_CURVE('',#1902,#1904,#1906,.T.);
#1902 = VERTEX_POINT('',#1903);
#1903 = CARTESIAN_POINT('',(2.651544200517,0.84,-1.387778780781E-17));
#1904 = VERTEX_POINT('',#1905);
#1905 = CARTESIAN_POINT('',(3.,0.84,0.));
#1906 = LINE('',#1907,#1908);
#1907 = CARTESIAN_POINT('',(2.6,0.84,0.));
#1908 = VECTOR('',#1909,1.);
#1909 = DIRECTION('',(1.,0.,0.));
#1910 = ORIENTED_EDGE('',*,*,#1911,.T.);
#1911 = EDGE_CURVE('',#1902,#1912,#1914,.T.);
#1912 = VERTEX_POINT('',#1913);
#1913 = CARTESIAN_POINT('',(2.569262956102,0.84,4.13767898629E-02));
#1914 = CIRCLE('',#1915,0.1025);
#1915 = AXIS2_PLACEMENT_3D('',#1916,#1917,#1918);
#1916 = CARTESIAN_POINT('',(2.651544200517,0.84,0.1025));
#1917 = DIRECTION('',(0.,1.,0.));
#1918 = DIRECTION('',(0.,-0.,1.));
#1919 = ORIENTED_EDGE('',*,*,#1920,.T.);
#1920 = EDGE_CURVE('',#1912,#1921,#1923,.T.);
#1921 = VERTEX_POINT('',#1922);
#1922 = CARTESIAN_POINT('',(2.011474087796,0.84,0.792246420274));
#1923 = LINE('',#1924,#1925);
#1924 = CARTESIAN_POINT('',(2.6,0.84,0.));
#1925 = VECTOR('',#1926,1.);
#1926 = DIRECTION('',(-0.596324001338,0.,0.802743847954));
#1927 = ORIENTED_EDGE('',*,*,#1928,.F.);
#1928 = EDGE_CURVE('',#1929,#1921,#1931,.T.);
#1929 = VERTEX_POINT('',#1930);
#1930 = CARTESIAN_POINT('',(1.95,0.84,0.792246420274));
#1931 = LINE('',#1932,#1933);
#1932 = CARTESIAN_POINT('',(1.95,0.84,0.792246420274));
#1933 = VECTOR('',#1934,1.);
#1934 = DIRECTION('',(1.,0.,0.));
#1935 = ORIENTED_EDGE('',*,*,#1936,.T.);
#1936 = EDGE_CURVE('',#1929,#1937,#1939,.T.);
#1937 = VERTEX_POINT('',#1938);
#1938 = CARTESIAN_POINT('',(1.95,0.84,0.997246420274));
#1939 = LINE('',#1940,#1941);
#1940 = CARTESIAN_POINT('',(1.95,0.84,0.792246420274));
#1941 = VECTOR('',#1942,1.);
#1942 = DIRECTION('',(0.,0.,1.));
#1943 = ORIENTED_EDGE('',*,*,#1944,.T.);
#1944 = EDGE_CURVE('',#1937,#1945,#1947,.T.);
#1945 = VERTEX_POINT('',#1946);
#1946 = CARTESIAN_POINT('',(2.063018288313,0.84,0.997246420274));
#1947 = LINE('',#1948,#1949);
#1948 = CARTESIAN_POINT('',(1.95,0.84,0.997246420274));
#1949 = VECTOR('',#1950,1.);
#1950 = DIRECTION('',(1.,0.,0.));
#1951 = ORIENTED_EDGE('',*,*,#1952,.F.);
#1952 = EDGE_CURVE('',#1953,#1945,#1955,.T.);
#1953 = VERTEX_POINT('',#1954);
#1954 = CARTESIAN_POINT('',(2.145299532729,0.84,0.955869630411));
#1955 = CIRCLE('',#1956,0.1025);
#1956 = AXIS2_PLACEMENT_3D('',#1957,#1958,#1959);
#1957 = CARTESIAN_POINT('',(2.063018288313,0.84,0.894746420274));
#1958 = DIRECTION('',(0.,-1.,0.));
#1959 = DIRECTION('',(0.,0.,1.));
#1960 = ORIENTED_EDGE('',*,*,#1961,.F.);
#1961 = EDGE_CURVE('',#1962,#1953,#1964,.T.);
#1962 = VERTEX_POINT('',#1963);
#1963 = CARTESIAN_POINT('',(2.672351357136,0.84,0.246376789863));
#1964 = LINE('',#1965,#1966);
#1965 = CARTESIAN_POINT('',(2.764562488831,0.84,0.122246420274));
#1966 = VECTOR('',#1967,1.);
#1967 = DIRECTION('',(-0.596324001338,0.,0.802743847954));
#1968 = ORIENTED_EDGE('',*,*,#1969,.F.);
#1969 = EDGE_CURVE('',#1862,#1962,#1970,.T.);
#1970 = CIRCLE('',#1971,0.1025);
#1971 = AXIS2_PLACEMENT_3D('',#1972,#1973,#1974);
#1972 = CARTESIAN_POINT('',(2.754632601552,0.84,0.3075));
#1973 = DIRECTION('',(0.,1.,0.));
#1974 = DIRECTION('',(0.,-0.,1.));
#1975 = ORIENTED_EDGE('',*,*,#1861,.T.);
#1976 = ORIENTED_EDGE('',*,*,#1977,.F.);
#1977 = EDGE_CURVE('',#1904,#1864,#1978,.T.);
#1978 = LINE('',#1979,#1980);
#1979 = CARTESIAN_POINT('',(3.,0.84,0.));
#1980 = VECTOR('',#1981,1.);
#1981 = DIRECTION('',(0.,0.,1.));
#1982 = PLANE('',#1983);
#1983 = AXIS2_PLACEMENT_3D('',#1984,#1985,#1986);
#1984 = CARTESIAN_POINT('',(2.446634874817,0.84,0.442216760875));
#1985 = DIRECTION('',(3.134357508613E-30,1.,2.198606642624E-30));
#1986 = DIRECTION('',(1.,-3.134357508613E-30,0.));
#1987 = ADVANCED_FACE('',(#1988),#2007,.F.);
#1988 = FACE_BOUND('',#1989,.F.);
#1989 = EDGE_LOOP('',(#1990,#1999,#2005,#2006));
#1990 = ORIENTED_EDGE('',*,*,#1991,.T.);
#1991 = EDGE_CURVE('',#1872,#1992,#1994,.T.);
#1992 = VERTEX_POINT('',#1993);
#1993 = CARTESIAN_POINT('',(2.672351357136,0.43,0.246376789863));
#1994 = CIRCLE('',#1995,0.1025);
#1995 = AXIS2_PLACEMENT_3D('',#1996,#1997,#1998);
#1996 = CARTESIAN_POINT('',(2.754632601552,0.43,0.3075));
#1997 = DIRECTION('',(0.,1.,0.));
#1998 = DIRECTION('',(0.,-0.,1.));
#1999 = ORIENTED_EDGE('',*,*,#2000,.T.);
#2000 = EDGE_CURVE('',#1992,#1962,#2001,.T.);
#2001 = LINE('',#2002,#2003);
#2002 = CARTESIAN_POINT('',(2.672351357136,0.43,0.246376789863));
#2003 = VECTOR('',#2004,1.);
#2004 = DIRECTION('',(0.,1.,0.));
#2005 = ORIENTED_EDGE('',*,*,#1969,.F.);
#2006 = ORIENTED_EDGE('',*,*,#1871,.F.);
#2007 = CYLINDRICAL_SURFACE('',#2008,0.1025);
#2008 = AXIS2_PLACEMENT_3D('',#2009,#2010,#2011);
#2009 = CARTESIAN_POINT('',(2.754632601552,0.43,0.3075));
#2010 = DIRECTION('',(0.,1.,0.));
#2011 = DIRECTION('',(0.,0.,-1.));
#2012 = ADVANCED_FACE('',(#2013),#2031,.T.);
#2013 = FACE_BOUND('',#2014,.T.);
#2014 = EDGE_LOOP('',(#2015,#2023,#2029,#2030));
#2015 = ORIENTED_EDGE('',*,*,#2016,.F.);
#2016 = EDGE_CURVE('',#2017,#1880,#2019,.T.);
#2017 = VERTEX_POINT('',#2018);
#2018 = CARTESIAN_POINT('',(3.,0.43,0.));
#2019 = LINE('',#2020,#2021);
#2020 = CARTESIAN_POINT('',(3.,0.43,0.));
#2021 = VECTOR('',#2022,1.);
#2022 = DIRECTION('',(0.,0.,1.));
#2023 = ORIENTED_EDGE('',*,*,#2024,.T.);
#2024 = EDGE_CURVE('',#2017,#1904,#2025,.T.);
#2025 = LINE('',#2026,#2027);
#2026 = CARTESIAN_POINT('',(3.,0.43,0.));
#2027 = VECTOR('',#2028,1.);
#2028 = DIRECTION('',(0.,1.,0.));
#2029 = ORIENTED_EDGE('',*,*,#1977,.T.);
#2030 = ORIENTED_EDGE('',*,*,#1887,.F.);
#2031 = PLANE('',#2032);
#2032 = AXIS2_PLACEMENT_3D('',#2033,#2034,#2035);
#2033 = CARTESIAN_POINT('',(3.,0.43,0.));
#2034 = DIRECTION('',(1.,0.,0.));
#2035 = DIRECTION('',(0.,0.,1.));
#2036 = ADVANCED_FACE('',(#2037),#2106,.T.);
#2037 = FACE_BOUND('',#2038,.T.);
#2038 = EDGE_LOOP('',(#2039,#2047,#2048,#2049,#2050,#2058,#2067,#2075,
    #2083,#2091,#2099));
#2039 = ORIENTED_EDGE('',*,*,#2040,.T.);
#2040 = EDGE_CURVE('',#2041,#2017,#2043,.T.);
#2041 = VERTEX_POINT('',#2042);
#2042 = CARTESIAN_POINT('',(2.651544200517,0.43,-1.387778780781E-17));
#2043 = LINE('',#2044,#2045);
#2044 = CARTESIAN_POINT('',(2.6,0.43,0.));
#2045 = VECTOR('',#2046,1.);
#2046 = DIRECTION('',(1.,0.,0.));
#2047 = ORIENTED_EDGE('',*,*,#2016,.T.);
#2048 = ORIENTED_EDGE('',*,*,#1879,.F.);
#2049 = ORIENTED_EDGE('',*,*,#1991,.T.);
#2050 = ORIENTED_EDGE('',*,*,#2051,.T.);
#2051 = EDGE_CURVE('',#1992,#2052,#2054,.T.);
#2052 = VERTEX_POINT('',#2053);
#2053 = CARTESIAN_POINT('',(2.145299532729,0.43,0.955869630411));
#2054 = LINE('',#2055,#2056);
#2055 = CARTESIAN_POINT('',(2.764562488831,0.43,0.122246420274));
#2056 = VECTOR('',#2057,1.);
#2057 = DIRECTION('',(-0.596324001338,0.,0.802743847954));
#2058 = ORIENTED_EDGE('',*,*,#2059,.T.);
#2059 = EDGE_CURVE('',#2052,#2060,#2062,.T.);
#2060 = VERTEX_POINT('',#2061);
#2061 = CARTESIAN_POINT('',(2.063018288313,0.43,0.997246420274));
#2062 = CIRCLE('',#2063,0.1025);
#2063 = AXIS2_PLACEMENT_3D('',#2064,#2065,#2066);
#2064 = CARTESIAN_POINT('',(2.063018288313,0.43,0.894746420274));
#2065 = DIRECTION('',(0.,-1.,0.));
#2066 = DIRECTION('',(0.,0.,1.));
#2067 = ORIENTED_EDGE('',*,*,#2068,.F.);
#2068 = EDGE_CURVE('',#2069,#2060,#2071,.T.);
#2069 = VERTEX_POINT('',#2070);
#2070 = CARTESIAN_POINT('',(1.95,0.43,0.997246420274));
#2071 = LINE('',#2072,#2073);
#2072 = CARTESIAN_POINT('',(1.95,0.43,0.997246420274));
#2073 = VECTOR('',#2074,1.);
#2074 = DIRECTION('',(1.,0.,0.));
#2075 = ORIENTED_EDGE('',*,*,#2076,.F.);
#2076 = EDGE_CURVE('',#2077,#2069,#2079,.T.);
#2077 = VERTEX_POINT('',#2078);
#2078 = CARTESIAN_POINT('',(1.95,0.43,0.792246420274));
#2079 = LINE('',#2080,#2081);
#2080 = CARTESIAN_POINT('',(1.95,0.43,0.792246420274));
#2081 = VECTOR('',#2082,1.);
#2082 = DIRECTION('',(0.,0.,1.));
#2083 = ORIENTED_EDGE('',*,*,#2084,.T.);
#2084 = EDGE_CURVE('',#2077,#2085,#2087,.T.);
#2085 = VERTEX_POINT('',#2086);
#2086 = CARTESIAN_POINT('',(2.011474087796,0.43,0.792246420274));
#2087 = LINE('',#2088,#2089);
#2088 = CARTESIAN_POINT('',(1.95,0.43,0.792246420274));
#2089 = VECTOR('',#2090,1.);
#2090 = DIRECTION('',(1.,0.,0.));
#2091 = ORIENTED_EDGE('',*,*,#2092,.F.);
#2092 = EDGE_CURVE('',#2093,#2085,#2095,.T.);
#2093 = VERTEX_POINT('',#2094);
#2094 = CARTESIAN_POINT('',(2.569262956102,0.43,4.13767898629E-02));
#2095 = LINE('',#2096,#2097);
#2096 = CARTESIAN_POINT('',(2.6,0.43,0.));
#2097 = VECTOR('',#2098,1.);
#2098 = DIRECTION('',(-0.596324001338,0.,0.802743847954));
#2099 = ORIENTED_EDGE('',*,*,#2100,.F.);
#2100 = EDGE_CURVE('',#2041,#2093,#2101,.T.);
#2101 = CIRCLE('',#2102,0.1025);
#2102 = AXIS2_PLACEMENT_3D('',#2103,#2104,#2105);
#2103 = CARTESIAN_POINT('',(2.651544200517,0.43,0.1025));
#2104 = DIRECTION('',(0.,1.,0.));
#2105 = DIRECTION('',(0.,-0.,1.));
#2106 = PLANE('',#2107);
#2107 = AXIS2_PLACEMENT_3D('',#2108,#2109,#2110);
#2108 = CARTESIAN_POINT('',(2.446634874817,0.43,0.442216760875));
#2109 = DIRECTION('',(1.568340642789E-29,-1.,1.280385161998E-29));
#2110 = DIRECTION('',(-1.,-1.568340642789E-29,0.));
#2111 = ADVANCED_FACE('',(#2112),#2123,.F.);
#2112 = FACE_BOUND('',#2113,.F.);
#2113 = EDGE_LOOP('',(#2114,#2115,#2116,#2117));
#2114 = ORIENTED_EDGE('',*,*,#2040,.T.);
#2115 = ORIENTED_EDGE('',*,*,#2024,.T.);
#2116 = ORIENTED_EDGE('',*,*,#1901,.F.);
#2117 = ORIENTED_EDGE('',*,*,#2118,.F.);
#2118 = EDGE_CURVE('',#2041,#1902,#2119,.T.);
#2119 = LINE('',#2120,#2121);
#2120 = CARTESIAN_POINT('',(2.651544200517,0.43,-1.387778780781E-17));
#2121 = VECTOR('',#2122,1.);
#2122 = DIRECTION('',(0.,1.,0.));
#2123 = PLANE('',#2124);
#2124 = AXIS2_PLACEMENT_3D('',#2125,#2126,#2127);
#2125 = CARTESIAN_POINT('',(2.6,0.43,0.));
#2126 = DIRECTION('',(0.,0.,1.));
#2127 = DIRECTION('',(1.,0.,-0.));
#2128 = ADVANCED_FACE('',(#2129),#2140,.T.);
#2129 = FACE_BOUND('',#2130,.T.);
#2130 = EDGE_LOOP('',(#2131,#2132,#2138,#2139));
#2131 = ORIENTED_EDGE('',*,*,#2100,.T.);
#2132 = ORIENTED_EDGE('',*,*,#2133,.T.);
#2133 = EDGE_CURVE('',#2093,#1912,#2134,.T.);
#2134 = LINE('',#2135,#2136);
#2135 = CARTESIAN_POINT('',(2.569262956102,0.43,4.13767898629E-02));
#2136 = VECTOR('',#2137,1.);
#2137 = DIRECTION('',(0.,1.,0.));
#2138 = ORIENTED_EDGE('',*,*,#1911,.F.);
#2139 = ORIENTED_EDGE('',*,*,#2118,.F.);
#2140 = CYLINDRICAL_SURFACE('',#2141,0.1025);
#2141 = AXIS2_PLACEMENT_3D('',#2142,#2143,#2144);
#2142 = CARTESIAN_POINT('',(2.651544200517,0.43,0.1025));
#2143 = DIRECTION('',(0.,1.,0.));
#2144 = DIRECTION('',(0.,0.,-1.));
#2145 = ADVANCED_FACE('',(#2146),#2157,.F.);
#2146 = FACE_BOUND('',#2147,.F.);
#2147 = EDGE_LOOP('',(#2148,#2149,#2150,#2151));
#2148 = ORIENTED_EDGE('',*,*,#2092,.F.);
#2149 = ORIENTED_EDGE('',*,*,#2133,.T.);
#2150 = ORIENTED_EDGE('',*,*,#1920,.T.);
#2151 = ORIENTED_EDGE('',*,*,#2152,.F.);
#2152 = EDGE_CURVE('',#2085,#1921,#2153,.T.);
#2153 = LINE('',#2154,#2155);
#2154 = CARTESIAN_POINT('',(2.011474087796,0.43,0.792246420274));
#2155 = VECTOR('',#2156,1.);
#2156 = DIRECTION('',(0.,1.,0.));
#2157 = PLANE('',#2158);
#2158 = AXIS2_PLACEMENT_3D('',#2159,#2160,#2161);
#2159 = CARTESIAN_POINT('',(2.6,0.43,0.));
#2160 = DIRECTION('',(0.802743847954,0.,0.596324001338));
#2161 = DIRECTION('',(-0.596324001338,0.,0.802743847954));
#2162 = ADVANCED_FACE('',(#2163),#2174,.F.);
#2163 = FACE_BOUND('',#2164,.F.);
#2164 = EDGE_LOOP('',(#2165,#2166,#2172,#2173));
#2165 = ORIENTED_EDGE('',*,*,#1928,.F.);
#2166 = ORIENTED_EDGE('',*,*,#2167,.F.);
#2167 = EDGE_CURVE('',#2077,#1929,#2168,.T.);
#2168 = LINE('',#2169,#2170);
#2169 = CARTESIAN_POINT('',(1.95,0.43,0.792246420274));
#2170 = VECTOR('',#2171,1.);
#2171 = DIRECTION('',(0.,1.,0.));
#2172 = ORIENTED_EDGE('',*,*,#2084,.T.);
#2173 = ORIENTED_EDGE('',*,*,#2152,.T.);
#2174 = PLANE('',#2175);
#2175 = AXIS2_PLACEMENT_3D('',#2176,#2177,#2178);
#2176 = CARTESIAN_POINT('',(1.95,0.43,0.792246420274));
#2177 = DIRECTION('',(0.,0.,1.));
#2178 = DIRECTION('',(1.,0.,-0.));
#2179 = ADVANCED_FACE('',(#2180),#2191,.F.);
#2180 = FACE_BOUND('',#2181,.T.);
#2181 = EDGE_LOOP('',(#2182,#2183,#2189,#2190));
#2182 = ORIENTED_EDGE('',*,*,#2076,.T.);
#2183 = ORIENTED_EDGE('',*,*,#2184,.T.);
#2184 = EDGE_CURVE('',#2069,#1937,#2185,.T.);
#2185 = LINE('',#2186,#2187);
#2186 = CARTESIAN_POINT('',(1.95,0.43,0.997246420274));
#2187 = VECTOR('',#2188,1.);
#2188 = DIRECTION('',(0.,1.,0.));
#2189 = ORIENTED_EDGE('',*,*,#1936,.F.);
#2190 = ORIENTED_EDGE('',*,*,#2167,.F.);
#2191 = PLANE('',#2192);
#2192 = AXIS2_PLACEMENT_3D('',#2193,#2194,#2195);
#2193 = CARTESIAN_POINT('',(1.95,0.43,0.792246420274));
#2194 = DIRECTION('',(1.,0.,0.));
#2195 = DIRECTION('',(0.,0.,1.));
#2196 = ADVANCED_FACE('',(#2197),#2208,.T.);
#2197 = FACE_BOUND('',#2198,.T.);
#2198 = EDGE_LOOP('',(#2199,#2200,#2201,#2202));
#2199 = ORIENTED_EDGE('',*,*,#2051,.F.);
#2200 = ORIENTED_EDGE('',*,*,#2000,.T.);
#2201 = ORIENTED_EDGE('',*,*,#1961,.T.);
#2202 = ORIENTED_EDGE('',*,*,#2203,.F.);
#2203 = EDGE_CURVE('',#2052,#1953,#2204,.T.);
#2204 = LINE('',#2205,#2206);
#2205 = CARTESIAN_POINT('',(2.145299532729,0.43,0.955869630411));
#2206 = VECTOR('',#2207,1.);
#2207 = DIRECTION('',(0.,1.,0.));
#2208 = PLANE('',#2209);
#2209 = AXIS2_PLACEMENT_3D('',#2210,#2211,#2212);
#2210 = CARTESIAN_POINT('',(2.764562488831,0.43,0.122246420274));
#2211 = DIRECTION('',(0.802743847954,0.,0.596324001338));
#2212 = DIRECTION('',(-0.596324001338,0.,0.802743847954));
#2213 = ADVANCED_FACE('',(#2214),#2225,.T.);
#2214 = FACE_BOUND('',#2215,.T.);
#2215 = EDGE_LOOP('',(#2216,#2217,#2218,#2219));
#2216 = ORIENTED_EDGE('',*,*,#1944,.F.);
#2217 = ORIENTED_EDGE('',*,*,#2184,.F.);
#2218 = ORIENTED_EDGE('',*,*,#2068,.T.);
#2219 = ORIENTED_EDGE('',*,*,#2220,.T.);
#2220 = EDGE_CURVE('',#2060,#1945,#2221,.T.);
#2221 = LINE('',#2222,#2223);
#2222 = CARTESIAN_POINT('',(2.063018288313,0.43,0.997246420274));
#2223 = VECTOR('',#2224,1.);
#2224 = DIRECTION('',(0.,1.,0.));
#2225 = PLANE('',#2226);
#2226 = AXIS2_PLACEMENT_3D('',#2227,#2228,#2229);
#2227 = CARTESIAN_POINT('',(1.95,0.43,0.997246420274));
#2228 = DIRECTION('',(0.,0.,1.));
#2229 = DIRECTION('',(1.,0.,-0.));
#2230 = ADVANCED_FACE('',(#2231),#2237,.T.);
#2231 = FACE_BOUND('',#2232,.T.);
#2232 = EDGE_LOOP('',(#2233,#2234,#2235,#2236));
#2233 = ORIENTED_EDGE('',*,*,#2203,.T.);
#2234 = ORIENTED_EDGE('',*,*,#1952,.T.);
#2235 = ORIENTED_EDGE('',*,*,#2220,.F.);
#2236 = ORIENTED_EDGE('',*,*,#2059,.F.);
#2237 = CYLINDRICAL_SURFACE('',#2238,0.1025);
#2238 = AXIS2_PLACEMENT_3D('',#2239,#2240,#2241);
#2239 = CARTESIAN_POINT('',(2.063018288313,0.43,0.894746420274));
#2240 = DIRECTION('',(0.,1.,0.));
#2241 = DIRECTION('',(0.802743847954,-0.,0.596324001338));
#2242 = MANIFOLD_SOLID_BREP('',#2243);
#2243 = CLOSED_SHELL('',(#2244,#2284,#2374,#2399,#2423,#2498,#2515,#2532
    ,#2549,#2566,#2583,#2600,#2617));
#2244 = ADVANCED_FACE('',(#2245),#2279,.T.);
#2245 = FACE_BOUND('',#2246,.T.);
#2246 = EDGE_LOOP('',(#2247,#2257,#2265,#2273));
#2247 = ORIENTED_EDGE('',*,*,#2248,.F.);
#2248 = EDGE_CURVE('',#2249,#2251,#2253,.T.);
#2249 = VERTEX_POINT('',#2250);
#2250 = CARTESIAN_POINT('',(-3.,-0.43,0.205));
#2251 = VERTEX_POINT('',#2252);
#2252 = CARTESIAN_POINT('',(-2.754632601552,-0.43,0.205));
#2253 = LINE('',#2254,#2255);
#2254 = CARTESIAN_POINT('',(-3.,-0.43,0.205));
#2255 = VECTOR('',#2256,1.);
#2256 = DIRECTION('',(1.,0.,0.));
#2257 = ORIENTED_EDGE('',*,*,#2258,.F.);
#2258 = EDGE_CURVE('',#2259,#2249,#2261,.T.);
#2259 = VERTEX_POINT('',#2260);
#2260 = CARTESIAN_POINT('',(-3.,-0.84,0.205));
#2261 = LINE('',#2262,#2263);
#2262 = CARTESIAN_POINT('',(-3.,-0.84,0.205));
#2263 = VECTOR('',#2264,1.);
#2264 = DIRECTION('',(0.,1.,0.));
#2265 = ORIENTED_EDGE('',*,*,#2266,.T.);
#2266 = EDGE_CURVE('',#2259,#2267,#2269,.T.);
#2267 = VERTEX_POINT('',#2268);
#2268 = CARTESIAN_POINT('',(-2.754632601552,-0.84,0.205));
#2269 = LINE('',#2270,#2271);
#2270 = CARTESIAN_POINT('',(-3.,-0.84,0.205));
#2271 = VECTOR('',#2272,1.);
#2272 = DIRECTION('',(1.,0.,0.));
#2273 = ORIENTED_EDGE('',*,*,#2274,.T.);
#2274 = EDGE_CURVE('',#2267,#2251,#2275,.T.);
#2275 = LINE('',#2276,#2277);
#2276 = CARTESIAN_POINT('',(-2.754632601552,-0.84,0.205));
#2277 = VECTOR('',#2278,1.);
#2278 = DIRECTION('',(0.,1.,0.));
#2279 = PLANE('',#2280);
#2280 = AXIS2_PLACEMENT_3D('',#2281,#2282,#2283);
#2281 = CARTESIAN_POINT('',(-3.,-0.84,0.205));
#2282 = DIRECTION('',(0.,0.,1.));
#2283 = DIRECTION('',(1.,0.,-0.));
#2284 = ADVANCED_FACE('',(#2285),#2369,.T.);
#2285 = FACE_BOUND('',#2286,.T.);
#2286 = EDGE_LOOP('',(#2287,#2297,#2303,#2304,#2313,#2321,#2330,#2338,
    #2346,#2354,#2362));
#2287 = ORIENTED_EDGE('',*,*,#2288,.F.);
#2288 = EDGE_CURVE('',#2289,#2291,#2293,.T.);
#2289 = VERTEX_POINT('',#2290);
#2290 = CARTESIAN_POINT('',(-3.,-0.43,0.));
#2291 = VERTEX_POINT('',#2292);
#2292 = CARTESIAN_POINT('',(-2.651544200517,-0.43,-1.387778780781E-17));
#2293 = LINE('',#2294,#2295);
#2294 = CARTESIAN_POINT('',(-3.,-0.43,0.));
#2295 = VECTOR('',#2296,1.);
#2296 = DIRECTION('',(1.,0.,0.));
#2297 = ORIENTED_EDGE('',*,*,#2298,.T.);
#2298 = EDGE_CURVE('',#2289,#2249,#2299,.T.);
#2299 = LINE('',#2300,#2301);
#2300 = CARTESIAN_POINT('',(-3.,-0.43,0.));
#2301 = VECTOR('',#2302,1.);
#2302 = DIRECTION('',(0.,0.,1.));
#2303 = ORIENTED_EDGE('',*,*,#2248,.T.);
#2304 = ORIENTED_EDGE('',*,*,#2305,.T.);
#2305 = EDGE_CURVE('',#2251,#2306,#2308,.T.);
#2306 = VERTEX_POINT('',#2307);
#2307 = CARTESIAN_POINT('',(-2.672351357136,-0.43,0.246376789863));
#2308 = CIRCLE('',#2309,0.1025);
#2309 = AXIS2_PLACEMENT_3D('',#2310,#2311,#2312);
#2310 = CARTESIAN_POINT('',(-2.754632601552,-0.43,0.3075));
#2311 = DIRECTION('',(0.,-1.,0.));
#2312 = DIRECTION('',(0.,0.,1.));
#2313 = ORIENTED_EDGE('',*,*,#2314,.T.);
#2314 = EDGE_CURVE('',#2306,#2315,#2317,.T.);
#2315 = VERTEX_POINT('',#2316);
#2316 = CARTESIAN_POINT('',(-2.145299532729,-0.43,0.955869630411));
#2317 = LINE('',#2318,#2319);
#2318 = CARTESIAN_POINT('',(-2.764562488831,-0.43,0.122246420274));
#2319 = VECTOR('',#2320,1.);
#2320 = DIRECTION('',(0.596324001338,0.,0.802743847954));
#2321 = ORIENTED_EDGE('',*,*,#2322,.T.);
#2322 = EDGE_CURVE('',#2315,#2323,#2325,.T.);
#2323 = VERTEX_POINT('',#2324);
#2324 = CARTESIAN_POINT('',(-2.063018288313,-0.43,0.997246420274));
#2325 = CIRCLE('',#2326,0.1025);
#2326 = AXIS2_PLACEMENT_3D('',#2327,#2328,#2329);
#2327 = CARTESIAN_POINT('',(-2.063018288313,-0.43,0.894746420274));
#2328 = DIRECTION('',(0.,1.,0.));
#2329 = DIRECTION('',(0.,-0.,1.));
#2330 = ORIENTED_EDGE('',*,*,#2331,.T.);
#2331 = EDGE_CURVE('',#2323,#2332,#2334,.T.);
#2332 = VERTEX_POINT('',#2333);
#2333 = CARTESIAN_POINT('',(-1.95,-0.43,0.997246420274));
#2334 = LINE('',#2335,#2336);
#2335 = CARTESIAN_POINT('',(-2.114562488831,-0.43,0.997246420274));
#2336 = VECTOR('',#2337,1.);
#2337 = DIRECTION('',(1.,0.,0.));
#2338 = ORIENTED_EDGE('',*,*,#2339,.F.);
#2339 = EDGE_CURVE('',#2340,#2332,#2342,.T.);
#2340 = VERTEX_POINT('',#2341);
#2341 = CARTESIAN_POINT('',(-1.95,-0.43,0.792246420274));
#2342 = LINE('',#2343,#2344);
#2343 = CARTESIAN_POINT('',(-1.95,-0.43,0.792246420274));
#2344 = VECTOR('',#2345,1.);
#2345 = DIRECTION('',(0.,0.,1.));
#2346 = ORIENTED_EDGE('',*,*,#2347,.F.);
#2347 = EDGE_CURVE('',#2348,#2340,#2350,.T.);
#2348 = VERTEX_POINT('',#2349);
#2349 = CARTESIAN_POINT('',(-2.011474087796,-0.43,0.792246420274));
#2350 = LINE('',#2351,#2352);
#2351 = CARTESIAN_POINT('',(-2.114562488831,-0.43,0.792246420274));
#2352 = VECTOR('',#2353,1.);
#2353 = DIRECTION('',(1.,0.,0.));
#2354 = ORIENTED_EDGE('',*,*,#2355,.F.);
#2355 = EDGE_CURVE('',#2356,#2348,#2358,.T.);
#2356 = VERTEX_POINT('',#2357);
#2357 = CARTESIAN_POINT('',(-2.569262956102,-0.43,4.13767898629E-02));
#2358 = LINE('',#2359,#2360);
#2359 = CARTESIAN_POINT('',(-2.6,-0.43,0.));
#2360 = VECTOR('',#2361,1.);
#2361 = DIRECTION('',(0.596324001338,0.,0.802743847954));
#2362 = ORIENTED_EDGE('',*,*,#2363,.F.);
#2363 = EDGE_CURVE('',#2291,#2356,#2364,.T.);
#2364 = CIRCLE('',#2365,0.1025);
#2365 = AXIS2_PLACEMENT_3D('',#2366,#2367,#2368);
#2366 = CARTESIAN_POINT('',(-2.651544200517,-0.43,0.1025));
#2367 = DIRECTION('',(0.,-1.,0.));
#2368 = DIRECTION('',(0.,0.,1.));
#2369 = PLANE('',#2370);
#2370 = AXIS2_PLACEMENT_3D('',#2371,#2372,#2373);
#2371 = CARTESIAN_POINT('',(-2.446634874817,-0.43,0.442216760875));
#2372 = DIRECTION('',(0.,1.,0.));
#2373 = DIRECTION('',(0.,-0.,1.));
#2374 = ADVANCED_FACE('',(#2375),#2394,.F.);
#2375 = FACE_BOUND('',#2376,.F.);
#2376 = EDGE_LOOP('',(#2377,#2378,#2379,#2387));
#2377 = ORIENTED_EDGE('',*,*,#2274,.T.);
#2378 = ORIENTED_EDGE('',*,*,#2305,.T.);
#2379 = ORIENTED_EDGE('',*,*,#2380,.F.);
#2380 = EDGE_CURVE('',#2381,#2306,#2383,.T.);
#2381 = VERTEX_POINT('',#2382);
#2382 = CARTESIAN_POINT('',(-2.672351357136,-0.84,0.246376789863));
#2383 = LINE('',#2384,#2385);
#2384 = CARTESIAN_POINT('',(-2.672351357136,-0.84,0.246376789863));
#2385 = VECTOR('',#2386,1.);
#2386 = DIRECTION('',(0.,1.,0.));
#2387 = ORIENTED_EDGE('',*,*,#2388,.F.);
#2388 = EDGE_CURVE('',#2267,#2381,#2389,.T.);
#2389 = CIRCLE('',#2390,0.1025);
#2390 = AXIS2_PLACEMENT_3D('',#2391,#2392,#2393);
#2391 = CARTESIAN_POINT('',(-2.754632601552,-0.84,0.3075));
#2392 = DIRECTION('',(0.,-1.,0.));
#2393 = DIRECTION('',(0.,0.,1.));
#2394 = CYLINDRICAL_SURFACE('',#2395,0.1025);
#2395 = AXIS2_PLACEMENT_3D('',#2396,#2397,#2398);
#2396 = CARTESIAN_POINT('',(-2.754632601552,-0.84,0.3075));
#2397 = DIRECTION('',(0.,1.,0.));
#2398 = DIRECTION('',(0.,0.,-1.));
#2399 = ADVANCED_FACE('',(#2400),#2418,.F.);
#2400 = FACE_BOUND('',#2401,.F.);
#2401 = EDGE_LOOP('',(#2402,#2410,#2416,#2417));
#2402 = ORIENTED_EDGE('',*,*,#2403,.F.);
#2403 = EDGE_CURVE('',#2404,#2259,#2406,.T.);
#2404 = VERTEX_POINT('',#2405);
#2405 = CARTESIAN_POINT('',(-3.,-0.84,0.));
#2406 = LINE('',#2407,#2408);
#2407 = CARTESIAN_POINT('',(-3.,-0.84,0.));
#2408 = VECTOR('',#2409,1.);
#2409 = DIRECTION('',(0.,0.,1.));
#2410 = ORIENTED_EDGE('',*,*,#2411,.T.);
#2411 = EDGE_CURVE('',#2404,#2289,#2412,.T.);
#2412 = LINE('',#2413,#2414);
#2413 = CARTESIAN_POINT('',(-3.,-0.84,0.));
#2414 = VECTOR('',#2415,1.);
#2415 = DIRECTION('',(0.,1.,0.));
#2416 = ORIENTED_EDGE('',*,*,#2298,.T.);
#2417 = ORIENTED_EDGE('',*,*,#2258,.F.);
#2418 = PLANE('',#2419);
#2419 = AXIS2_PLACEMENT_3D('',#2420,#2421,#2422);
#2420 = CARTESIAN_POINT('',(-3.,-0.84,0.));
#2421 = DIRECTION('',(1.,0.,0.));
#2422 = DIRECTION('',(0.,0.,1.));
#2423 = ADVANCED_FACE('',(#2424),#2493,.T.);
#2424 = FACE_BOUND('',#2425,.T.);
#2425 = EDGE_LOOP('',(#2426,#2434,#2443,#2451,#2459,#2467,#2475,#2484,
    #2490,#2491,#2492));
#2426 = ORIENTED_EDGE('',*,*,#2427,.T.);
#2427 = EDGE_CURVE('',#2404,#2428,#2430,.T.);
#2428 = VERTEX_POINT('',#2429);
#2429 = CARTESIAN_POINT('',(-2.651544200517,-0.84,-1.387778780781E-17));
#2430 = LINE('',#2431,#2432);
#2431 = CARTESIAN_POINT('',(-3.,-0.84,0.));
#2432 = VECTOR('',#2433,1.);
#2433 = DIRECTION('',(1.,0.,0.));
#2434 = ORIENTED_EDGE('',*,*,#2435,.T.);
#2435 = EDGE_CURVE('',#2428,#2436,#2438,.T.);
#2436 = VERTEX_POINT('',#2437);
#2437 = CARTESIAN_POINT('',(-2.569262956102,-0.84,4.13767898629E-02));
#2438 = CIRCLE('',#2439,0.1025);
#2439 = AXIS2_PLACEMENT_3D('',#2440,#2441,#2442);
#2440 = CARTESIAN_POINT('',(-2.651544200517,-0.84,0.1025));
#2441 = DIRECTION('',(0.,-1.,0.));
#2442 = DIRECTION('',(0.,0.,1.));
#2443 = ORIENTED_EDGE('',*,*,#2444,.T.);
#2444 = EDGE_CURVE('',#2436,#2445,#2447,.T.);
#2445 = VERTEX_POINT('',#2446);
#2446 = CARTESIAN_POINT('',(-2.011474087796,-0.84,0.792246420274));
#2447 = LINE('',#2448,#2449);
#2448 = CARTESIAN_POINT('',(-2.6,-0.84,0.));
#2449 = VECTOR('',#2450,1.);
#2450 = DIRECTION('',(0.596324001338,0.,0.802743847954));
#2451 = ORIENTED_EDGE('',*,*,#2452,.T.);
#2452 = EDGE_CURVE('',#2445,#2453,#2455,.T.);
#2453 = VERTEX_POINT('',#2454);
#2454 = CARTESIAN_POINT('',(-1.95,-0.84,0.792246420274));
#2455 = LINE('',#2456,#2457);
#2456 = CARTESIAN_POINT('',(-2.114562488831,-0.84,0.792246420274));
#2457 = VECTOR('',#2458,1.);
#2458 = DIRECTION('',(1.,0.,0.));
#2459 = ORIENTED_EDGE('',*,*,#2460,.T.);
#2460 = EDGE_CURVE('',#2453,#2461,#2463,.T.);
#2461 = VERTEX_POINT('',#2462);
#2462 = CARTESIAN_POINT('',(-1.95,-0.84,0.997246420274));
#2463 = LINE('',#2464,#2465);
#2464 = CARTESIAN_POINT('',(-1.95,-0.84,0.792246420274));
#2465 = VECTOR('',#2466,1.);
#2466 = DIRECTION('',(0.,0.,1.));
#2467 = ORIENTED_EDGE('',*,*,#2468,.F.);
#2468 = EDGE_CURVE('',#2469,#2461,#2471,.T.);
#2469 = VERTEX_POINT('',#2470);
#2470 = CARTESIAN_POINT('',(-2.063018288313,-0.84,0.997246420274));
#2471 = LINE('',#2472,#2473);
#2472 = CARTESIAN_POINT('',(-2.114562488831,-0.84,0.997246420274));
#2473 = VECTOR('',#2474,1.);
#2474 = DIRECTION('',(1.,0.,0.));
#2475 = ORIENTED_EDGE('',*,*,#2476,.F.);
#2476 = EDGE_CURVE('',#2477,#2469,#2479,.T.);
#2477 = VERTEX_POINT('',#2478);
#2478 = CARTESIAN_POINT('',(-2.145299532729,-0.84,0.955869630411));
#2479 = CIRCLE('',#2480,0.1025);
#2480 = AXIS2_PLACEMENT_3D('',#2481,#2482,#2483);
#2481 = CARTESIAN_POINT('',(-2.063018288313,-0.84,0.894746420274));
#2482 = DIRECTION('',(0.,1.,0.));
#2483 = DIRECTION('',(0.,-0.,1.));
#2484 = ORIENTED_EDGE('',*,*,#2485,.F.);
#2485 = EDGE_CURVE('',#2381,#2477,#2486,.T.);
#2486 = LINE('',#2487,#2488);
#2487 = CARTESIAN_POINT('',(-2.764562488831,-0.84,0.122246420274));
#2488 = VECTOR('',#2489,1.);
#2489 = DIRECTION('',(0.596324001338,0.,0.802743847954));
#2490 = ORIENTED_EDGE('',*,*,#2388,.F.);
#2491 = ORIENTED_EDGE('',*,*,#2266,.F.);
#2492 = ORIENTED_EDGE('',*,*,#2403,.F.);
#2493 = PLANE('',#2494);
#2494 = AXIS2_PLACEMENT_3D('',#2495,#2496,#2497);
#2495 = CARTESIAN_POINT('',(-2.446634874817,-0.84,0.442216760875));
#2496 = DIRECTION('',(-5.228471109991E-30,-1.,4.246270291376E-30));
#2497 = DIRECTION('',(-1.,5.228471109991E-30,0.));
#2498 = ADVANCED_FACE('',(#2499),#2510,.F.);
#2499 = FACE_BOUND('',#2500,.F.);
#2500 = EDGE_LOOP('',(#2501,#2502,#2503,#2504));
#2501 = ORIENTED_EDGE('',*,*,#2288,.F.);
#2502 = ORIENTED_EDGE('',*,*,#2411,.F.);
#2503 = ORIENTED_EDGE('',*,*,#2427,.T.);
#2504 = ORIENTED_EDGE('',*,*,#2505,.T.);
#2505 = EDGE_CURVE('',#2428,#2291,#2506,.T.);
#2506 = LINE('',#2507,#2508);
#2507 = CARTESIAN_POINT('',(-2.651544200517,-0.84,-1.387778780781E-17));
#2508 = VECTOR('',#2509,1.);
#2509 = DIRECTION('',(0.,1.,0.));
#2510 = PLANE('',#2511);
#2511 = AXIS2_PLACEMENT_3D('',#2512,#2513,#2514);
#2512 = CARTESIAN_POINT('',(-3.,-0.84,0.));
#2513 = DIRECTION('',(0.,0.,1.));
#2514 = DIRECTION('',(1.,0.,-0.));
#2515 = ADVANCED_FACE('',(#2516),#2527,.T.);
#2516 = FACE_BOUND('',#2517,.T.);
#2517 = EDGE_LOOP('',(#2518,#2519,#2520,#2526));
#2518 = ORIENTED_EDGE('',*,*,#2505,.T.);
#2519 = ORIENTED_EDGE('',*,*,#2363,.T.);
#2520 = ORIENTED_EDGE('',*,*,#2521,.F.);
#2521 = EDGE_CURVE('',#2436,#2356,#2522,.T.);
#2522 = LINE('',#2523,#2524);
#2523 = CARTESIAN_POINT('',(-2.569262956102,-0.84,4.13767898629E-02));
#2524 = VECTOR('',#2525,1.);
#2525 = DIRECTION('',(0.,1.,0.));
#2526 = ORIENTED_EDGE('',*,*,#2435,.F.);
#2527 = CYLINDRICAL_SURFACE('',#2528,0.1025);
#2528 = AXIS2_PLACEMENT_3D('',#2529,#2530,#2531);
#2529 = CARTESIAN_POINT('',(-2.651544200517,-0.84,0.1025));
#2530 = DIRECTION('',(0.,1.,0.));
#2531 = DIRECTION('',(0.,0.,-1.));
#2532 = ADVANCED_FACE('',(#2533),#2544,.T.);
#2533 = FACE_BOUND('',#2534,.T.);
#2534 = EDGE_LOOP('',(#2535,#2536,#2537,#2538));
#2535 = ORIENTED_EDGE('',*,*,#2444,.F.);
#2536 = ORIENTED_EDGE('',*,*,#2521,.T.);
#2537 = ORIENTED_EDGE('',*,*,#2355,.T.);
#2538 = ORIENTED_EDGE('',*,*,#2539,.F.);
#2539 = EDGE_CURVE('',#2445,#2348,#2540,.T.);
#2540 = LINE('',#2541,#2542);
#2541 = CARTESIAN_POINT('',(-2.011474087796,-0.84,0.792246420274));
#2542 = VECTOR('',#2543,1.);
#2543 = DIRECTION('',(0.,1.,0.));
#2544 = PLANE('',#2545);
#2545 = AXIS2_PLACEMENT_3D('',#2546,#2547,#2548);
#2546 = CARTESIAN_POINT('',(-2.6,-0.84,0.));
#2547 = DIRECTION('',(0.802743847954,0.,-0.596324001338));
#2548 = DIRECTION('',(0.596324001338,0.,0.802743847954));
#2549 = ADVANCED_FACE('',(#2550),#2561,.F.);
#2550 = FACE_BOUND('',#2551,.F.);
#2551 = EDGE_LOOP('',(#2552,#2553,#2554,#2555));
#2552 = ORIENTED_EDGE('',*,*,#2347,.F.);
#2553 = ORIENTED_EDGE('',*,*,#2539,.F.);
#2554 = ORIENTED_EDGE('',*,*,#2452,.T.);
#2555 = ORIENTED_EDGE('',*,*,#2556,.T.);
#2556 = EDGE_CURVE('',#2453,#2340,#2557,.T.);
#2557 = LINE('',#2558,#2559);
#2558 = CARTESIAN_POINT('',(-1.95,-0.84,0.792246420274));
#2559 = VECTOR('',#2560,1.);
#2560 = DIRECTION('',(0.,1.,0.));
#2561 = PLANE('',#2562);
#2562 = AXIS2_PLACEMENT_3D('',#2563,#2564,#2565);
#2563 = CARTESIAN_POINT('',(-2.114562488831,-0.84,0.792246420274));
#2564 = DIRECTION('',(0.,0.,1.));
#2565 = DIRECTION('',(1.,0.,-0.));
#2566 = ADVANCED_FACE('',(#2567),#2578,.T.);
#2567 = FACE_BOUND('',#2568,.T.);
#2568 = EDGE_LOOP('',(#2569,#2570,#2571,#2572));
#2569 = ORIENTED_EDGE('',*,*,#2460,.F.);
#2570 = ORIENTED_EDGE('',*,*,#2556,.T.);
#2571 = ORIENTED_EDGE('',*,*,#2339,.T.);
#2572 = ORIENTED_EDGE('',*,*,#2573,.F.);
#2573 = EDGE_CURVE('',#2461,#2332,#2574,.T.);
#2574 = LINE('',#2575,#2576);
#2575 = CARTESIAN_POINT('',(-1.95,-0.84,0.997246420274));
#2576 = VECTOR('',#2577,1.);
#2577 = DIRECTION('',(0.,1.,0.));
#2578 = PLANE('',#2579);
#2579 = AXIS2_PLACEMENT_3D('',#2580,#2581,#2582);
#2580 = CARTESIAN_POINT('',(-1.95,-0.84,0.792246420274));
#2581 = DIRECTION('',(1.,0.,0.));
#2582 = DIRECTION('',(0.,0.,1.));
#2583 = ADVANCED_FACE('',(#2584),#2595,.F.);
#2584 = FACE_BOUND('',#2585,.F.);
#2585 = EDGE_LOOP('',(#2586,#2587,#2588,#2589));
#2586 = ORIENTED_EDGE('',*,*,#2485,.F.);
#2587 = ORIENTED_EDGE('',*,*,#2380,.T.);
#2588 = ORIENTED_EDGE('',*,*,#2314,.T.);
#2589 = ORIENTED_EDGE('',*,*,#2590,.F.);
#2590 = EDGE_CURVE('',#2477,#2315,#2591,.T.);
#2591 = LINE('',#2592,#2593);
#2592 = CARTESIAN_POINT('',(-2.145299532729,-0.84,0.955869630411));
#2593 = VECTOR('',#2594,1.);
#2594 = DIRECTION('',(0.,1.,0.));
#2595 = PLANE('',#2596);
#2596 = AXIS2_PLACEMENT_3D('',#2597,#2598,#2599);
#2597 = CARTESIAN_POINT('',(-2.764562488831,-0.84,0.122246420274));
#2598 = DIRECTION('',(0.802743847954,0.,-0.596324001338));
#2599 = DIRECTION('',(0.596324001338,0.,0.802743847954));
#2600 = ADVANCED_FACE('',(#2601),#2612,.T.);
#2601 = FACE_BOUND('',#2602,.T.);
#2602 = EDGE_LOOP('',(#2603,#2604,#2605,#2606));
#2603 = ORIENTED_EDGE('',*,*,#2468,.T.);
#2604 = ORIENTED_EDGE('',*,*,#2573,.T.);
#2605 = ORIENTED_EDGE('',*,*,#2331,.F.);
#2606 = ORIENTED_EDGE('',*,*,#2607,.F.);
#2607 = EDGE_CURVE('',#2469,#2323,#2608,.T.);
#2608 = LINE('',#2609,#2610);
#2609 = CARTESIAN_POINT('',(-2.063018288313,-0.84,0.997246420274));
#2610 = VECTOR('',#2611,1.);
#2611 = DIRECTION('',(0.,1.,0.));
#2612 = PLANE('',#2613);
#2613 = AXIS2_PLACEMENT_3D('',#2614,#2615,#2616);
#2614 = CARTESIAN_POINT('',(-2.114562488831,-0.84,0.997246420274));
#2615 = DIRECTION('',(0.,0.,1.));
#2616 = DIRECTION('',(1.,0.,-0.));
#2617 = ADVANCED_FACE('',(#2618),#2624,.T.);
#2618 = FACE_BOUND('',#2619,.T.);
#2619 = EDGE_LOOP('',(#2620,#2621,#2622,#2623));
#2620 = ORIENTED_EDGE('',*,*,#2476,.T.);
#2621 = ORIENTED_EDGE('',*,*,#2607,.T.);
#2622 = ORIENTED_EDGE('',*,*,#2322,.F.);
#2623 = ORIENTED_EDGE('',*,*,#2590,.F.);
#2624 = CYLINDRICAL_SURFACE('',#2625,0.1025);
#2625 = AXIS2_PLACEMENT_3D('',#2626,#2627,#2628);
#2626 = CARTESIAN_POINT('',(-2.063018288313,-0.84,0.894746420274));
#2627 = DIRECTION('',(0.,1.,0.));
#2628 = DIRECTION('',(-0.802743847954,0.,0.596324001338));
#2629 = MANIFOLD_SOLID_BREP('',#2630);
#2630 = CLOSED_SHELL('',(#2631,#2671,#2761,#2786,#2810,#2885,#2902,#2919
    ,#2936,#2953,#2970,#2987,#3004));
#2631 = ADVANCED_FACE('',(#2632),#2666,.T.);
#2632 = FACE_BOUND('',#2633,.T.);
#2633 = EDGE_LOOP('',(#2634,#2644,#2652,#2660));
#2634 = ORIENTED_EDGE('',*,*,#2635,.F.);
#2635 = EDGE_CURVE('',#2636,#2638,#2640,.T.);
#2636 = VERTEX_POINT('',#2637);
#2637 = CARTESIAN_POINT('',(2.754632601552,-0.43,0.205));
#2638 = VERTEX_POINT('',#2639);
#2639 = CARTESIAN_POINT('',(3.,-0.43,0.205));
#2640 = LINE('',#2641,#2642);
#2641 = CARTESIAN_POINT('',(2.6,-0.43,0.205));
#2642 = VECTOR('',#2643,1.);
#2643 = DIRECTION('',(1.,0.,0.));
#2644 = ORIENTED_EDGE('',*,*,#2645,.F.);
#2645 = EDGE_CURVE('',#2646,#2636,#2648,.T.);
#2646 = VERTEX_POINT('',#2647);
#2647 = CARTESIAN_POINT('',(2.754632601552,-0.84,0.205));
#2648 = LINE('',#2649,#2650);
#2649 = CARTESIAN_POINT('',(2.754632601552,-0.84,0.205));
#2650 = VECTOR('',#2651,1.);
#2651 = DIRECTION('',(0.,1.,0.));
#2652 = ORIENTED_EDGE('',*,*,#2653,.T.);
#2653 = EDGE_CURVE('',#2646,#2654,#2656,.T.);
#2654 = VERTEX_POINT('',#2655);
#2655 = CARTESIAN_POINT('',(3.,-0.84,0.205));
#2656 = LINE('',#2657,#2658);
#2657 = CARTESIAN_POINT('',(2.6,-0.84,0.205));
#2658 = VECTOR('',#2659,1.);
#2659 = DIRECTION('',(1.,0.,0.));
#2660 = ORIENTED_EDGE('',*,*,#2661,.T.);
#2661 = EDGE_CURVE('',#2654,#2638,#2662,.T.);
#2662 = LINE('',#2663,#2664);
#2663 = CARTESIAN_POINT('',(3.,-0.84,0.205));
#2664 = VECTOR('',#2665,1.);
#2665 = DIRECTION('',(0.,1.,0.));
#2666 = PLANE('',#2667);
#2667 = AXIS2_PLACEMENT_3D('',#2668,#2669,#2670);
#2668 = CARTESIAN_POINT('',(2.6,-0.84,0.205));
#2669 = DIRECTION('',(0.,0.,1.));
#2670 = DIRECTION('',(1.,0.,-0.));
#2671 = ADVANCED_FACE('',(#2672),#2756,.T.);
#2672 = FACE_BOUND('',#2673,.T.);
#2673 = EDGE_LOOP('',(#2674,#2684,#2693,#2701,#2709,#2717,#2725,#2734,
    #2742,#2749,#2750));
#2674 = ORIENTED_EDGE('',*,*,#2675,.F.);
#2675 = EDGE_CURVE('',#2676,#2678,#2680,.T.);
#2676 = VERTEX_POINT('',#2677);
#2677 = CARTESIAN_POINT('',(2.651544200517,-0.43,-1.387778780781E-17));
#2678 = VERTEX_POINT('',#2679);
#2679 = CARTESIAN_POINT('',(3.,-0.43,0.));
#2680 = LINE('',#2681,#2682);
#2681 = CARTESIAN_POINT('',(2.6,-0.43,0.));
#2682 = VECTOR('',#2683,1.);
#2683 = DIRECTION('',(1.,0.,0.));
#2684 = ORIENTED_EDGE('',*,*,#2685,.T.);
#2685 = EDGE_CURVE('',#2676,#2686,#2688,.T.);
#2686 = VERTEX_POINT('',#2687);
#2687 = CARTESIAN_POINT('',(2.569262956102,-0.43,4.13767898629E-02));
#2688 = CIRCLE('',#2689,0.1025);
#2689 = AXIS2_PLACEMENT_3D('',#2690,#2691,#2692);
#2690 = CARTESIAN_POINT('',(2.651544200517,-0.43,0.1025));
#2691 = DIRECTION('',(0.,1.,0.));
#2692 = DIRECTION('',(0.,-0.,1.));
#2693 = ORIENTED_EDGE('',*,*,#2694,.T.);
#2694 = EDGE_CURVE('',#2686,#2695,#2697,.T.);
#2695 = VERTEX_POINT('',#2696);
#2696 = CARTESIAN_POINT('',(2.011474087796,-0.43,0.792246420274));
#2697 = LINE('',#2698,#2699);
#2698 = CARTESIAN_POINT('',(2.6,-0.43,0.));
#2699 = VECTOR('',#2700,1.);
#2700 = DIRECTION('',(-0.596324001338,0.,0.802743847954));
#2701 = ORIENTED_EDGE('',*,*,#2702,.F.);
#2702 = EDGE_CURVE('',#2703,#2695,#2705,.T.);
#2703 = VERTEX_POINT('',#2704);
#2704 = CARTESIAN_POINT('',(1.95,-0.43,0.792246420274));
#2705 = LINE('',#2706,#2707);
#2706 = CARTESIAN_POINT('',(1.95,-0.43,0.792246420274));
#2707 = VECTOR('',#2708,1.);
#2708 = DIRECTION('',(1.,0.,0.));
#2709 = ORIENTED_EDGE('',*,*,#2710,.T.);
#2710 = EDGE_CURVE('',#2703,#2711,#2713,.T.);
#2711 = VERTEX_POINT('',#2712);
#2712 = CARTESIAN_POINT('',(1.95,-0.43,0.997246420274));
#2713 = LINE('',#2714,#2715);
#2714 = CARTESIAN_POINT('',(1.95,-0.43,0.792246420274));
#2715 = VECTOR('',#2716,1.);
#2716 = DIRECTION('',(0.,0.,1.));
#2717 = ORIENTED_EDGE('',*,*,#2718,.T.);
#2718 = EDGE_CURVE('',#2711,#2719,#2721,.T.);
#2719 = VERTEX_POINT('',#2720);
#2720 = CARTESIAN_POINT('',(2.063018288313,-0.43,0.997246420274));
#2721 = LINE('',#2722,#2723);
#2722 = CARTESIAN_POINT('',(1.95,-0.43,0.997246420274));
#2723 = VECTOR('',#2724,1.);
#2724 = DIRECTION('',(1.,0.,0.));
#2725 = ORIENTED_EDGE('',*,*,#2726,.F.);
#2726 = EDGE_CURVE('',#2727,#2719,#2729,.T.);
#2727 = VERTEX_POINT('',#2728);
#2728 = CARTESIAN_POINT('',(2.145299532729,-0.43,0.955869630411));
#2729 = CIRCLE('',#2730,0.1025);
#2730 = AXIS2_PLACEMENT_3D('',#2731,#2732,#2733);
#2731 = CARTESIAN_POINT('',(2.063018288313,-0.43,0.894746420274));
#2732 = DIRECTION('',(0.,-1.,0.));
#2733 = DIRECTION('',(0.,0.,1.));
#2734 = ORIENTED_EDGE('',*,*,#2735,.F.);
#2735 = EDGE_CURVE('',#2736,#2727,#2738,.T.);
#2736 = VERTEX_POINT('',#2737);
#2737 = CARTESIAN_POINT('',(2.672351357136,-0.43,0.246376789863));
#2738 = LINE('',#2739,#2740);
#2739 = CARTESIAN_POINT('',(2.764562488831,-0.43,0.122246420274));
#2740 = VECTOR('',#2741,1.);
#2741 = DIRECTION('',(-0.596324001338,0.,0.802743847954));
#2742 = ORIENTED_EDGE('',*,*,#2743,.F.);
#2743 = EDGE_CURVE('',#2636,#2736,#2744,.T.);
#2744 = CIRCLE('',#2745,0.1025);
#2745 = AXIS2_PLACEMENT_3D('',#2746,#2747,#2748);
#2746 = CARTESIAN_POINT('',(2.754632601552,-0.43,0.3075));
#2747 = DIRECTION('',(0.,1.,0.));
#2748 = DIRECTION('',(0.,-0.,1.));
#2749 = ORIENTED_EDGE('',*,*,#2635,.T.);
#2750 = ORIENTED_EDGE('',*,*,#2751,.F.);
#2751 = EDGE_CURVE('',#2678,#2638,#2752,.T.);
#2752 = LINE('',#2753,#2754);
#2753 = CARTESIAN_POINT('',(3.,-0.43,0.));
#2754 = VECTOR('',#2755,1.);
#2755 = DIRECTION('',(0.,0.,1.));
#2756 = PLANE('',#2757);
#2757 = AXIS2_PLACEMENT_3D('',#2758,#2759,#2760);
#2758 = CARTESIAN_POINT('',(2.446634874817,-0.43,0.442216760875));
#2759 = DIRECTION('',(3.134357508613E-30,1.,2.198606642624E-30));
#2760 = DIRECTION('',(1.,-3.134357508613E-30,0.));
#2761 = ADVANCED_FACE('',(#2762),#2781,.F.);
#2762 = FACE_BOUND('',#2763,.F.);
#2763 = EDGE_LOOP('',(#2764,#2773,#2779,#2780));
#2764 = ORIENTED_EDGE('',*,*,#2765,.T.);
#2765 = EDGE_CURVE('',#2646,#2766,#2768,.T.);
#2766 = VERTEX_POINT('',#2767);
#2767 = CARTESIAN_POINT('',(2.672351357136,-0.84,0.246376789863));
#2768 = CIRCLE('',#2769,0.1025);
#2769 = AXIS2_PLACEMENT_3D('',#2770,#2771,#2772);
#2770 = CARTESIAN_POINT('',(2.754632601552,-0.84,0.3075));
#2771 = DIRECTION('',(0.,1.,0.));
#2772 = DIRECTION('',(0.,-0.,1.));
#2773 = ORIENTED_EDGE('',*,*,#2774,.T.);
#2774 = EDGE_CURVE('',#2766,#2736,#2775,.T.);
#2775 = LINE('',#2776,#2777);
#2776 = CARTESIAN_POINT('',(2.672351357136,-0.84,0.246376789863));
#2777 = VECTOR('',#2778,1.);
#2778 = DIRECTION('',(0.,1.,0.));
#2779 = ORIENTED_EDGE('',*,*,#2743,.F.);
#2780 = ORIENTED_EDGE('',*,*,#2645,.F.);
#2781 = CYLINDRICAL_SURFACE('',#2782,0.1025);
#2782 = AXIS2_PLACEMENT_3D('',#2783,#2784,#2785);
#2783 = CARTESIAN_POINT('',(2.754632601552,-0.84,0.3075));
#2784 = DIRECTION('',(0.,1.,0.));
#2785 = DIRECTION('',(0.,0.,-1.));
#2786 = ADVANCED_FACE('',(#2787),#2805,.T.);
#2787 = FACE_BOUND('',#2788,.T.);
#2788 = EDGE_LOOP('',(#2789,#2797,#2803,#2804));
#2789 = ORIENTED_EDGE('',*,*,#2790,.F.);
#2790 = EDGE_CURVE('',#2791,#2654,#2793,.T.);
#2791 = VERTEX_POINT('',#2792);
#2792 = CARTESIAN_POINT('',(3.,-0.84,0.));
#2793 = LINE('',#2794,#2795);
#2794 = CARTESIAN_POINT('',(3.,-0.84,0.));
#2795 = VECTOR('',#2796,1.);
#2796 = DIRECTION('',(0.,0.,1.));
#2797 = ORIENTED_EDGE('',*,*,#2798,.T.);
#2798 = EDGE_CURVE('',#2791,#2678,#2799,.T.);
#2799 = LINE('',#2800,#2801);
#2800 = CARTESIAN_POINT('',(3.,-0.84,0.));
#2801 = VECTOR('',#2802,1.);
#2802 = DIRECTION('',(0.,1.,0.));
#2803 = ORIENTED_EDGE('',*,*,#2751,.T.);
#2804 = ORIENTED_EDGE('',*,*,#2661,.F.);
#2805 = PLANE('',#2806);
#2806 = AXIS2_PLACEMENT_3D('',#2807,#2808,#2809);
#2807 = CARTESIAN_POINT('',(3.,-0.84,0.));
#2808 = DIRECTION('',(1.,0.,0.));
#2809 = DIRECTION('',(0.,0.,1.));
#2810 = ADVANCED_FACE('',(#2811),#2880,.T.);
#2811 = FACE_BOUND('',#2812,.T.);
#2812 = EDGE_LOOP('',(#2813,#2821,#2822,#2823,#2824,#2832,#2841,#2849,
    #2857,#2865,#2873));
#2813 = ORIENTED_EDGE('',*,*,#2814,.T.);
#2814 = EDGE_CURVE('',#2815,#2791,#2817,.T.);
#2815 = VERTEX_POINT('',#2816);
#2816 = CARTESIAN_POINT('',(2.651544200517,-0.84,-1.387778780781E-17));
#2817 = LINE('',#2818,#2819);
#2818 = CARTESIAN_POINT('',(2.6,-0.84,0.));
#2819 = VECTOR('',#2820,1.);
#2820 = DIRECTION('',(1.,0.,0.));
#2821 = ORIENTED_EDGE('',*,*,#2790,.T.);
#2822 = ORIENTED_EDGE('',*,*,#2653,.F.);
#2823 = ORIENTED_EDGE('',*,*,#2765,.T.);
#2824 = ORIENTED_EDGE('',*,*,#2825,.T.);
#2825 = EDGE_CURVE('',#2766,#2826,#2828,.T.);
#2826 = VERTEX_POINT('',#2827);
#2827 = CARTESIAN_POINT('',(2.145299532729,-0.84,0.955869630411));
#2828 = LINE('',#2829,#2830);
#2829 = CARTESIAN_POINT('',(2.764562488831,-0.84,0.122246420274));
#2830 = VECTOR('',#2831,1.);
#2831 = DIRECTION('',(-0.596324001338,0.,0.802743847954));
#2832 = ORIENTED_EDGE('',*,*,#2833,.T.);
#2833 = EDGE_CURVE('',#2826,#2834,#2836,.T.);
#2834 = VERTEX_POINT('',#2835);
#2835 = CARTESIAN_POINT('',(2.063018288313,-0.84,0.997246420274));
#2836 = CIRCLE('',#2837,0.1025);
#2837 = AXIS2_PLACEMENT_3D('',#2838,#2839,#2840);
#2838 = CARTESIAN_POINT('',(2.063018288313,-0.84,0.894746420274));
#2839 = DIRECTION('',(0.,-1.,0.));
#2840 = DIRECTION('',(0.,0.,1.));
#2841 = ORIENTED_EDGE('',*,*,#2842,.F.);
#2842 = EDGE_CURVE('',#2843,#2834,#2845,.T.);
#2843 = VERTEX_POINT('',#2844);
#2844 = CARTESIAN_POINT('',(1.95,-0.84,0.997246420274));
#2845 = LINE('',#2846,#2847);
#2846 = CARTESIAN_POINT('',(1.95,-0.84,0.997246420274));
#2847 = VECTOR('',#2848,1.);
#2848 = DIRECTION('',(1.,0.,0.));
#2849 = ORIENTED_EDGE('',*,*,#2850,.F.);
#2850 = EDGE_CURVE('',#2851,#2843,#2853,.T.);
#2851 = VERTEX_POINT('',#2852);
#2852 = CARTESIAN_POINT('',(1.95,-0.84,0.792246420274));
#2853 = LINE('',#2854,#2855);
#2854 = CARTESIAN_POINT('',(1.95,-0.84,0.792246420274));
#2855 = VECTOR('',#2856,1.);
#2856 = DIRECTION('',(0.,0.,1.));
#2857 = ORIENTED_EDGE('',*,*,#2858,.T.);
#2858 = EDGE_CURVE('',#2851,#2859,#2861,.T.);
#2859 = VERTEX_POINT('',#2860);
#2860 = CARTESIAN_POINT('',(2.011474087796,-0.84,0.792246420274));
#2861 = LINE('',#2862,#2863);
#2862 = CARTESIAN_POINT('',(1.95,-0.84,0.792246420274));
#2863 = VECTOR('',#2864,1.);
#2864 = DIRECTION('',(1.,0.,0.));
#2865 = ORIENTED_EDGE('',*,*,#2866,.F.);
#2866 = EDGE_CURVE('',#2867,#2859,#2869,.T.);
#2867 = VERTEX_POINT('',#2868);
#2868 = CARTESIAN_POINT('',(2.569262956102,-0.84,4.13767898629E-02));
#2869 = LINE('',#2870,#2871);
#2870 = CARTESIAN_POINT('',(2.6,-0.84,0.));
#2871 = VECTOR('',#2872,1.);
#2872 = DIRECTION('',(-0.596324001338,0.,0.802743847954));
#2873 = ORIENTED_EDGE('',*,*,#2874,.F.);
#2874 = EDGE_CURVE('',#2815,#2867,#2875,.T.);
#2875 = CIRCLE('',#2876,0.1025);
#2876 = AXIS2_PLACEMENT_3D('',#2877,#2878,#2879);
#2877 = CARTESIAN_POINT('',(2.651544200517,-0.84,0.1025));
#2878 = DIRECTION('',(0.,1.,0.));
#2879 = DIRECTION('',(0.,-0.,1.));
#2880 = PLANE('',#2881);
#2881 = AXIS2_PLACEMENT_3D('',#2882,#2883,#2884);
#2882 = CARTESIAN_POINT('',(2.446634874817,-0.84,0.442216760875));
#2883 = DIRECTION('',(1.568340642789E-29,-1.,1.280385161998E-29));
#2884 = DIRECTION('',(-1.,-1.568340642789E-29,0.));
#2885 = ADVANCED_FACE('',(#2886),#2897,.F.);
#2886 = FACE_BOUND('',#2887,.F.);
#2887 = EDGE_LOOP('',(#2888,#2889,#2890,#2891));
#2888 = ORIENTED_EDGE('',*,*,#2814,.T.);
#2889 = ORIENTED_EDGE('',*,*,#2798,.T.);
#2890 = ORIENTED_EDGE('',*,*,#2675,.F.);
#2891 = ORIENTED_EDGE('',*,*,#2892,.F.);
#2892 = EDGE_CURVE('',#2815,#2676,#2893,.T.);
#2893 = LINE('',#2894,#2895);
#2894 = CARTESIAN_POINT('',(2.651544200517,-0.84,-1.387778780781E-17));
#2895 = VECTOR('',#2896,1.);
#2896 = DIRECTION('',(0.,1.,0.));
#2897 = PLANE('',#2898);
#2898 = AXIS2_PLACEMENT_3D('',#2899,#2900,#2901);
#2899 = CARTESIAN_POINT('',(2.6,-0.84,0.));
#2900 = DIRECTION('',(0.,0.,1.));
#2901 = DIRECTION('',(1.,0.,-0.));
#2902 = ADVANCED_FACE('',(#2903),#2914,.T.);
#2903 = FACE_BOUND('',#2904,.T.);
#2904 = EDGE_LOOP('',(#2905,#2906,#2912,#2913));
#2905 = ORIENTED_EDGE('',*,*,#2874,.T.);
#2906 = ORIENTED_EDGE('',*,*,#2907,.T.);
#2907 = EDGE_CURVE('',#2867,#2686,#2908,.T.);
#2908 = LINE('',#2909,#2910);
#2909 = CARTESIAN_POINT('',(2.569262956102,-0.84,4.13767898629E-02));
#2910 = VECTOR('',#2911,1.);
#2911 = DIRECTION('',(0.,1.,0.));
#2912 = ORIENTED_EDGE('',*,*,#2685,.F.);
#2913 = ORIENTED_EDGE('',*,*,#2892,.F.);
#2914 = CYLINDRICAL_SURFACE('',#2915,0.1025);
#2915 = AXIS2_PLACEMENT_3D('',#2916,#2917,#2918);
#2916 = CARTESIAN_POINT('',(2.651544200517,-0.84,0.1025));
#2917 = DIRECTION('',(0.,1.,0.));
#2918 = DIRECTION('',(0.,0.,-1.));
#2919 = ADVANCED_FACE('',(#2920),#2931,.F.);
#2920 = FACE_BOUND('',#2921,.F.);
#2921 = EDGE_LOOP('',(#2922,#2923,#2924,#2925));
#2922 = ORIENTED_EDGE('',*,*,#2866,.F.);
#2923 = ORIENTED_EDGE('',*,*,#2907,.T.);
#2924 = ORIENTED_EDGE('',*,*,#2694,.T.);
#2925 = ORIENTED_EDGE('',*,*,#2926,.F.);
#2926 = EDGE_CURVE('',#2859,#2695,#2927,.T.);
#2927 = LINE('',#2928,#2929);
#2928 = CARTESIAN_POINT('',(2.011474087796,-0.84,0.792246420274));
#2929 = VECTOR('',#2930,1.);
#2930 = DIRECTION('',(0.,1.,0.));
#2931 = PLANE('',#2932);
#2932 = AXIS2_PLACEMENT_3D('',#2933,#2934,#2935);
#2933 = CARTESIAN_POINT('',(2.6,-0.84,0.));
#2934 = DIRECTION('',(0.802743847954,0.,0.596324001338));
#2935 = DIRECTION('',(-0.596324001338,0.,0.802743847954));
#2936 = ADVANCED_FACE('',(#2937),#2948,.F.);
#2937 = FACE_BOUND('',#2938,.F.);
#2938 = EDGE_LOOP('',(#2939,#2940,#2946,#2947));
#2939 = ORIENTED_EDGE('',*,*,#2702,.F.);
#2940 = ORIENTED_EDGE('',*,*,#2941,.F.);
#2941 = EDGE_CURVE('',#2851,#2703,#2942,.T.);
#2942 = LINE('',#2943,#2944);
#2943 = CARTESIAN_POINT('',(1.95,-0.84,0.792246420274));
#2944 = VECTOR('',#2945,1.);
#2945 = DIRECTION('',(0.,1.,0.));
#2946 = ORIENTED_EDGE('',*,*,#2858,.T.);
#2947 = ORIENTED_EDGE('',*,*,#2926,.T.);
#2948 = PLANE('',#2949);
#2949 = AXIS2_PLACEMENT_3D('',#2950,#2951,#2952);
#2950 = CARTESIAN_POINT('',(1.95,-0.84,0.792246420274));
#2951 = DIRECTION('',(0.,0.,1.));
#2952 = DIRECTION('',(1.,0.,-0.));
#2953 = ADVANCED_FACE('',(#2954),#2965,.F.);
#2954 = FACE_BOUND('',#2955,.T.);
#2955 = EDGE_LOOP('',(#2956,#2957,#2963,#2964));
#2956 = ORIENTED_EDGE('',*,*,#2850,.T.);
#2957 = ORIENTED_EDGE('',*,*,#2958,.T.);
#2958 = EDGE_CURVE('',#2843,#2711,#2959,.T.);
#2959 = LINE('',#2960,#2961);
#2960 = CARTESIAN_POINT('',(1.95,-0.84,0.997246420274));
#2961 = VECTOR('',#2962,1.);
#2962 = DIRECTION('',(0.,1.,0.));
#2963 = ORIENTED_EDGE('',*,*,#2710,.F.);
#2964 = ORIENTED_EDGE('',*,*,#2941,.F.);
#2965 = PLANE('',#2966);
#2966 = AXIS2_PLACEMENT_3D('',#2967,#2968,#2969);
#2967 = CARTESIAN_POINT('',(1.95,-0.84,0.792246420274));
#2968 = DIRECTION('',(1.,0.,0.));
#2969 = DIRECTION('',(0.,0.,1.));
#2970 = ADVANCED_FACE('',(#2971),#2982,.T.);
#2971 = FACE_BOUND('',#2972,.T.);
#2972 = EDGE_LOOP('',(#2973,#2974,#2975,#2976));
#2973 = ORIENTED_EDGE('',*,*,#2825,.F.);
#2974 = ORIENTED_EDGE('',*,*,#2774,.T.);
#2975 = ORIENTED_EDGE('',*,*,#2735,.T.);
#2976 = ORIENTED_EDGE('',*,*,#2977,.F.);
#2977 = EDGE_CURVE('',#2826,#2727,#2978,.T.);
#2978 = LINE('',#2979,#2980);
#2979 = CARTESIAN_POINT('',(2.145299532729,-0.84,0.955869630411));
#2980 = VECTOR('',#2981,1.);
#2981 = DIRECTION('',(0.,1.,0.));
#2982 = PLANE('',#2983);
#2983 = AXIS2_PLACEMENT_3D('',#2984,#2985,#2986);
#2984 = CARTESIAN_POINT('',(2.764562488831,-0.84,0.122246420274));
#2985 = DIRECTION('',(0.802743847954,0.,0.596324001338));
#2986 = DIRECTION('',(-0.596324001338,0.,0.802743847954));
#2987 = ADVANCED_FACE('',(#2988),#2999,.T.);
#2988 = FACE_BOUND('',#2989,.T.);
#2989 = EDGE_LOOP('',(#2990,#2991,#2992,#2993));
#2990 = ORIENTED_EDGE('',*,*,#2718,.F.);
#2991 = ORIENTED_EDGE('',*,*,#2958,.F.);
#2992 = ORIENTED_EDGE('',*,*,#2842,.T.);
#2993 = ORIENTED_EDGE('',*,*,#2994,.T.);
#2994 = EDGE_CURVE('',#2834,#2719,#2995,.T.);
#2995 = LINE('',#2996,#2997);
#2996 = CARTESIAN_POINT('',(2.063018288313,-0.84,0.997246420274));
#2997 = VECTOR('',#2998,1.);
#2998 = DIRECTION('',(0.,1.,0.));
#2999 = PLANE('',#3000);
#3000 = AXIS2_PLACEMENT_3D('',#3001,#3002,#3003);
#3001 = CARTESIAN_POINT('',(1.95,-0.84,0.997246420274));
#3002 = DIRECTION('',(0.,0.,1.));
#3003 = DIRECTION('',(1.,0.,-0.));
#3004 = ADVANCED_FACE('',(#3005),#3011,.T.);
#3005 = FACE_BOUND('',#3006,.T.);
#3006 = EDGE_LOOP('',(#3007,#3008,#3009,#3010));
#3007 = ORIENTED_EDGE('',*,*,#2977,.T.);
#3008 = ORIENTED_EDGE('',*,*,#2726,.T.);
#3009 = ORIENTED_EDGE('',*,*,#2994,.F.);
#3010 = ORIENTED_EDGE('',*,*,#2833,.F.);
#3011 = CYLINDRICAL_SURFACE('',#3012,0.1025);
#3012 = AXIS2_PLACEMENT_3D('',#3013,#3014,#3015);
#3013 = CARTESIAN_POINT('',(2.063018288313,-0.84,0.894746420274));
#3014 = DIRECTION('',(0.,1.,0.));
#3015 = DIRECTION('',(0.802743847954,-0.,0.596324001338));
#3016 = MANIFOLD_SOLID_BREP('',#3017);
#3017 = CLOSED_SHELL('',(#3018,#3058,#3148,#3173,#3197,#3272,#3289,#3306
    ,#3323,#3340,#3357,#3374,#3391));
#3018 = ADVANCED_FACE('',(#3019),#3053,.T.);
#3019 = FACE_BOUND('',#3020,.T.);
#3020 = EDGE_LOOP('',(#3021,#3031,#3039,#3047));
#3021 = ORIENTED_EDGE('',*,*,#3022,.F.);
#3022 = EDGE_CURVE('',#3023,#3025,#3027,.T.);
#3023 = VERTEX_POINT('',#3024);
#3024 = CARTESIAN_POINT('',(-3.,-1.7,0.205));
#3025 = VERTEX_POINT('',#3026);
#3026 = CARTESIAN_POINT('',(-2.754632601552,-1.7,0.205));
#3027 = LINE('',#3028,#3029);
#3028 = CARTESIAN_POINT('',(-3.,-1.7,0.205));
#3029 = VECTOR('',#3030,1.);
#3030 = DIRECTION('',(1.,0.,0.));
#3031 = ORIENTED_EDGE('',*,*,#3032,.F.);
#3032 = EDGE_CURVE('',#3033,#3023,#3035,.T.);
#3033 = VERTEX_POINT('',#3034);
#3034 = CARTESIAN_POINT('',(-3.,-2.11,0.205));
#3035 = LINE('',#3036,#3037);
#3036 = CARTESIAN_POINT('',(-3.,-2.11,0.205));
#3037 = VECTOR('',#3038,1.);
#3038 = DIRECTION('',(0.,1.,0.));
#3039 = ORIENTED_EDGE('',*,*,#3040,.T.);
#3040 = EDGE_CURVE('',#3033,#3041,#3043,.T.);
#3041 = VERTEX_POINT('',#3042);
#3042 = CARTESIAN_POINT('',(-2.754632601552,-2.11,0.205));
#3043 = LINE('',#3044,#3045);
#3044 = CARTESIAN_POINT('',(-3.,-2.11,0.205));
#3045 = VECTOR('',#3046,1.);
#3046 = DIRECTION('',(1.,0.,0.));
#3047 = ORIENTED_EDGE('',*,*,#3048,.T.);
#3048 = EDGE_CURVE('',#3041,#3025,#3049,.T.);
#3049 = LINE('',#3050,#3051);
#3050 = CARTESIAN_POINT('',(-2.754632601552,-2.11,0.205));
#3051 = VECTOR('',#3052,1.);
#3052 = DIRECTION('',(0.,1.,0.));
#3053 = PLANE('',#3054);
#3054 = AXIS2_PLACEMENT_3D('',#3055,#3056,#3057);
#3055 = CARTESIAN_POINT('',(-3.,-2.11,0.205));
#3056 = DIRECTION('',(0.,0.,1.));
#3057 = DIRECTION('',(1.,0.,-0.));
#3058 = ADVANCED_FACE('',(#3059),#3143,.T.);
#3059 = FACE_BOUND('',#3060,.T.);
#3060 = EDGE_LOOP('',(#3061,#3071,#3077,#3078,#3087,#3095,#3104,#3112,
    #3120,#3128,#3136));
#3061 = ORIENTED_EDGE('',*,*,#3062,.F.);
#3062 = EDGE_CURVE('',#3063,#3065,#3067,.T.);
#3063 = VERTEX_POINT('',#3064);
#3064 = CARTESIAN_POINT('',(-3.,-1.7,0.));
#3065 = VERTEX_POINT('',#3066);
#3066 = CARTESIAN_POINT('',(-2.651544200517,-1.7,-1.387778780781E-17));
#3067 = LINE('',#3068,#3069);
#3068 = CARTESIAN_POINT('',(-3.,-1.7,0.));
#3069 = VECTOR('',#3070,1.);
#3070 = DIRECTION('',(1.,0.,0.));
#3071 = ORIENTED_EDGE('',*,*,#3072,.T.);
#3072 = EDGE_CURVE('',#3063,#3023,#3073,.T.);
#3073 = LINE('',#3074,#3075);
#3074 = CARTESIAN_POINT('',(-3.,-1.7,0.));
#3075 = VECTOR('',#3076,1.);
#3076 = DIRECTION('',(0.,0.,1.));
#3077 = ORIENTED_EDGE('',*,*,#3022,.T.);
#3078 = ORIENTED_EDGE('',*,*,#3079,.T.);
#3079 = EDGE_CURVE('',#3025,#3080,#3082,.T.);
#3080 = VERTEX_POINT('',#3081);
#3081 = CARTESIAN_POINT('',(-2.672351357136,-1.7,0.246376789863));
#3082 = CIRCLE('',#3083,0.1025);
#3083 = AXIS2_PLACEMENT_3D('',#3084,#3085,#3086);
#3084 = CARTESIAN_POINT('',(-2.754632601552,-1.7,0.3075));
#3085 = DIRECTION('',(0.,-1.,0.));
#3086 = DIRECTION('',(0.,0.,1.));
#3087 = ORIENTED_EDGE('',*,*,#3088,.T.);
#3088 = EDGE_CURVE('',#3080,#3089,#3091,.T.);
#3089 = VERTEX_POINT('',#3090);
#3090 = CARTESIAN_POINT('',(-2.145299532729,-1.7,0.955869630411));
#3091 = LINE('',#3092,#3093);
#3092 = CARTESIAN_POINT('',(-2.764562488831,-1.7,0.122246420274));
#3093 = VECTOR('',#3094,1.);
#3094 = DIRECTION('',(0.596324001338,0.,0.802743847954));
#3095 = ORIENTED_EDGE('',*,*,#3096,.T.);
#3096 = EDGE_CURVE('',#3089,#3097,#3099,.T.);
#3097 = VERTEX_POINT('',#3098);
#3098 = CARTESIAN_POINT('',(-2.063018288313,-1.7,0.997246420274));
#3099 = CIRCLE('',#3100,0.1025);
#3100 = AXIS2_PLACEMENT_3D('',#3101,#3102,#3103);
#3101 = CARTESIAN_POINT('',(-2.063018288313,-1.7,0.894746420274));
#3102 = DIRECTION('',(0.,1.,0.));
#3103 = DIRECTION('',(0.,-0.,1.));
#3104 = ORIENTED_EDGE('',*,*,#3105,.T.);
#3105 = EDGE_CURVE('',#3097,#3106,#3108,.T.);
#3106 = VERTEX_POINT('',#3107);
#3107 = CARTESIAN_POINT('',(-1.95,-1.7,0.997246420274));
#3108 = LINE('',#3109,#3110);
#3109 = CARTESIAN_POINT('',(-2.114562488831,-1.7,0.997246420274));
#3110 = VECTOR('',#3111,1.);
#3111 = DIRECTION('',(1.,0.,0.));
#3112 = ORIENTED_EDGE('',*,*,#3113,.F.);
#3113 = EDGE_CURVE('',#3114,#3106,#3116,.T.);
#3114 = VERTEX_POINT('',#3115);
#3115 = CARTESIAN_POINT('',(-1.95,-1.7,0.792246420274));
#3116 = LINE('',#3117,#3118);
#3117 = CARTESIAN_POINT('',(-1.95,-1.7,0.792246420274));
#3118 = VECTOR('',#3119,1.);
#3119 = DIRECTION('',(0.,0.,1.));
#3120 = ORIENTED_EDGE('',*,*,#3121,.F.);
#3121 = EDGE_CURVE('',#3122,#3114,#3124,.T.);
#3122 = VERTEX_POINT('',#3123);
#3123 = CARTESIAN_POINT('',(-2.011474087796,-1.7,0.792246420274));
#3124 = LINE('',#3125,#3126);
#3125 = CARTESIAN_POINT('',(-2.114562488831,-1.7,0.792246420274));
#3126 = VECTOR('',#3127,1.);
#3127 = DIRECTION('',(1.,0.,0.));
#3128 = ORIENTED_EDGE('',*,*,#3129,.F.);
#3129 = EDGE_CURVE('',#3130,#3122,#3132,.T.);
#3130 = VERTEX_POINT('',#3131);
#3131 = CARTESIAN_POINT('',(-2.569262956102,-1.7,4.13767898629E-02));
#3132 = LINE('',#3133,#3134);
#3133 = CARTESIAN_POINT('',(-2.6,-1.7,0.));
#3134 = VECTOR('',#3135,1.);
#3135 = DIRECTION('',(0.596324001338,0.,0.802743847954));
#3136 = ORIENTED_EDGE('',*,*,#3137,.F.);
#3137 = EDGE_CURVE('',#3065,#3130,#3138,.T.);
#3138 = CIRCLE('',#3139,0.1025);
#3139 = AXIS2_PLACEMENT_3D('',#3140,#3141,#3142);
#3140 = CARTESIAN_POINT('',(-2.651544200517,-1.7,0.1025));
#3141 = DIRECTION('',(0.,-1.,0.));
#3142 = DIRECTION('',(0.,0.,1.));
#3143 = PLANE('',#3144);
#3144 = AXIS2_PLACEMENT_3D('',#3145,#3146,#3147);
#3145 = CARTESIAN_POINT('',(-2.446634874817,-1.7,0.442216760875));
#3146 = DIRECTION('',(0.,1.,0.));
#3147 = DIRECTION('',(0.,-0.,1.));
#3148 = ADVANCED_FACE('',(#3149),#3168,.F.);
#3149 = FACE_BOUND('',#3150,.F.);
#3150 = EDGE_LOOP('',(#3151,#3152,#3153,#3161));
#3151 = ORIENTED_EDGE('',*,*,#3048,.T.);
#3152 = ORIENTED_EDGE('',*,*,#3079,.T.);
#3153 = ORIENTED_EDGE('',*,*,#3154,.F.);
#3154 = EDGE_CURVE('',#3155,#3080,#3157,.T.);
#3155 = VERTEX_POINT('',#3156);
#3156 = CARTESIAN_POINT('',(-2.672351357136,-2.11,0.246376789863));
#3157 = LINE('',#3158,#3159);
#3158 = CARTESIAN_POINT('',(-2.672351357136,-2.11,0.246376789863));
#3159 = VECTOR('',#3160,1.);
#3160 = DIRECTION('',(0.,1.,0.));
#3161 = ORIENTED_EDGE('',*,*,#3162,.F.);
#3162 = EDGE_CURVE('',#3041,#3155,#3163,.T.);
#3163 = CIRCLE('',#3164,0.1025);
#3164 = AXIS2_PLACEMENT_3D('',#3165,#3166,#3167);
#3165 = CARTESIAN_POINT('',(-2.754632601552,-2.11,0.3075));
#3166 = DIRECTION('',(0.,-1.,0.));
#3167 = DIRECTION('',(0.,0.,1.));
#3168 = CYLINDRICAL_SURFACE('',#3169,0.1025);
#3169 = AXIS2_PLACEMENT_3D('',#3170,#3171,#3172);
#3170 = CARTESIAN_POINT('',(-2.754632601552,-2.11,0.3075));
#3171 = DIRECTION('',(0.,1.,0.));
#3172 = DIRECTION('',(0.,0.,-1.));
#3173 = ADVANCED_FACE('',(#3174),#3192,.F.);
#3174 = FACE_BOUND('',#3175,.F.);
#3175 = EDGE_LOOP('',(#3176,#3184,#3190,#3191));
#3176 = ORIENTED_EDGE('',*,*,#3177,.F.);
#3177 = EDGE_CURVE('',#3178,#3033,#3180,.T.);
#3178 = VERTEX_POINT('',#3179);
#3179 = CARTESIAN_POINT('',(-3.,-2.11,0.));
#3180 = LINE('',#3181,#3182);
#3181 = CARTESIAN_POINT('',(-3.,-2.11,0.));
#3182 = VECTOR('',#3183,1.);
#3183 = DIRECTION('',(0.,0.,1.));
#3184 = ORIENTED_EDGE('',*,*,#3185,.T.);
#3185 = EDGE_CURVE('',#3178,#3063,#3186,.T.);
#3186 = LINE('',#3187,#3188);
#3187 = CARTESIAN_POINT('',(-3.,-2.11,0.));
#3188 = VECTOR('',#3189,1.);
#3189 = DIRECTION('',(0.,1.,0.));
#3190 = ORIENTED_EDGE('',*,*,#3072,.T.);
#3191 = ORIENTED_EDGE('',*,*,#3032,.F.);
#3192 = PLANE('',#3193);
#3193 = AXIS2_PLACEMENT_3D('',#3194,#3195,#3196);
#3194 = CARTESIAN_POINT('',(-3.,-2.11,0.));
#3195 = DIRECTION('',(1.,0.,0.));
#3196 = DIRECTION('',(0.,0.,1.));
#3197 = ADVANCED_FACE('',(#3198),#3267,.T.);
#3198 = FACE_BOUND('',#3199,.T.);
#3199 = EDGE_LOOP('',(#3200,#3208,#3217,#3225,#3233,#3241,#3249,#3258,
    #3264,#3265,#3266));
#3200 = ORIENTED_EDGE('',*,*,#3201,.T.);
#3201 = EDGE_CURVE('',#3178,#3202,#3204,.T.);
#3202 = VERTEX_POINT('',#3203);
#3203 = CARTESIAN_POINT('',(-2.651544200517,-2.11,-1.387778780781E-17));
#3204 = LINE('',#3205,#3206);
#3205 = CARTESIAN_POINT('',(-3.,-2.11,0.));
#3206 = VECTOR('',#3207,1.);
#3207 = DIRECTION('',(1.,0.,0.));
#3208 = ORIENTED_EDGE('',*,*,#3209,.T.);
#3209 = EDGE_CURVE('',#3202,#3210,#3212,.T.);
#3210 = VERTEX_POINT('',#3211);
#3211 = CARTESIAN_POINT('',(-2.569262956102,-2.11,4.13767898629E-02));
#3212 = CIRCLE('',#3213,0.1025);
#3213 = AXIS2_PLACEMENT_3D('',#3214,#3215,#3216);
#3214 = CARTESIAN_POINT('',(-2.651544200517,-2.11,0.1025));
#3215 = DIRECTION('',(0.,-1.,0.));
#3216 = DIRECTION('',(0.,0.,1.));
#3217 = ORIENTED_EDGE('',*,*,#3218,.T.);
#3218 = EDGE_CURVE('',#3210,#3219,#3221,.T.);
#3219 = VERTEX_POINT('',#3220);
#3220 = CARTESIAN_POINT('',(-2.011474087796,-2.11,0.792246420274));
#3221 = LINE('',#3222,#3223);
#3222 = CARTESIAN_POINT('',(-2.6,-2.11,0.));
#3223 = VECTOR('',#3224,1.);
#3224 = DIRECTION('',(0.596324001338,0.,0.802743847954));
#3225 = ORIENTED_EDGE('',*,*,#3226,.T.);
#3226 = EDGE_CURVE('',#3219,#3227,#3229,.T.);
#3227 = VERTEX_POINT('',#3228);
#3228 = CARTESIAN_POINT('',(-1.95,-2.11,0.792246420274));
#3229 = LINE('',#3230,#3231);
#3230 = CARTESIAN_POINT('',(-2.114562488831,-2.11,0.792246420274));
#3231 = VECTOR('',#3232,1.);
#3232 = DIRECTION('',(1.,0.,0.));
#3233 = ORIENTED_EDGE('',*,*,#3234,.T.);
#3234 = EDGE_CURVE('',#3227,#3235,#3237,.T.);
#3235 = VERTEX_POINT('',#3236);
#3236 = CARTESIAN_POINT('',(-1.95,-2.11,0.997246420274));
#3237 = LINE('',#3238,#3239);
#3238 = CARTESIAN_POINT('',(-1.95,-2.11,0.792246420274));
#3239 = VECTOR('',#3240,1.);
#3240 = DIRECTION('',(0.,0.,1.));
#3241 = ORIENTED_EDGE('',*,*,#3242,.F.);
#3242 = EDGE_CURVE('',#3243,#3235,#3245,.T.);
#3243 = VERTEX_POINT('',#3244);
#3244 = CARTESIAN_POINT('',(-2.063018288313,-2.11,0.997246420274));
#3245 = LINE('',#3246,#3247);
#3246 = CARTESIAN_POINT('',(-2.114562488831,-2.11,0.997246420274));
#3247 = VECTOR('',#3248,1.);
#3248 = DIRECTION('',(1.,0.,0.));
#3249 = ORIENTED_EDGE('',*,*,#3250,.F.);
#3250 = EDGE_CURVE('',#3251,#3243,#3253,.T.);
#3251 = VERTEX_POINT('',#3252);
#3252 = CARTESIAN_POINT('',(-2.145299532729,-2.11,0.955869630411));
#3253 = CIRCLE('',#3254,0.1025);
#3254 = AXIS2_PLACEMENT_3D('',#3255,#3256,#3257);
#3255 = CARTESIAN_POINT('',(-2.063018288313,-2.11,0.894746420274));
#3256 = DIRECTION('',(0.,1.,0.));
#3257 = DIRECTION('',(0.,-0.,1.));
#3258 = ORIENTED_EDGE('',*,*,#3259,.F.);
#3259 = EDGE_CURVE('',#3155,#3251,#3260,.T.);
#3260 = LINE('',#3261,#3262);
#3261 = CARTESIAN_POINT('',(-2.764562488831,-2.11,0.122246420274));
#3262 = VECTOR('',#3263,1.);
#3263 = DIRECTION('',(0.596324001338,0.,0.802743847954));
#3264 = ORIENTED_EDGE('',*,*,#3162,.F.);
#3265 = ORIENTED_EDGE('',*,*,#3040,.F.);
#3266 = ORIENTED_EDGE('',*,*,#3177,.F.);
#3267 = PLANE('',#3268);
#3268 = AXIS2_PLACEMENT_3D('',#3269,#3270,#3271);
#3269 = CARTESIAN_POINT('',(-2.446634874817,-2.11,0.442216760875));
#3270 = DIRECTION('',(-5.228471109991E-30,-1.,4.246270291376E-30));
#3271 = DIRECTION('',(-1.,5.228471109991E-30,0.));
#3272 = ADVANCED_FACE('',(#3273),#3284,.F.);
#3273 = FACE_BOUND('',#3274,.F.);
#3274 = EDGE_LOOP('',(#3275,#3276,#3277,#3278));
#3275 = ORIENTED_EDGE('',*,*,#3062,.F.);
#3276 = ORIENTED_EDGE('',*,*,#3185,.F.);
#3277 = ORIENTED_EDGE('',*,*,#3201,.T.);
#3278 = ORIENTED_EDGE('',*,*,#3279,.T.);
#3279 = EDGE_CURVE('',#3202,#3065,#3280,.T.);
#3280 = LINE('',#3281,#3282);
#3281 = CARTESIAN_POINT('',(-2.651544200517,-2.11,-1.387778780781E-17));
#3282 = VECTOR('',#3283,1.);
#3283 = DIRECTION('',(0.,1.,0.));
#3284 = PLANE('',#3285);
#3285 = AXIS2_PLACEMENT_3D('',#3286,#3287,#3288);
#3286 = CARTESIAN_POINT('',(-3.,-2.11,0.));
#3287 = DIRECTION('',(0.,0.,1.));
#3288 = DIRECTION('',(1.,0.,-0.));
#3289 = ADVANCED_FACE('',(#3290),#3301,.T.);
#3290 = FACE_BOUND('',#3291,.T.);
#3291 = EDGE_LOOP('',(#3292,#3293,#3294,#3300));
#3292 = ORIENTED_EDGE('',*,*,#3279,.T.);
#3293 = ORIENTED_EDGE('',*,*,#3137,.T.);
#3294 = ORIENTED_EDGE('',*,*,#3295,.F.);
#3295 = EDGE_CURVE('',#3210,#3130,#3296,.T.);
#3296 = LINE('',#3297,#3298);
#3297 = CARTESIAN_POINT('',(-2.569262956102,-2.11,4.13767898629E-02));
#3298 = VECTOR('',#3299,1.);
#3299 = DIRECTION('',(0.,1.,0.));
#3300 = ORIENTED_EDGE('',*,*,#3209,.F.);
#3301 = CYLINDRICAL_SURFACE('',#3302,0.1025);
#3302 = AXIS2_PLACEMENT_3D('',#3303,#3304,#3305);
#3303 = CARTESIAN_POINT('',(-2.651544200517,-2.11,0.1025));
#3304 = DIRECTION('',(0.,1.,0.));
#3305 = DIRECTION('',(0.,0.,-1.));
#3306 = ADVANCED_FACE('',(#3307),#3318,.T.);
#3307 = FACE_BOUND('',#3308,.T.);
#3308 = EDGE_LOOP('',(#3309,#3310,#3311,#3312));
#3309 = ORIENTED_EDGE('',*,*,#3218,.F.);
#3310 = ORIENTED_EDGE('',*,*,#3295,.T.);
#3311 = ORIENTED_EDGE('',*,*,#3129,.T.);
#3312 = ORIENTED_EDGE('',*,*,#3313,.F.);
#3313 = EDGE_CURVE('',#3219,#3122,#3314,.T.);
#3314 = LINE('',#3315,#3316);
#3315 = CARTESIAN_POINT('',(-2.011474087796,-2.11,0.792246420274));
#3316 = VECTOR('',#3317,1.);
#3317 = DIRECTION('',(0.,1.,0.));
#3318 = PLANE('',#3319);
#3319 = AXIS2_PLACEMENT_3D('',#3320,#3321,#3322);
#3320 = CARTESIAN_POINT('',(-2.6,-2.11,0.));
#3321 = DIRECTION('',(0.802743847954,0.,-0.596324001338));
#3322 = DIRECTION('',(0.596324001338,0.,0.802743847954));
#3323 = ADVANCED_FACE('',(#3324),#3335,.F.);
#3324 = FACE_BOUND('',#3325,.F.);
#3325 = EDGE_LOOP('',(#3326,#3327,#3328,#3329));
#3326 = ORIENTED_EDGE('',*,*,#3121,.F.);
#3327 = ORIENTED_EDGE('',*,*,#3313,.F.);
#3328 = ORIENTED_EDGE('',*,*,#3226,.T.);
#3329 = ORIENTED_EDGE('',*,*,#3330,.T.);
#3330 = EDGE_CURVE('',#3227,#3114,#3331,.T.);
#3331 = LINE('',#3332,#3333);
#3332 = CARTESIAN_POINT('',(-1.95,-2.11,0.792246420274));
#3333 = VECTOR('',#3334,1.);
#3334 = DIRECTION('',(0.,1.,0.));
#3335 = PLANE('',#3336);
#3336 = AXIS2_PLACEMENT_3D('',#3337,#3338,#3339);
#3337 = CARTESIAN_POINT('',(-2.114562488831,-2.11,0.792246420274));
#3338 = DIRECTION('',(0.,0.,1.));
#3339 = DIRECTION('',(1.,0.,-0.));
#3340 = ADVANCED_FACE('',(#3341),#3352,.T.);
#3341 = FACE_BOUND('',#3342,.T.);
#3342 = EDGE_LOOP('',(#3343,#3344,#3345,#3346));
#3343 = ORIENTED_EDGE('',*,*,#3234,.F.);
#3344 = ORIENTED_EDGE('',*,*,#3330,.T.);
#3345 = ORIENTED_EDGE('',*,*,#3113,.T.);
#3346 = ORIENTED_EDGE('',*,*,#3347,.F.);
#3347 = EDGE_CURVE('',#3235,#3106,#3348,.T.);
#3348 = LINE('',#3349,#3350);
#3349 = CARTESIAN_POINT('',(-1.95,-2.11,0.997246420274));
#3350 = VECTOR('',#3351,1.);
#3351 = DIRECTION('',(0.,1.,0.));
#3352 = PLANE('',#3353);
#3353 = AXIS2_PLACEMENT_3D('',#3354,#3355,#3356);
#3354 = CARTESIAN_POINT('',(-1.95,-2.11,0.792246420274));
#3355 = DIRECTION('',(1.,0.,0.));
#3356 = DIRECTION('',(0.,0.,1.));
#3357 = ADVANCED_FACE('',(#3358),#3369,.F.);
#3358 = FACE_BOUND('',#3359,.F.);
#3359 = EDGE_LOOP('',(#3360,#3361,#3362,#3363));
#3360 = ORIENTED_EDGE('',*,*,#3259,.F.);
#3361 = ORIENTED_EDGE('',*,*,#3154,.T.);
#3362 = ORIENTED_EDGE('',*,*,#3088,.T.);
#3363 = ORIENTED_EDGE('',*,*,#3364,.F.);
#3364 = EDGE_CURVE('',#3251,#3089,#3365,.T.);
#3365 = LINE('',#3366,#3367);
#3366 = CARTESIAN_POINT('',(-2.145299532729,-2.11,0.955869630411));
#3367 = VECTOR('',#3368,1.);
#3368 = DIRECTION('',(0.,1.,0.));
#3369 = PLANE('',#3370);
#3370 = AXIS2_PLACEMENT_3D('',#3371,#3372,#3373);
#3371 = CARTESIAN_POINT('',(-2.764562488831,-2.11,0.122246420274));
#3372 = DIRECTION('',(0.802743847954,0.,-0.596324001338));
#3373 = DIRECTION('',(0.596324001338,0.,0.802743847954));
#3374 = ADVANCED_FACE('',(#3375),#3386,.T.);
#3375 = FACE_BOUND('',#3376,.T.);
#3376 = EDGE_LOOP('',(#3377,#3378,#3379,#3380));
#3377 = ORIENTED_EDGE('',*,*,#3242,.T.);
#3378 = ORIENTED_EDGE('',*,*,#3347,.T.);
#3379 = ORIENTED_EDGE('',*,*,#3105,.F.);
#3380 = ORIENTED_EDGE('',*,*,#3381,.F.);
#3381 = EDGE_CURVE('',#3243,#3097,#3382,.T.);
#3382 = LINE('',#3383,#3384);
#3383 = CARTESIAN_POINT('',(-2.063018288313,-2.11,0.997246420274));
#3384 = VECTOR('',#3385,1.);
#3385 = DIRECTION('',(0.,1.,0.));
#3386 = PLANE('',#3387);
#3387 = AXIS2_PLACEMENT_3D('',#3388,#3389,#3390);
#3388 = CARTESIAN_POINT('',(-2.114562488831,-2.11,0.997246420274));
#3389 = DIRECTION('',(0.,0.,1.));
#3390 = DIRECTION('',(1.,0.,-0.));
#3391 = ADVANCED_FACE('',(#3392),#3398,.T.);
#3392 = FACE_BOUND('',#3393,.T.);
#3393 = EDGE_LOOP('',(#3394,#3395,#3396,#3397));
#3394 = ORIENTED_EDGE('',*,*,#3250,.T.);
#3395 = ORIENTED_EDGE('',*,*,#3381,.T.);
#3396 = ORIENTED_EDGE('',*,*,#3096,.F.);
#3397 = ORIENTED_EDGE('',*,*,#3364,.F.);
#3398 = CYLINDRICAL_SURFACE('',#3399,0.1025);
#3399 = AXIS2_PLACEMENT_3D('',#3400,#3401,#3402);
#3400 = CARTESIAN_POINT('',(-2.063018288313,-2.11,0.894746420274));
#3401 = DIRECTION('',(0.,1.,0.));
#3402 = DIRECTION('',(-0.802743847954,0.,0.596324001338));
#3403 = MANIFOLD_SOLID_BREP('',#3404);
#3404 = CLOSED_SHELL('',(#3405,#3445,#3535,#3560,#3584,#3659,#3676,#3693
    ,#3710,#3727,#3744,#3761,#3778));
#3405 = ADVANCED_FACE('',(#3406),#3440,.T.);
#3406 = FACE_BOUND('',#3407,.T.);
#3407 = EDGE_LOOP('',(#3408,#3418,#3426,#3434));
#3408 = ORIENTED_EDGE('',*,*,#3409,.F.);
#3409 = EDGE_CURVE('',#3410,#3412,#3414,.T.);
#3410 = VERTEX_POINT('',#3411);
#3411 = CARTESIAN_POINT('',(2.754632601552,-1.7,0.205));
#3412 = VERTEX_POINT('',#3413);
#3413 = CARTESIAN_POINT('',(3.,-1.7,0.205));
#3414 = LINE('',#3415,#3416);
#3415 = CARTESIAN_POINT('',(2.6,-1.7,0.205));
#3416 = VECTOR('',#3417,1.);
#3417 = DIRECTION('',(1.,0.,0.));
#3418 = ORIENTED_EDGE('',*,*,#3419,.F.);
#3419 = EDGE_CURVE('',#3420,#3410,#3422,.T.);
#3420 = VERTEX_POINT('',#3421);
#3421 = CARTESIAN_POINT('',(2.754632601552,-2.11,0.205));
#3422 = LINE('',#3423,#3424);
#3423 = CARTESIAN_POINT('',(2.754632601552,-2.11,0.205));
#3424 = VECTOR('',#3425,1.);
#3425 = DIRECTION('',(0.,1.,0.));
#3426 = ORIENTED_EDGE('',*,*,#3427,.T.);
#3427 = EDGE_CURVE('',#3420,#3428,#3430,.T.);
#3428 = VERTEX_POINT('',#3429);
#3429 = CARTESIAN_POINT('',(3.,-2.11,0.205));
#3430 = LINE('',#3431,#3432);
#3431 = CARTESIAN_POINT('',(2.6,-2.11,0.205));
#3432 = VECTOR('',#3433,1.);
#3433 = DIRECTION('',(1.,0.,0.));
#3434 = ORIENTED_EDGE('',*,*,#3435,.T.);
#3435 = EDGE_CURVE('',#3428,#3412,#3436,.T.);
#3436 = LINE('',#3437,#3438);
#3437 = CARTESIAN_POINT('',(3.,-2.11,0.205));
#3438 = VECTOR('',#3439,1.);
#3439 = DIRECTION('',(0.,1.,0.));
#3440 = PLANE('',#3441);
#3441 = AXIS2_PLACEMENT_3D('',#3442,#3443,#3444);
#3442 = CARTESIAN_POINT('',(2.6,-2.11,0.205));
#3443 = DIRECTION('',(0.,0.,1.));
#3444 = DIRECTION('',(1.,0.,-0.));
#3445 = ADVANCED_FACE('',(#3446),#3530,.T.);
#3446 = FACE_BOUND('',#3447,.T.);
#3447 = EDGE_LOOP('',(#3448,#3458,#3467,#3475,#3483,#3491,#3499,#3508,
    #3516,#3523,#3524));
#3448 = ORIENTED_EDGE('',*,*,#3449,.F.);
#3449 = EDGE_CURVE('',#3450,#3452,#3454,.T.);
#3450 = VERTEX_POINT('',#3451);
#3451 = CARTESIAN_POINT('',(2.651544200517,-1.7,-1.387778780781E-17));
#3452 = VERTEX_POINT('',#3453);
#3453 = CARTESIAN_POINT('',(3.,-1.7,0.));
#3454 = LINE('',#3455,#3456);
#3455 = CARTESIAN_POINT('',(2.6,-1.7,0.));
#3456 = VECTOR('',#3457,1.);
#3457 = DIRECTION('',(1.,0.,0.));
#3458 = ORIENTED_EDGE('',*,*,#3459,.T.);
#3459 = EDGE_CURVE('',#3450,#3460,#3462,.T.);
#3460 = VERTEX_POINT('',#3461);
#3461 = CARTESIAN_POINT('',(2.569262956102,-1.7,4.13767898629E-02));
#3462 = CIRCLE('',#3463,0.1025);
#3463 = AXIS2_PLACEMENT_3D('',#3464,#3465,#3466);
#3464 = CARTESIAN_POINT('',(2.651544200517,-1.7,0.1025));
#3465 = DIRECTION('',(0.,1.,0.));
#3466 = DIRECTION('',(0.,-0.,1.));
#3467 = ORIENTED_EDGE('',*,*,#3468,.T.);
#3468 = EDGE_CURVE('',#3460,#3469,#3471,.T.);
#3469 = VERTEX_POINT('',#3470);
#3470 = CARTESIAN_POINT('',(2.011474087796,-1.7,0.792246420274));
#3471 = LINE('',#3472,#3473);
#3472 = CARTESIAN_POINT('',(2.6,-1.7,0.));
#3473 = VECTOR('',#3474,1.);
#3474 = DIRECTION('',(-0.596324001338,0.,0.802743847954));
#3475 = ORIENTED_EDGE('',*,*,#3476,.F.);
#3476 = EDGE_CURVE('',#3477,#3469,#3479,.T.);
#3477 = VERTEX_POINT('',#3478);
#3478 = CARTESIAN_POINT('',(1.95,-1.7,0.792246420274));
#3479 = LINE('',#3480,#3481);
#3480 = CARTESIAN_POINT('',(1.95,-1.7,0.792246420274));
#3481 = VECTOR('',#3482,1.);
#3482 = DIRECTION('',(1.,0.,0.));
#3483 = ORIENTED_EDGE('',*,*,#3484,.T.);
#3484 = EDGE_CURVE('',#3477,#3485,#3487,.T.);
#3485 = VERTEX_POINT('',#3486);
#3486 = CARTESIAN_POINT('',(1.95,-1.7,0.997246420274));
#3487 = LINE('',#3488,#3489);
#3488 = CARTESIAN_POINT('',(1.95,-1.7,0.792246420274));
#3489 = VECTOR('',#3490,1.);
#3490 = DIRECTION('',(0.,0.,1.));
#3491 = ORIENTED_EDGE('',*,*,#3492,.T.);
#3492 = EDGE_CURVE('',#3485,#3493,#3495,.T.);
#3493 = VERTEX_POINT('',#3494);
#3494 = CARTESIAN_POINT('',(2.063018288313,-1.7,0.997246420274));
#3495 = LINE('',#3496,#3497);
#3496 = CARTESIAN_POINT('',(1.95,-1.7,0.997246420274));
#3497 = VECTOR('',#3498,1.);
#3498 = DIRECTION('',(1.,0.,0.));
#3499 = ORIENTED_EDGE('',*,*,#3500,.F.);
#3500 = EDGE_CURVE('',#3501,#3493,#3503,.T.);
#3501 = VERTEX_POINT('',#3502);
#3502 = CARTESIAN_POINT('',(2.145299532729,-1.7,0.955869630411));
#3503 = CIRCLE('',#3504,0.1025);
#3504 = AXIS2_PLACEMENT_3D('',#3505,#3506,#3507);
#3505 = CARTESIAN_POINT('',(2.063018288313,-1.7,0.894746420274));
#3506 = DIRECTION('',(0.,-1.,0.));
#3507 = DIRECTION('',(0.,0.,1.));
#3508 = ORIENTED_EDGE('',*,*,#3509,.F.);
#3509 = EDGE_CURVE('',#3510,#3501,#3512,.T.);
#3510 = VERTEX_POINT('',#3511);
#3511 = CARTESIAN_POINT('',(2.672351357136,-1.7,0.246376789863));
#3512 = LINE('',#3513,#3514);
#3513 = CARTESIAN_POINT('',(2.764562488831,-1.7,0.122246420274));
#3514 = VECTOR('',#3515,1.);
#3515 = DIRECTION('',(-0.596324001338,0.,0.802743847954));
#3516 = ORIENTED_EDGE('',*,*,#3517,.F.);
#3517 = EDGE_CURVE('',#3410,#3510,#3518,.T.);
#3518 = CIRCLE('',#3519,0.1025);
#3519 = AXIS2_PLACEMENT_3D('',#3520,#3521,#3522);
#3520 = CARTESIAN_POINT('',(2.754632601552,-1.7,0.3075));
#3521 = DIRECTION('',(0.,1.,0.));
#3522 = DIRECTION('',(0.,-0.,1.));
#3523 = ORIENTED_EDGE('',*,*,#3409,.T.);
#3524 = ORIENTED_EDGE('',*,*,#3525,.F.);
#3525 = EDGE_CURVE('',#3452,#3412,#3526,.T.);
#3526 = LINE('',#3527,#3528);
#3527 = CARTESIAN_POINT('',(3.,-1.7,0.));
#3528 = VECTOR('',#3529,1.);
#3529 = DIRECTION('',(0.,0.,1.));
#3530 = PLANE('',#3531);
#3531 = AXIS2_PLACEMENT_3D('',#3532,#3533,#3534);
#3532 = CARTESIAN_POINT('',(2.446634874817,-1.7,0.442216760875));
#3533 = DIRECTION('',(3.134357508613E-30,1.,2.198606642624E-30));
#3534 = DIRECTION('',(1.,-3.134357508613E-30,0.));
#3535 = ADVANCED_FACE('',(#3536),#3555,.F.);
#3536 = FACE_BOUND('',#3537,.F.);
#3537 = EDGE_LOOP('',(#3538,#3547,#3553,#3554));
#3538 = ORIENTED_EDGE('',*,*,#3539,.T.);
#3539 = EDGE_CURVE('',#3420,#3540,#3542,.T.);
#3540 = VERTEX_POINT('',#3541);
#3541 = CARTESIAN_POINT('',(2.672351357136,-2.11,0.246376789863));
#3542 = CIRCLE('',#3543,0.1025);
#3543 = AXIS2_PLACEMENT_3D('',#3544,#3545,#3546);
#3544 = CARTESIAN_POINT('',(2.754632601552,-2.11,0.3075));
#3545 = DIRECTION('',(0.,1.,0.));
#3546 = DIRECTION('',(0.,-0.,1.));
#3547 = ORIENTED_EDGE('',*,*,#3548,.T.);
#3548 = EDGE_CURVE('',#3540,#3510,#3549,.T.);
#3549 = LINE('',#3550,#3551);
#3550 = CARTESIAN_POINT('',(2.672351357136,-2.11,0.246376789863));
#3551 = VECTOR('',#3552,1.);
#3552 = DIRECTION('',(0.,1.,0.));
#3553 = ORIENTED_EDGE('',*,*,#3517,.F.);
#3554 = ORIENTED_EDGE('',*,*,#3419,.F.);
#3555 = CYLINDRICAL_SURFACE('',#3556,0.1025);
#3556 = AXIS2_PLACEMENT_3D('',#3557,#3558,#3559);
#3557 = CARTESIAN_POINT('',(2.754632601552,-2.11,0.3075));
#3558 = DIRECTION('',(0.,1.,0.));
#3559 = DIRECTION('',(0.,0.,-1.));
#3560 = ADVANCED_FACE('',(#3561),#3579,.T.);
#3561 = FACE_BOUND('',#3562,.T.);
#3562 = EDGE_LOOP('',(#3563,#3571,#3577,#3578));
#3563 = ORIENTED_EDGE('',*,*,#3564,.F.);
#3564 = EDGE_CURVE('',#3565,#3428,#3567,.T.);
#3565 = VERTEX_POINT('',#3566);
#3566 = CARTESIAN_POINT('',(3.,-2.11,0.));
#3567 = LINE('',#3568,#3569);
#3568 = CARTESIAN_POINT('',(3.,-2.11,0.));
#3569 = VECTOR('',#3570,1.);
#3570 = DIRECTION('',(0.,0.,1.));
#3571 = ORIENTED_EDGE('',*,*,#3572,.T.);
#3572 = EDGE_CURVE('',#3565,#3452,#3573,.T.);
#3573 = LINE('',#3574,#3575);
#3574 = CARTESIAN_POINT('',(3.,-2.11,0.));
#3575 = VECTOR('',#3576,1.);
#3576 = DIRECTION('',(0.,1.,0.));
#3577 = ORIENTED_EDGE('',*,*,#3525,.T.);
#3578 = ORIENTED_EDGE('',*,*,#3435,.F.);
#3579 = PLANE('',#3580);
#3580 = AXIS2_PLACEMENT_3D('',#3581,#3582,#3583);
#3581 = CARTESIAN_POINT('',(3.,-2.11,0.));
#3582 = DIRECTION('',(1.,0.,0.));
#3583 = DIRECTION('',(0.,0.,1.));
#3584 = ADVANCED_FACE('',(#3585),#3654,.T.);
#3585 = FACE_BOUND('',#3586,.T.);
#3586 = EDGE_LOOP('',(#3587,#3595,#3596,#3597,#3598,#3606,#3615,#3623,
    #3631,#3639,#3647));
#3587 = ORIENTED_EDGE('',*,*,#3588,.T.);
#3588 = EDGE_CURVE('',#3589,#3565,#3591,.T.);
#3589 = VERTEX_POINT('',#3590);
#3590 = CARTESIAN_POINT('',(2.651544200517,-2.11,-1.387778780781E-17));
#3591 = LINE('',#3592,#3593);
#3592 = CARTESIAN_POINT('',(2.6,-2.11,0.));
#3593 = VECTOR('',#3594,1.);
#3594 = DIRECTION('',(1.,0.,0.));
#3595 = ORIENTED_EDGE('',*,*,#3564,.T.);
#3596 = ORIENTED_EDGE('',*,*,#3427,.F.);
#3597 = ORIENTED_EDGE('',*,*,#3539,.T.);
#3598 = ORIENTED_EDGE('',*,*,#3599,.T.);
#3599 = EDGE_CURVE('',#3540,#3600,#3602,.T.);
#3600 = VERTEX_POINT('',#3601);
#3601 = CARTESIAN_POINT('',(2.145299532729,-2.11,0.955869630411));
#3602 = LINE('',#3603,#3604);
#3603 = CARTESIAN_POINT('',(2.764562488831,-2.11,0.122246420274));
#3604 = VECTOR('',#3605,1.);
#3605 = DIRECTION('',(-0.596324001338,0.,0.802743847954));
#3606 = ORIENTED_EDGE('',*,*,#3607,.T.);
#3607 = EDGE_CURVE('',#3600,#3608,#3610,.T.);
#3608 = VERTEX_POINT('',#3609);
#3609 = CARTESIAN_POINT('',(2.063018288313,-2.11,0.997246420274));
#3610 = CIRCLE('',#3611,0.1025);
#3611 = AXIS2_PLACEMENT_3D('',#3612,#3613,#3614);
#3612 = CARTESIAN_POINT('',(2.063018288313,-2.11,0.894746420274));
#3613 = DIRECTION('',(0.,-1.,0.));
#3614 = DIRECTION('',(0.,0.,1.));
#3615 = ORIENTED_EDGE('',*,*,#3616,.F.);
#3616 = EDGE_CURVE('',#3617,#3608,#3619,.T.);
#3617 = VERTEX_POINT('',#3618);
#3618 = CARTESIAN_POINT('',(1.95,-2.11,0.997246420274));
#3619 = LINE('',#3620,#3621);
#3620 = CARTESIAN_POINT('',(1.95,-2.11,0.997246420274));
#3621 = VECTOR('',#3622,1.);
#3622 = DIRECTION('',(1.,0.,0.));
#3623 = ORIENTED_EDGE('',*,*,#3624,.F.);
#3624 = EDGE_CURVE('',#3625,#3617,#3627,.T.);
#3625 = VERTEX_POINT('',#3626);
#3626 = CARTESIAN_POINT('',(1.95,-2.11,0.792246420274));
#3627 = LINE('',#3628,#3629);
#3628 = CARTESIAN_POINT('',(1.95,-2.11,0.792246420274));
#3629 = VECTOR('',#3630,1.);
#3630 = DIRECTION('',(0.,0.,1.));
#3631 = ORIENTED_EDGE('',*,*,#3632,.T.);
#3632 = EDGE_CURVE('',#3625,#3633,#3635,.T.);
#3633 = VERTEX_POINT('',#3634);
#3634 = CARTESIAN_POINT('',(2.011474087796,-2.11,0.792246420274));
#3635 = LINE('',#3636,#3637);
#3636 = CARTESIAN_POINT('',(1.95,-2.11,0.792246420274));
#3637 = VECTOR('',#3638,1.);
#3638 = DIRECTION('',(1.,0.,0.));
#3639 = ORIENTED_EDGE('',*,*,#3640,.F.);
#3640 = EDGE_CURVE('',#3641,#3633,#3643,.T.);
#3641 = VERTEX_POINT('',#3642);
#3642 = CARTESIAN_POINT('',(2.569262956102,-2.11,4.13767898629E-02));
#3643 = LINE('',#3644,#3645);
#3644 = CARTESIAN_POINT('',(2.6,-2.11,0.));
#3645 = VECTOR('',#3646,1.);
#3646 = DIRECTION('',(-0.596324001338,0.,0.802743847954));
#3647 = ORIENTED_EDGE('',*,*,#3648,.F.);
#3648 = EDGE_CURVE('',#3589,#3641,#3649,.T.);
#3649 = CIRCLE('',#3650,0.1025);
#3650 = AXIS2_PLACEMENT_3D('',#3651,#3652,#3653);
#3651 = CARTESIAN_POINT('',(2.651544200517,-2.11,0.1025));
#3652 = DIRECTION('',(0.,1.,0.));
#3653 = DIRECTION('',(0.,-0.,1.));
#3654 = PLANE('',#3655);
#3655 = AXIS2_PLACEMENT_3D('',#3656,#3657,#3658);
#3656 = CARTESIAN_POINT('',(2.446634874817,-2.11,0.442216760875));
#3657 = DIRECTION('',(1.568340642789E-29,-1.,1.280385161998E-29));
#3658 = DIRECTION('',(-1.,-1.568340642789E-29,0.));
#3659 = ADVANCED_FACE('',(#3660),#3671,.F.);
#3660 = FACE_BOUND('',#3661,.F.);
#3661 = EDGE_LOOP('',(#3662,#3663,#3664,#3665));
#3662 = ORIENTED_EDGE('',*,*,#3588,.T.);
#3663 = ORIENTED_EDGE('',*,*,#3572,.T.);
#3664 = ORIENTED_EDGE('',*,*,#3449,.F.);
#3665 = ORIENTED_EDGE('',*,*,#3666,.F.);
#3666 = EDGE_CURVE('',#3589,#3450,#3667,.T.);
#3667 = LINE('',#3668,#3669);
#3668 = CARTESIAN_POINT('',(2.651544200517,-2.11,-1.387778780781E-17));
#3669 = VECTOR('',#3670,1.);
#3670 = DIRECTION('',(0.,1.,0.));
#3671 = PLANE('',#3672);
#3672 = AXIS2_PLACEMENT_3D('',#3673,#3674,#3675);
#3673 = CARTESIAN_POINT('',(2.6,-2.11,0.));
#3674 = DIRECTION('',(0.,0.,1.));
#3675 = DIRECTION('',(1.,0.,-0.));
#3676 = ADVANCED_FACE('',(#3677),#3688,.T.);
#3677 = FACE_BOUND('',#3678,.T.);
#3678 = EDGE_LOOP('',(#3679,#3680,#3686,#3687));
#3679 = ORIENTED_EDGE('',*,*,#3648,.T.);
#3680 = ORIENTED_EDGE('',*,*,#3681,.T.);
#3681 = EDGE_CURVE('',#3641,#3460,#3682,.T.);
#3682 = LINE('',#3683,#3684);
#3683 = CARTESIAN_POINT('',(2.569262956102,-2.11,4.13767898629E-02));
#3684 = VECTOR('',#3685,1.);
#3685 = DIRECTION('',(0.,1.,0.));
#3686 = ORIENTED_EDGE('',*,*,#3459,.F.);
#3687 = ORIENTED_EDGE('',*,*,#3666,.F.);
#3688 = CYLINDRICAL_SURFACE('',#3689,0.1025);
#3689 = AXIS2_PLACEMENT_3D('',#3690,#3691,#3692);
#3690 = CARTESIAN_POINT('',(2.651544200517,-2.11,0.1025));
#3691 = DIRECTION('',(0.,1.,0.));
#3692 = DIRECTION('',(0.,0.,-1.));
#3693 = ADVANCED_FACE('',(#3694),#3705,.F.);
#3694 = FACE_BOUND('',#3695,.F.);
#3695 = EDGE_LOOP('',(#3696,#3697,#3698,#3699));
#3696 = ORIENTED_EDGE('',*,*,#3640,.F.);
#3697 = ORIENTED_EDGE('',*,*,#3681,.T.);
#3698 = ORIENTED_EDGE('',*,*,#3468,.T.);
#3699 = ORIENTED_EDGE('',*,*,#3700,.F.);
#3700 = EDGE_CURVE('',#3633,#3469,#3701,.T.);
#3701 = LINE('',#3702,#3703);
#3702 = CARTESIAN_POINT('',(2.011474087796,-2.11,0.792246420274));
#3703 = VECTOR('',#3704,1.);
#3704 = DIRECTION('',(0.,1.,0.));
#3705 = PLANE('',#3706);
#3706 = AXIS2_PLACEMENT_3D('',#3707,#3708,#3709);
#3707 = CARTESIAN_POINT('',(2.6,-2.11,0.));
#3708 = DIRECTION('',(0.802743847954,0.,0.596324001338));
#3709 = DIRECTION('',(-0.596324001338,0.,0.802743847954));
#3710 = ADVANCED_FACE('',(#3711),#3722,.F.);
#3711 = FACE_BOUND('',#3712,.F.);
#3712 = EDGE_LOOP('',(#3713,#3714,#3720,#3721));
#3713 = ORIENTED_EDGE('',*,*,#3476,.F.);
#3714 = ORIENTED_EDGE('',*,*,#3715,.F.);
#3715 = EDGE_CURVE('',#3625,#3477,#3716,.T.);
#3716 = LINE('',#3717,#3718);
#3717 = CARTESIAN_POINT('',(1.95,-2.11,0.792246420274));
#3718 = VECTOR('',#3719,1.);
#3719 = DIRECTION('',(0.,1.,0.));
#3720 = ORIENTED_EDGE('',*,*,#3632,.T.);
#3721 = ORIENTED_EDGE('',*,*,#3700,.T.);
#3722 = PLANE('',#3723);
#3723 = AXIS2_PLACEMENT_3D('',#3724,#3725,#3726);
#3724 = CARTESIAN_POINT('',(1.95,-2.11,0.792246420274));
#3725 = DIRECTION('',(0.,0.,1.));
#3726 = DIRECTION('',(1.,0.,-0.));
#3727 = ADVANCED_FACE('',(#3728),#3739,.F.);
#3728 = FACE_BOUND('',#3729,.T.);
#3729 = EDGE_LOOP('',(#3730,#3731,#3737,#3738));
#3730 = ORIENTED_EDGE('',*,*,#3624,.T.);
#3731 = ORIENTED_EDGE('',*,*,#3732,.T.);
#3732 = EDGE_CURVE('',#3617,#3485,#3733,.T.);
#3733 = LINE('',#3734,#3735);
#3734 = CARTESIAN_POINT('',(1.95,-2.11,0.997246420274));
#3735 = VECTOR('',#3736,1.);
#3736 = DIRECTION('',(0.,1.,0.));
#3737 = ORIENTED_EDGE('',*,*,#3484,.F.);
#3738 = ORIENTED_EDGE('',*,*,#3715,.F.);
#3739 = PLANE('',#3740);
#3740 = AXIS2_PLACEMENT_3D('',#3741,#3742,#3743);
#3741 = CARTESIAN_POINT('',(1.95,-2.11,0.792246420274));
#3742 = DIRECTION('',(1.,0.,0.));
#3743 = DIRECTION('',(0.,0.,1.));
#3744 = ADVANCED_FACE('',(#3745),#3756,.T.);
#3745 = FACE_BOUND('',#3746,.T.);
#3746 = EDGE_LOOP('',(#3747,#3748,#3749,#3750));
#3747 = ORIENTED_EDGE('',*,*,#3599,.F.);
#3748 = ORIENTED_EDGE('',*,*,#3548,.T.);
#3749 = ORIENTED_EDGE('',*,*,#3509,.T.);
#3750 = ORIENTED_EDGE('',*,*,#3751,.F.);
#3751 = EDGE_CURVE('',#3600,#3501,#3752,.T.);
#3752 = LINE('',#3753,#3754);
#3753 = CARTESIAN_POINT('',(2.145299532729,-2.11,0.955869630411));
#3754 = VECTOR('',#3755,1.);
#3755 = DIRECTION('',(0.,1.,0.));
#3756 = PLANE('',#3757);
#3757 = AXIS2_PLACEMENT_3D('',#3758,#3759,#3760);
#3758 = CARTESIAN_POINT('',(2.764562488831,-2.11,0.122246420274));
#3759 = DIRECTION('',(0.802743847954,0.,0.596324001338));
#3760 = DIRECTION('',(-0.596324001338,0.,0.802743847954));
#3761 = ADVANCED_FACE('',(#3762),#3773,.T.);
#3762 = FACE_BOUND('',#3763,.T.);
#3763 = EDGE_LOOP('',(#3764,#3765,#3766,#3767));
#3764 = ORIENTED_EDGE('',*,*,#3492,.F.);
#3765 = ORIENTED_EDGE('',*,*,#3732,.F.);
#3766 = ORIENTED_EDGE('',*,*,#3616,.T.);
#3767 = ORIENTED_EDGE('',*,*,#3768,.T.);
#3768 = EDGE_CURVE('',#3608,#3493,#3769,.T.);
#3769 = LINE('',#3770,#3771);
#3770 = CARTESIAN_POINT('',(2.063018288313,-2.11,0.997246420274));
#3771 = VECTOR('',#3772,1.);
#3772 = DIRECTION('',(0.,1.,0.));
#3773 = PLANE('',#3774);
#3774 = AXIS2_PLACEMENT_3D('',#3775,#3776,#3777);
#3775 = CARTESIAN_POINT('',(1.95,-2.11,0.997246420274));
#3776 = DIRECTION('',(0.,0.,1.));
#3777 = DIRECTION('',(1.,0.,-0.));
#3778 = ADVANCED_FACE('',(#3779),#3785,.T.);
#3779 = FACE_BOUND('',#3780,.T.);
#3780 = EDGE_LOOP('',(#3781,#3782,#3783,#3784));
#3781 = ORIENTED_EDGE('',*,*,#3751,.T.);
#3782 = ORIENTED_EDGE('',*,*,#3500,.T.);
#3783 = ORIENTED_EDGE('',*,*,#3768,.F.);
#3784 = ORIENTED_EDGE('',*,*,#3607,.F.);
#3785 = CYLINDRICAL_SURFACE('',#3786,0.1025);
#3786 = AXIS2_PLACEMENT_3D('',#3787,#3788,#3789);
#3787 = CARTESIAN_POINT('',(2.063018288313,-2.11,0.894746420274));
#3788 = DIRECTION('',(0.,1.,0.));
#3789 = DIRECTION('',(0.802743847954,-0.,0.596324001338));
#3790 = ( GEOMETRIC_REPRESENTATION_CONTEXT(3) 
GLOBAL_UNCERTAINTY_ASSIGNED_CONTEXT((#3794)) 
GLOBAL_UNIT_ASSIGNED_CONTEXT((#3791,#3792,#3793)) REPRESENTATION_CONTEXT
('Context #1','3D Context with UNIT and UNCERTAINTY') );
#3791 = ( LENGTH_UNIT() NAMED_UNIT(*) SI_UNIT(.MILLI.,.METRE.) );
#3792 = ( NAMED_UNIT(*) PLANE_ANGLE_UNIT() SI_UNIT($,.RADIAN.) );
#3793 = ( NAMED_UNIT(*) SI_UNIT($,.STERADIAN.) SOLID_ANGLE_UNIT() );
#3794 = UNCERTAINTY_MEASURE_WITH_UNIT(LENGTH_MEASURE(1.E-07),#3791,
  'distance_accuracy_value','confusion accuracy');
#3795 = CONTEXT_DEPENDENT_SHAPE_REPRESENTATION(#3796,#3798);
#3796 = ( REPRESENTATION_RELATIONSHIP('','',#693,#60) 
REPRESENTATION_RELATIONSHIP_WITH_TRANSFORMATION(#3797) 
SHAPE_REPRESENTATION_RELATIONSHIP() );
#3797 = ITEM_DEFINED_TRANSFORMATION('','',#11,#65);
#3798 = PRODUCT_DEFINITION_SHAPE('Placement','Placement of an item',
  #3799);
#3799 = NEXT_ASSEMBLY_USAGE_OCCURRENCE('2','=>[0:1:1:3]','',#55,#688,$);
#3800 = PRODUCT_RELATED_PRODUCT_CATEGORY('part',$,(#690));
#3801 = SHAPE_DEFINITION_REPRESENTATION(#3802,#3808);
#3802 = PRODUCT_DEFINITION_SHAPE('','',#3803);
#3803 = PRODUCT_DEFINITION('design','',#3804,#3807);
#3804 = PRODUCT_DEFINITION_FORMATION('','',#3805);
#3805 = PRODUCT('R_1206_3216Metric','R_1206_3216Metric','',(#3806));
#3806 = PRODUCT_CONTEXT('',#2,'mechanical');
#3807 = PRODUCT_DEFINITION_CONTEXT('part definition',#2,'design');
#3808 = ADVANCED_BREP_SHAPE_REPRESENTATION('',(#11,#3809),#4599);
#3809 = MANIFOLD_SOLID_BREP('',#3810);
#3810 = CLOSED_SHELL('',(#3811,#3851,#3934,#3959,#3984,#4051,#4068,#4085
    ,#4134,#4151,#4168,#4217,#4234,#4303,#4334,#4358,#4427,#4451,#4468,
    #4485,#4502,#4519,#4536,#4553,#4570,#4587));
#3811 = ADVANCED_FACE('',(#3812),#3846,.F.);
#3812 = FACE_BOUND('',#3813,.F.);
#3813 = EDGE_LOOP('',(#3814,#3824,#3832,#3840));
#3814 = ORIENTED_EDGE('',*,*,#3815,.F.);
#3815 = EDGE_CURVE('',#3816,#3818,#3820,.T.);
#3816 = VERTEX_POINT('',#3817);
#3817 = CARTESIAN_POINT('',(-1.6,-0.8,5.5E-02));
#3818 = VERTEX_POINT('',#3819);
#3819 = CARTESIAN_POINT('',(-1.6,-0.8,0.495));
#3820 = LINE('',#3821,#3822);
#3821 = CARTESIAN_POINT('',(-1.6,-0.8,0.));
#3822 = VECTOR('',#3823,1.);
#3823 = DIRECTION('',(0.,0.,1.));
#3824 = ORIENTED_EDGE('',*,*,#3825,.T.);
#3825 = EDGE_CURVE('',#3816,#3826,#3828,.T.);
#3826 = VERTEX_POINT('',#3827);
#3827 = CARTESIAN_POINT('',(-1.6,0.8,5.5E-02));
#3828 = LINE('',#3829,#3830);
#3829 = CARTESIAN_POINT('',(-1.6,-0.8,5.5E-02));
#3830 = VECTOR('',#3831,1.);
#3831 = DIRECTION('',(0.,1.,0.));
#3832 = ORIENTED_EDGE('',*,*,#3833,.T.);
#3833 = EDGE_CURVE('',#3826,#3834,#3836,.T.);
#3834 = VERTEX_POINT('',#3835);
#3835 = CARTESIAN_POINT('',(-1.6,0.8,0.495));
#3836 = LINE('',#3837,#3838);
#3837 = CARTESIAN_POINT('',(-1.6,0.8,0.));
#3838 = VECTOR('',#3839,1.);
#3839 = DIRECTION('',(0.,0.,1.));
#3840 = ORIENTED_EDGE('',*,*,#3841,.F.);
#3841 = EDGE_CURVE('',#3818,#3834,#3842,.T.);
#3842 = LINE('',#3843,#3844);
#3843 = CARTESIAN_POINT('',(-1.6,-0.8,0.495));
#3844 = VECTOR('',#3845,1.);
#3845 = DIRECTION('',(0.,1.,0.));
#3846 = PLANE('',#3847);
#3847 = AXIS2_PLACEMENT_3D('',#3848,#3849,#3850);
#3848 = CARTESIAN_POINT('',(-1.6,-0.8,0.));
#3849 = DIRECTION('',(1.,0.,0.));
#3850 = DIRECTION('',(0.,0.,1.));
#3851 = ADVANCED_FACE('',(#3852),#3929,.F.);
#3852 = FACE_BOUND('',#3853,.F.);
#3853 = EDGE_LOOP('',(#3854,#3864,#3871,#3872,#3881,#3889,#3898,#3906,
    #3914,#3922));
#3854 = ORIENTED_EDGE('',*,*,#3855,.F.);
#3855 = EDGE_CURVE('',#3856,#3858,#3860,.T.);
#3856 = VERTEX_POINT('',#3857);
#3857 = CARTESIAN_POINT('',(-1.545,-0.8,0.));
#3858 = VERTEX_POINT('',#3859);
#3859 = CARTESIAN_POINT('',(-1.255,-0.8,0.));
#3860 = LINE('',#3861,#3862);
#3861 = CARTESIAN_POINT('',(-1.6,-0.8,0.));
#3862 = VECTOR('',#3863,1.);
#3863 = DIRECTION('',(1.,0.,0.));
#3864 = ORIENTED_EDGE('',*,*,#3865,.F.);
#3865 = EDGE_CURVE('',#3816,#3856,#3866,.T.);
#3866 = CIRCLE('',#3867,5.5E-02);
#3867 = AXIS2_PLACEMENT_3D('',#3868,#3869,#3870);
#3868 = CARTESIAN_POINT('',(-1.545,-0.8,5.5E-02));
#3869 = DIRECTION('',(0.,-1.,0.));
#3870 = DIRECTION('',(0.,0.,1.));
#3871 = ORIENTED_EDGE('',*,*,#3815,.T.);
#3872 = ORIENTED_EDGE('',*,*,#3873,.T.);
#3873 = EDGE_CURVE('',#3818,#3874,#3876,.T.);
#3874 = VERTEX_POINT('',#3875);
#3875 = CARTESIAN_POINT('',(-1.545,-0.8,0.55));
#3876 = CIRCLE('',#3877,5.5E-02);
#3877 = AXIS2_PLACEMENT_3D('',#3878,#3879,#3880);
#3878 = CARTESIAN_POINT('',(-1.545,-0.8,0.495));
#3879 = DIRECTION('',(0.,1.,0.));
#3880 = DIRECTION('',(0.,-0.,1.));
#3881 = ORIENTED_EDGE('',*,*,#3882,.T.);
#3882 = EDGE_CURVE('',#3874,#3883,#3885,.T.);
#3883 = VERTEX_POINT('',#3884);
#3884 = CARTESIAN_POINT('',(-1.255,-0.8,0.55));
#3885 = LINE('',#3886,#3887);
#3886 = CARTESIAN_POINT('',(-1.6,-0.8,0.55));
#3887 = VECTOR('',#3888,1.);
#3888 = DIRECTION('',(1.,0.,0.));
#3889 = ORIENTED_EDGE('',*,*,#3890,.F.);
#3890 = EDGE_CURVE('',#3891,#3883,#3893,.T.);
#3891 = VERTEX_POINT('',#3892);
#3892 = CARTESIAN_POINT('',(-1.2,-0.8,0.495));
#3893 = CIRCLE('',#3894,5.5E-02);
#3894 = AXIS2_PLACEMENT_3D('',#3895,#3896,#3897);
#3895 = CARTESIAN_POINT('',(-1.255,-0.8,0.495));
#3896 = DIRECTION('',(0.,-1.,0.));
#3897 = DIRECTION('',(0.,0.,1.));
#3898 = ORIENTED_EDGE('',*,*,#3899,.F.);
#3899 = EDGE_CURVE('',#3900,#3891,#3902,.T.);
#3900 = VERTEX_POINT('',#3901);
#3901 = CARTESIAN_POINT('',(-1.545,-0.8,0.495));
#3902 = LINE('',#3903,#3904);
#3903 = CARTESIAN_POINT('',(-1.545,-0.8,0.495));
#3904 = VECTOR('',#3905,1.);
#3905 = DIRECTION('',(1.,0.,0.));
#3906 = ORIENTED_EDGE('',*,*,#3907,.F.);
#3907 = EDGE_CURVE('',#3908,#3900,#3910,.T.);
#3908 = VERTEX_POINT('',#3909);
#3909 = CARTESIAN_POINT('',(-1.545,-0.8,5.5E-02));
#3910 = LINE('',#3911,#3912);
#3911 = CARTESIAN_POINT('',(-1.545,-0.8,5.5E-02));
#3912 = VECTOR('',#3913,1.);
#3913 = DIRECTION('',(0.,0.,1.));
#3914 = ORIENTED_EDGE('',*,*,#3915,.T.);
#3915 = EDGE_CURVE('',#3908,#3916,#3918,.T.);
#3916 = VERTEX_POINT('',#3917);
#3917 = CARTESIAN_POINT('',(-1.2,-0.8,5.5E-02));
#3918 = LINE('',#3919,#3920);
#3919 = CARTESIAN_POINT('',(-1.545,-0.8,5.5E-02));
#3920 = VECTOR('',#3921,1.);
#3921 = DIRECTION('',(1.,0.,0.));
#3922 = ORIENTED_EDGE('',*,*,#3923,.T.);
#3923 = EDGE_CURVE('',#3916,#3858,#3924,.T.);
#3924 = CIRCLE('',#3925,5.5E-02);
#3925 = AXIS2_PLACEMENT_3D('',#3926,#3927,#3928);
#3926 = CARTESIAN_POINT('',(-1.255,-0.8,5.5E-02));
#3927 = DIRECTION('',(0.,1.,0.));
#3928 = DIRECTION('',(0.,-0.,1.));
#3929 = PLANE('',#3930);
#3930 = AXIS2_PLACEMENT_3D('',#3931,#3932,#3933);
#3931 = CARTESIAN_POINT('',(-1.6,-0.8,0.));
#3932 = DIRECTION('',(0.,1.,0.));
#3933 = DIRECTION('',(0.,-0.,1.));
#3934 = ADVANCED_FACE('',(#3935),#3954,.T.);
#3935 = FACE_BOUND('',#3936,.T.);
#3936 = EDGE_LOOP('',(#3937,#3938,#3947,#3953));
#3937 = ORIENTED_EDGE('',*,*,#3825,.T.);
#3938 = ORIENTED_EDGE('',*,*,#3939,.T.);
#3939 = EDGE_CURVE('',#3826,#3940,#3942,.T.);
#3940 = VERTEX_POINT('',#3941);
#3941 = CARTESIAN_POINT('',(-1.545,0.8,0.));
#3942 = CIRCLE('',#3943,5.5E-02);
#3943 = AXIS2_PLACEMENT_3D('',#3944,#3945,#3946);
#3944 = CARTESIAN_POINT('',(-1.545,0.8,5.5E-02));
#3945 = DIRECTION('',(0.,-1.,0.));
#3946 = DIRECTION('',(0.,0.,1.));
#3947 = ORIENTED_EDGE('',*,*,#3948,.F.);
#3948 = EDGE_CURVE('',#3856,#3940,#3949,.T.);
#3949 = LINE('',#3950,#3951);
#3950 = CARTESIAN_POINT('',(-1.545,-0.8,0.));
#3951 = VECTOR('',#3952,1.);
#3952 = DIRECTION('',(0.,1.,0.));
#3953 = ORIENTED_EDGE('',*,*,#3865,.F.);
#3954 = CYLINDRICAL_SURFACE('',#3955,5.5E-02);
#3955 = AXIS2_PLACEMENT_3D('',#3956,#3957,#3958);
#3956 = CARTESIAN_POINT('',(-1.545,-0.8,5.5E-02));
#3957 = DIRECTION('',(0.,1.,0.));
#3958 = DIRECTION('',(-1.,0.,0.));
#3959 = ADVANCED_FACE('',(#3960),#3979,.T.);
#3960 = FACE_BOUND('',#3961,.T.);
#3961 = EDGE_LOOP('',(#3962,#3963,#3971,#3978));
#3962 = ORIENTED_EDGE('',*,*,#3873,.T.);
#3963 = ORIENTED_EDGE('',*,*,#3964,.T.);
#3964 = EDGE_CURVE('',#3874,#3965,#3967,.T.);
#3965 = VERTEX_POINT('',#3966);
#3966 = CARTESIAN_POINT('',(-1.545,0.8,0.55));
#3967 = LINE('',#3968,#3969);
#3968 = CARTESIAN_POINT('',(-1.545,-0.8,0.55));
#3969 = VECTOR('',#3970,1.);
#3970 = DIRECTION('',(0.,1.,0.));
#3971 = ORIENTED_EDGE('',*,*,#3972,.F.);
#3972 = EDGE_CURVE('',#3834,#3965,#3973,.T.);
#3973 = CIRCLE('',#3974,5.5E-02);
#3974 = AXIS2_PLACEMENT_3D('',#3975,#3976,#3977);
#3975 = CARTESIAN_POINT('',(-1.545,0.8,0.495));
#3976 = DIRECTION('',(0.,1.,0.));
#3977 = DIRECTION('',(0.,-0.,1.));
#3978 = ORIENTED_EDGE('',*,*,#3841,.F.);
#3979 = CYLINDRICAL_SURFACE('',#3980,5.5E-02);
#3980 = AXIS2_PLACEMENT_3D('',#3981,#3982,#3983);
#3981 = CARTESIAN_POINT('',(-1.545,-0.8,0.495));
#3982 = DIRECTION('',(0.,1.,0.));
#3983 = DIRECTION('',(-1.,0.,0.));
#3984 = ADVANCED_FACE('',(#3985),#4046,.T.);
#3985 = FACE_BOUND('',#3986,.T.);
#3986 = EDGE_LOOP('',(#3987,#3995,#3996,#3997,#3998,#4006,#4015,#4023,
    #4031,#4039));
#3987 = ORIENTED_EDGE('',*,*,#3988,.F.);
#3988 = EDGE_CURVE('',#3940,#3989,#3991,.T.);
#3989 = VERTEX_POINT('',#3990);
#3990 = CARTESIAN_POINT('',(-1.255,0.8,0.));
#3991 = LINE('',#3992,#3993);
#3992 = CARTESIAN_POINT('',(-1.6,0.8,0.));
#3993 = VECTOR('',#3994,1.);
#3994 = DIRECTION('',(1.,0.,0.));
#3995 = ORIENTED_EDGE('',*,*,#3939,.F.);
#3996 = ORIENTED_EDGE('',*,*,#3833,.T.);
#3997 = ORIENTED_EDGE('',*,*,#3972,.T.);
#3998 = ORIENTED_EDGE('',*,*,#3999,.T.);
#3999 = EDGE_CURVE('',#3965,#4000,#4002,.T.);
#4000 = VERTEX_POINT('',#4001);
#4001 = CARTESIAN_POINT('',(-1.255,0.8,0.55));
#4002 = LINE('',#4003,#4004);
#4003 = CARTESIAN_POINT('',(-1.6,0.8,0.55));
#4004 = VECTOR('',#4005,1.);
#4005 = DIRECTION('',(1.,0.,0.));
#4006 = ORIENTED_EDGE('',*,*,#4007,.F.);
#4007 = EDGE_CURVE('',#4008,#4000,#4010,.T.);
#4008 = VERTEX_POINT('',#4009);
#4009 = CARTESIAN_POINT('',(-1.2,0.8,0.495));
#4010 = CIRCLE('',#4011,5.5E-02);
#4011 = AXIS2_PLACEMENT_3D('',#4012,#4013,#4014);
#4012 = CARTESIAN_POINT('',(-1.255,0.8,0.495));
#4013 = DIRECTION('',(0.,-1.,0.));
#4014 = DIRECTION('',(0.,0.,1.));
#4015 = ORIENTED_EDGE('',*,*,#4016,.F.);
#4016 = EDGE_CURVE('',#4017,#4008,#4019,.T.);
#4017 = VERTEX_POINT('',#4018);
#4018 = CARTESIAN_POINT('',(-1.545,0.8,0.495));
#4019 = LINE('',#4020,#4021);
#4020 = CARTESIAN_POINT('',(-1.545,0.8,0.495));
#4021 = VECTOR('',#4022,1.);
#4022 = DIRECTION('',(1.,0.,0.));
#4023 = ORIENTED_EDGE('',*,*,#4024,.F.);
#4024 = EDGE_CURVE('',#4025,#4017,#4027,.T.);
#4025 = VERTEX_POINT('',#4026);
#4026 = CARTESIAN_POINT('',(-1.545,0.8,5.5E-02));
#4027 = LINE('',#4028,#4029);
#4028 = CARTESIAN_POINT('',(-1.545,0.8,5.5E-02));
#4029 = VECTOR('',#4030,1.);
#4030 = DIRECTION('',(0.,0.,1.));
#4031 = ORIENTED_EDGE('',*,*,#4032,.T.);
#4032 = EDGE_CURVE('',#4025,#4033,#4035,.T.);
#4033 = VERTEX_POINT('',#4034);
#4034 = CARTESIAN_POINT('',(-1.2,0.8,5.5E-02));
#4035 = LINE('',#4036,#4037);
#4036 = CARTESIAN_POINT('',(-1.545,0.8,5.5E-02));
#4037 = VECTOR('',#4038,1.);
#4038 = DIRECTION('',(1.,0.,0.));
#4039 = ORIENTED_EDGE('',*,*,#4040,.T.);
#4040 = EDGE_CURVE('',#4033,#3989,#4041,.T.);
#4041 = CIRCLE('',#4042,5.5E-02);
#4042 = AXIS2_PLACEMENT_3D('',#4043,#4044,#4045);
#4043 = CARTESIAN_POINT('',(-1.255,0.8,5.5E-02));
#4044 = DIRECTION('',(0.,1.,0.));
#4045 = DIRECTION('',(0.,-0.,1.));
#4046 = PLANE('',#4047);
#4047 = AXIS2_PLACEMENT_3D('',#4048,#4049,#4050);
#4048 = CARTESIAN_POINT('',(-1.6,0.8,0.));
#4049 = DIRECTION('',(0.,1.,0.));
#4050 = DIRECTION('',(0.,-0.,1.));
#4051 = ADVANCED_FACE('',(#4052),#4063,.F.);
#4052 = FACE_BOUND('',#4053,.F.);
#4053 = EDGE_LOOP('',(#4054,#4055,#4056,#4057));
#4054 = ORIENTED_EDGE('',*,*,#3988,.F.);
#4055 = ORIENTED_EDGE('',*,*,#3948,.F.);
#4056 = ORIENTED_EDGE('',*,*,#3855,.T.);
#4057 = ORIENTED_EDGE('',*,*,#4058,.T.);
#4058 = EDGE_CURVE('',#3858,#3989,#4059,.T.);
#4059 = LINE('',#4060,#4061);
#4060 = CARTESIAN_POINT('',(-1.255,-0.8,0.));
#4061 = VECTOR('',#4062,1.);
#4062 = DIRECTION('',(0.,1.,0.));
#4063 = PLANE('',#4064);
#4064 = AXIS2_PLACEMENT_3D('',#4065,#4066,#4067);
#4065 = CARTESIAN_POINT('',(-1.6,-0.8,0.));
#4066 = DIRECTION('',(0.,0.,1.));
#4067 = DIRECTION('',(1.,0.,-0.));
#4068 = ADVANCED_FACE('',(#4069),#4080,.T.);
#4069 = FACE_BOUND('',#4070,.T.);
#4070 = EDGE_LOOP('',(#4071,#4072,#4073,#4074));
#4071 = ORIENTED_EDGE('',*,*,#3923,.T.);
#4072 = ORIENTED_EDGE('',*,*,#4058,.T.);
#4073 = ORIENTED_EDGE('',*,*,#4040,.F.);
#4074 = ORIENTED_EDGE('',*,*,#4075,.F.);
#4075 = EDGE_CURVE('',#3916,#4033,#4076,.T.);
#4076 = LINE('',#4077,#4078);
#4077 = CARTESIAN_POINT('',(-1.2,-0.8,5.5E-02));
#4078 = VECTOR('',#4079,1.);
#4079 = DIRECTION('',(0.,1.,0.));
#4080 = CYLINDRICAL_SURFACE('',#4081,5.5E-02);
#4081 = AXIS2_PLACEMENT_3D('',#4082,#4083,#4084);
#4082 = CARTESIAN_POINT('',(-1.255,-0.8,5.5E-02));
#4083 = DIRECTION('',(0.,1.,0.));
#4084 = DIRECTION('',(1.,0.,0.));
#4085 = ADVANCED_FACE('',(#4086),#4129,.F.);
#4086 = FACE_BOUND('',#4087,.F.);
#4087 = EDGE_LOOP('',(#4088,#4089,#4090,#4091,#4099,#4107,#4115,#4123));
#4088 = ORIENTED_EDGE('',*,*,#3915,.F.);
#4089 = ORIENTED_EDGE('',*,*,#3907,.T.);
#4090 = ORIENTED_EDGE('',*,*,#3899,.T.);
#4091 = ORIENTED_EDGE('',*,*,#4092,.T.);
#4092 = EDGE_CURVE('',#3891,#4093,#4095,.T.);
#4093 = VERTEX_POINT('',#4094);
#4094 = CARTESIAN_POINT('',(1.2,-0.8,0.495));
#4095 = LINE('',#4096,#4097);
#4096 = CARTESIAN_POINT('',(-1.2,-0.8,0.495));
#4097 = VECTOR('',#4098,1.);
#4098 = DIRECTION('',(1.,0.,0.));
#4099 = ORIENTED_EDGE('',*,*,#4100,.T.);
#4100 = EDGE_CURVE('',#4093,#4101,#4103,.T.);
#4101 = VERTEX_POINT('',#4102);
#4102 = CARTESIAN_POINT('',(1.545,-0.8,0.495));
#4103 = LINE('',#4104,#4105);
#4104 = CARTESIAN_POINT('',(-1.545,-0.8,0.495));
#4105 = VECTOR('',#4106,1.);
#4106 = DIRECTION('',(1.,0.,0.));
#4107 = ORIENTED_EDGE('',*,*,#4108,.F.);
#4108 = EDGE_CURVE('',#4109,#4101,#4111,.T.);
#4109 = VERTEX_POINT('',#4110);
#4110 = CARTESIAN_POINT('',(1.545,-0.8,5.5E-02));
#4111 = LINE('',#4112,#4113);
#4112 = CARTESIAN_POINT('',(1.545,-0.8,5.5E-02));
#4113 = VECTOR('',#4114,1.);
#4114 = DIRECTION('',(0.,0.,1.));
#4115 = ORIENTED_EDGE('',*,*,#4116,.F.);
#4116 = EDGE_CURVE('',#4117,#4109,#4119,.T.);
#4117 = VERTEX_POINT('',#4118);
#4118 = CARTESIAN_POINT('',(1.2,-0.8,5.5E-02));
#4119 = LINE('',#4120,#4121);
#4120 = CARTESIAN_POINT('',(-1.545,-0.8,5.5E-02));
#4121 = VECTOR('',#4122,1.);
#4122 = DIRECTION('',(1.,0.,0.));
#4123 = ORIENTED_EDGE('',*,*,#4124,.F.);
#4124 = EDGE_CURVE('',#3916,#4117,#4125,.T.);
#4125 = LINE('',#4126,#4127);
#4126 = CARTESIAN_POINT('',(-1.545,-0.8,5.5E-02));
#4127 = VECTOR('',#4128,1.);
#4128 = DIRECTION('',(1.,0.,0.));
#4129 = PLANE('',#4130);
#4130 = AXIS2_PLACEMENT_3D('',#4131,#4132,#4133);
#4131 = CARTESIAN_POINT('',(-1.545,-0.8,5.5E-02));
#4132 = DIRECTION('',(0.,1.,0.));
#4133 = DIRECTION('',(0.,-0.,1.));
#4134 = ADVANCED_FACE('',(#4135),#4146,.T.);
#4135 = FACE_BOUND('',#4136,.T.);
#4136 = EDGE_LOOP('',(#4137,#4138,#4139,#4140));
#4137 = ORIENTED_EDGE('',*,*,#3999,.F.);
#4138 = ORIENTED_EDGE('',*,*,#3964,.F.);
#4139 = ORIENTED_EDGE('',*,*,#3882,.T.);
#4140 = ORIENTED_EDGE('',*,*,#4141,.T.);
#4141 = EDGE_CURVE('',#3883,#4000,#4142,.T.);
#4142 = LINE('',#4143,#4144);
#4143 = CARTESIAN_POINT('',(-1.255,-0.8,0.55));
#4144 = VECTOR('',#4145,1.);
#4145 = DIRECTION('',(0.,1.,0.));
#4146 = PLANE('',#4147);
#4147 = AXIS2_PLACEMENT_3D('',#4148,#4149,#4150);
#4148 = CARTESIAN_POINT('',(-1.6,-0.8,0.55));
#4149 = DIRECTION('',(0.,0.,1.));
#4150 = DIRECTION('',(1.,0.,-0.));
#4151 = ADVANCED_FACE('',(#4152),#4163,.T.);
#4152 = FACE_BOUND('',#4153,.T.);
#4153 = EDGE_LOOP('',(#4154,#4160,#4161,#4162));
#4154 = ORIENTED_EDGE('',*,*,#4155,.T.);
#4155 = EDGE_CURVE('',#3891,#4008,#4156,.T.);
#4156 = LINE('',#4157,#4158);
#4157 = CARTESIAN_POINT('',(-1.2,-0.8,0.495));
#4158 = VECTOR('',#4159,1.);
#4159 = DIRECTION('',(0.,1.,0.));
#4160 = ORIENTED_EDGE('',*,*,#4007,.T.);
#4161 = ORIENTED_EDGE('',*,*,#4141,.F.);
#4162 = ORIENTED_EDGE('',*,*,#3890,.F.);
#4163 = CYLINDRICAL_SURFACE('',#4164,5.5E-02);
#4164 = AXIS2_PLACEMENT_3D('',#4165,#4166,#4167);
#4165 = CARTESIAN_POINT('',(-1.255,-0.8,0.495));
#4166 = DIRECTION('',(0.,1.,0.));
#4167 = DIRECTION('',(1.,0.,0.));
#4168 = ADVANCED_FACE('',(#4169),#4212,.T.);
#4169 = FACE_BOUND('',#4170,.T.);
#4170 = EDGE_LOOP('',(#4171,#4172,#4173,#4174,#4182,#4190,#4198,#4206));
#4171 = ORIENTED_EDGE('',*,*,#4032,.F.);
#4172 = ORIENTED_EDGE('',*,*,#4024,.T.);
#4173 = ORIENTED_EDGE('',*,*,#4016,.T.);
#4174 = ORIENTED_EDGE('',*,*,#4175,.T.);
#4175 = EDGE_CURVE('',#4008,#4176,#4178,.T.);
#4176 = VERTEX_POINT('',#4177);
#4177 = CARTESIAN_POINT('',(1.2,0.8,0.495));
#4178 = LINE('',#4179,#4180);
#4179 = CARTESIAN_POINT('',(-1.2,0.8,0.495));
#4180 = VECTOR('',#4181,1.);
#4181 = DIRECTION('',(1.,0.,0.));
#4182 = ORIENTED_EDGE('',*,*,#4183,.T.);
#4183 = EDGE_CURVE('',#4176,#4184,#4186,.T.);
#4184 = VERTEX_POINT('',#4185);
#4185 = CARTESIAN_POINT('',(1.545,0.8,0.495));
#4186 = LINE('',#4187,#4188);
#4187 = CARTESIAN_POINT('',(-1.545,0.8,0.495));
#4188 = VECTOR('',#4189,1.);
#4189 = DIRECTION('',(1.,0.,0.));
#4190 = ORIENTED_EDGE('',*,*,#4191,.F.);
#4191 = EDGE_CURVE('',#4192,#4184,#4194,.T.);
#4192 = VERTEX_POINT('',#4193);
#4193 = CARTESIAN_POINT('',(1.545,0.8,5.5E-02));
#4194 = LINE('',#4195,#4196);
#4195 = CARTESIAN_POINT('',(1.545,0.8,5.5E-02));
#4196 = VECTOR('',#4197,1.);
#4197 = DIRECTION('',(0.,0.,1.));
#4198 = ORIENTED_EDGE('',*,*,#4199,.F.);
#4199 = EDGE_CURVE('',#4200,#4192,#4202,.T.);
#4200 = VERTEX_POINT('',#4201);
#4201 = CARTESIAN_POINT('',(1.2,0.8,5.5E-02));
#4202 = LINE('',#4203,#4204);
#4203 = CARTESIAN_POINT('',(-1.545,0.8,5.5E-02));
#4204 = VECTOR('',#4205,1.);
#4205 = DIRECTION('',(1.,0.,0.));
#4206 = ORIENTED_EDGE('',*,*,#4207,.F.);
#4207 = EDGE_CURVE('',#4033,#4200,#4208,.T.);
#4208 = LINE('',#4209,#4210);
#4209 = CARTESIAN_POINT('',(-1.545,0.8,5.5E-02));
#4210 = VECTOR('',#4211,1.);
#4211 = DIRECTION('',(1.,0.,0.));
#4212 = PLANE('',#4213);
#4213 = AXIS2_PLACEMENT_3D('',#4214,#4215,#4216);
#4214 = CARTESIAN_POINT('',(-1.545,0.8,5.5E-02));
#4215 = DIRECTION('',(0.,1.,0.));
#4216 = DIRECTION('',(0.,-0.,1.));
#4217 = ADVANCED_FACE('',(#4218),#4229,.F.);
#4218 = FACE_BOUND('',#4219,.F.);
#4219 = EDGE_LOOP('',(#4220,#4221,#4222,#4228));
#4220 = ORIENTED_EDGE('',*,*,#4075,.F.);
#4221 = ORIENTED_EDGE('',*,*,#4124,.T.);
#4222 = ORIENTED_EDGE('',*,*,#4223,.T.);
#4223 = EDGE_CURVE('',#4117,#4200,#4224,.T.);
#4224 = LINE('',#4225,#4226);
#4225 = CARTESIAN_POINT('',(1.2,-0.8,5.5E-02));
#4226 = VECTOR('',#4227,1.);
#4227 = DIRECTION('',(0.,1.,0.));
#4228 = ORIENTED_EDGE('',*,*,#4207,.F.);
#4229 = PLANE('',#4230);
#4230 = AXIS2_PLACEMENT_3D('',#4231,#4232,#4233);
#4231 = CARTESIAN_POINT('',(-1.545,-0.8,5.5E-02));
#4232 = DIRECTION('',(0.,0.,1.));
#4233 = DIRECTION('',(1.,0.,-0.));
#4234 = ADVANCED_FACE('',(#4235),#4298,.F.);
#4235 = FACE_BOUND('',#4236,.F.);
#4236 = EDGE_LOOP('',(#4237,#4247,#4254,#4255,#4256,#4257,#4266,#4274,
    #4283,#4291));
#4237 = ORIENTED_EDGE('',*,*,#4238,.F.);
#4238 = EDGE_CURVE('',#4239,#4241,#4243,.T.);
#4239 = VERTEX_POINT('',#4240);
#4240 = CARTESIAN_POINT('',(1.255,-0.8,0.));
#4241 = VERTEX_POINT('',#4242);
#4242 = CARTESIAN_POINT('',(1.545,-0.8,0.));
#4243 = LINE('',#4244,#4245);
#4244 = CARTESIAN_POINT('',(1.2,-0.8,0.));
#4245 = VECTOR('',#4246,1.);
#4246 = DIRECTION('',(1.,0.,0.));
#4247 = ORIENTED_EDGE('',*,*,#4248,.F.);
#4248 = EDGE_CURVE('',#4117,#4239,#4249,.T.);
#4249 = CIRCLE('',#4250,5.5E-02);
#4250 = AXIS2_PLACEMENT_3D('',#4251,#4252,#4253);
#4251 = CARTESIAN_POINT('',(1.255,-0.8,5.5E-02));
#4252 = DIRECTION('',(0.,-1.,0.));
#4253 = DIRECTION('',(0.,0.,1.));
#4254 = ORIENTED_EDGE('',*,*,#4116,.T.);
#4255 = ORIENTED_EDGE('',*,*,#4108,.T.);
#4256 = ORIENTED_EDGE('',*,*,#4100,.F.);
#4257 = ORIENTED_EDGE('',*,*,#4258,.T.);
#4258 = EDGE_CURVE('',#4093,#4259,#4261,.T.);
#4259 = VERTEX_POINT('',#4260);
#4260 = CARTESIAN_POINT('',(1.255,-0.8,0.55));
#4261 = CIRCLE('',#4262,5.5E-02);
#4262 = AXIS2_PLACEMENT_3D('',#4263,#4264,#4265);
#4263 = CARTESIAN_POINT('',(1.255,-0.8,0.495));
#4264 = DIRECTION('',(0.,1.,0.));
#4265 = DIRECTION('',(0.,-0.,1.));
#4266 = ORIENTED_EDGE('',*,*,#4267,.T.);
#4267 = EDGE_CURVE('',#4259,#4268,#4270,.T.);
#4268 = VERTEX_POINT('',#4269);
#4269 = CARTESIAN_POINT('',(1.545,-0.8,0.55));
#4270 = LINE('',#4271,#4272);
#4271 = CARTESIAN_POINT('',(1.2,-0.8,0.55));
#4272 = VECTOR('',#4273,1.);
#4273 = DIRECTION('',(1.,0.,0.));
#4274 = ORIENTED_EDGE('',*,*,#4275,.F.);
#4275 = EDGE_CURVE('',#4276,#4268,#4278,.T.);
#4276 = VERTEX_POINT('',#4277);
#4277 = CARTESIAN_POINT('',(1.6,-0.8,0.495));
#4278 = CIRCLE('',#4279,5.5E-02);
#4279 = AXIS2_PLACEMENT_3D('',#4280,#4281,#4282);
#4280 = CARTESIAN_POINT('',(1.545,-0.8,0.495));
#4281 = DIRECTION('',(0.,-1.,0.));
#4282 = DIRECTION('',(0.,0.,1.));
#4283 = ORIENTED_EDGE('',*,*,#4284,.F.);
#4284 = EDGE_CURVE('',#4285,#4276,#4287,.T.);
#4285 = VERTEX_POINT('',#4286);
#4286 = CARTESIAN_POINT('',(1.6,-0.8,5.5E-02));
#4287 = LINE('',#4288,#4289);
#4288 = CARTESIAN_POINT('',(1.6,-0.8,0.));
#4289 = VECTOR('',#4290,1.);
#4290 = DIRECTION('',(0.,0.,1.));
#4291 = ORIENTED_EDGE('',*,*,#4292,.T.);
#4292 = EDGE_CURVE('',#4285,#4241,#4293,.T.);
#4293 = CIRCLE('',#4294,5.5E-02);
#4294 = AXIS2_PLACEMENT_3D('',#4295,#4296,#4297);
#4295 = CARTESIAN_POINT('',(1.545,-0.8,5.5E-02));
#4296 = DIRECTION('',(0.,1.,0.));
#4297 = DIRECTION('',(0.,-0.,1.));
#4298 = PLANE('',#4299);
#4299 = AXIS2_PLACEMENT_3D('',#4300,#4301,#4302);
#4300 = CARTESIAN_POINT('',(1.2,-0.8,0.));
#4301 = DIRECTION('',(0.,1.,0.));
#4302 = DIRECTION('',(0.,-0.,1.));
#4303 = ADVANCED_FACE('',(#4304),#4329,.F.);
#4304 = FACE_BOUND('',#4305,.F.);
#4305 = EDGE_LOOP('',(#4306,#4307,#4315,#4323));
#4306 = ORIENTED_EDGE('',*,*,#4092,.F.);
#4307 = ORIENTED_EDGE('',*,*,#4308,.T.);
#4308 = EDGE_CURVE('',#3891,#4309,#4311,.T.);
#4309 = VERTEX_POINT('',#4310);
#4310 = CARTESIAN_POINT('',(-1.2,-0.8,0.55));
#4311 = LINE('',#4312,#4313);
#4312 = CARTESIAN_POINT('',(-1.2,-0.8,0.495));
#4313 = VECTOR('',#4314,1.);
#4314 = DIRECTION('',(0.,0.,1.));
#4315 = ORIENTED_EDGE('',*,*,#4316,.T.);
#4316 = EDGE_CURVE('',#4309,#4317,#4319,.T.);
#4317 = VERTEX_POINT('',#4318);
#4318 = CARTESIAN_POINT('',(1.2,-0.8,0.55));
#4319 = LINE('',#4320,#4321);
#4320 = CARTESIAN_POINT('',(-1.2,-0.8,0.55));
#4321 = VECTOR('',#4322,1.);
#4322 = DIRECTION('',(1.,0.,0.));
#4323 = ORIENTED_EDGE('',*,*,#4324,.F.);
#4324 = EDGE_CURVE('',#4093,#4317,#4325,.T.);
#4325 = LINE('',#4326,#4327);
#4326 = CARTESIAN_POINT('',(1.2,-0.8,0.495));
#4327 = VECTOR('',#4328,1.);
#4328 = DIRECTION('',(0.,0.,1.));
#4329 = PLANE('',#4330);
#4330 = AXIS2_PLACEMENT_3D('',#4331,#4332,#4333);
#4331 = CARTESIAN_POINT('',(-1.2,-0.8,0.495));
#4332 = DIRECTION('',(0.,1.,0.));
#4333 = DIRECTION('',(0.,-0.,1.));
#4334 = ADVANCED_FACE('',(#4335),#4353,.F.);
#4335 = FACE_BOUND('',#4336,.F.);
#4336 = EDGE_LOOP('',(#4337,#4338,#4339,#4347));
#4337 = ORIENTED_EDGE('',*,*,#4308,.F.);
#4338 = ORIENTED_EDGE('',*,*,#4155,.T.);
#4339 = ORIENTED_EDGE('',*,*,#4340,.T.);
#4340 = EDGE_CURVE('',#4008,#4341,#4343,.T.);
#4341 = VERTEX_POINT('',#4342);
#4342 = CARTESIAN_POINT('',(-1.2,0.8,0.55));
#4343 = LINE('',#4344,#4345);
#4344 = CARTESIAN_POINT('',(-1.2,0.8,0.495));
#4345 = VECTOR('',#4346,1.);
#4346 = DIRECTION('',(0.,0.,1.));
#4347 = ORIENTED_EDGE('',*,*,#4348,.F.);
#4348 = EDGE_CURVE('',#4309,#4341,#4349,.T.);
#4349 = LINE('',#4350,#4351);
#4350 = CARTESIAN_POINT('',(-1.2,-0.8,0.55));
#4351 = VECTOR('',#4352,1.);
#4352 = DIRECTION('',(0.,1.,0.));
#4353 = PLANE('',#4354);
#4354 = AXIS2_PLACEMENT_3D('',#4355,#4356,#4357);
#4355 = CARTESIAN_POINT('',(-1.2,-0.8,0.495));
#4356 = DIRECTION('',(1.,0.,0.));
#4357 = DIRECTION('',(0.,0.,1.));
#4358 = ADVANCED_FACE('',(#4359),#4422,.T.);
#4359 = FACE_BOUND('',#4360,.T.);
#4360 = EDGE_LOOP('',(#4361,#4371,#4378,#4379,#4380,#4381,#4390,#4398,
    #4407,#4415));
#4361 = ORIENTED_EDGE('',*,*,#4362,.F.);
#4362 = EDGE_CURVE('',#4363,#4365,#4367,.T.);
#4363 = VERTEX_POINT('',#4364);
#4364 = CARTESIAN_POINT('',(1.255,0.8,0.));
#4365 = VERTEX_POINT('',#4366);
#4366 = CARTESIAN_POINT('',(1.545,0.8,0.));
#4367 = LINE('',#4368,#4369);
#4368 = CARTESIAN_POINT('',(1.2,0.8,0.));
#4369 = VECTOR('',#4370,1.);
#4370 = DIRECTION('',(1.,0.,0.));
#4371 = ORIENTED_EDGE('',*,*,#4372,.F.);
#4372 = EDGE_CURVE('',#4200,#4363,#4373,.T.);
#4373 = CIRCLE('',#4374,5.5E-02);
#4374 = AXIS2_PLACEMENT_3D('',#4375,#4376,#4377);
#4375 = CARTESIAN_POINT('',(1.255,0.8,5.5E-02));
#4376 = DIRECTION('',(0.,-1.,0.));
#4377 = DIRECTION('',(0.,0.,1.));
#4378 = ORIENTED_EDGE('',*,*,#4199,.T.);
#4379 = ORIENTED_EDGE('',*,*,#4191,.T.);
#4380 = ORIENTED_EDGE('',*,*,#4183,.F.);
#4381 = ORIENTED_EDGE('',*,*,#4382,.T.);
#4382 = EDGE_CURVE('',#4176,#4383,#4385,.T.);
#4383 = VERTEX_POINT('',#4384);
#4384 = CARTESIAN_POINT('',(1.255,0.8,0.55));
#4385 = CIRCLE('',#4386,5.5E-02);
#4386 = AXIS2_PLACEMENT_3D('',#4387,#4388,#4389);
#4387 = CARTESIAN_POINT('',(1.255,0.8,0.495));
#4388 = DIRECTION('',(0.,1.,0.));
#4389 = DIRECTION('',(0.,-0.,1.));
#4390 = ORIENTED_EDGE('',*,*,#4391,.T.);
#4391 = EDGE_CURVE('',#4383,#4392,#4394,.T.);
#4392 = VERTEX_POINT('',#4393);
#4393 = CARTESIAN_POINT('',(1.545,0.8,0.55));
#4394 = LINE('',#4395,#4396);
#4395 = CARTESIAN_POINT('',(1.2,0.8,0.55));
#4396 = VECTOR('',#4397,1.);
#4397 = DIRECTION('',(1.,0.,0.));
#4398 = ORIENTED_EDGE('',*,*,#4399,.F.);
#4399 = EDGE_CURVE('',#4400,#4392,#4402,.T.);
#4400 = VERTEX_POINT('',#4401);
#4401 = CARTESIAN_POINT('',(1.6,0.8,0.495));
#4402 = CIRCLE('',#4403,5.5E-02);
#4403 = AXIS2_PLACEMENT_3D('',#4404,#4405,#4406);
#4404 = CARTESIAN_POINT('',(1.545,0.8,0.495));
#4405 = DIRECTION('',(0.,-1.,0.));
#4406 = DIRECTION('',(0.,0.,1.));
#4407 = ORIENTED_EDGE('',*,*,#4408,.F.);
#4408 = EDGE_CURVE('',#4409,#4400,#4411,.T.);
#4409 = VERTEX_POINT('',#4410);
#4410 = CARTESIAN_POINT('',(1.6,0.8,5.5E-02));
#4411 = LINE('',#4412,#4413);
#4412 = CARTESIAN_POINT('',(1.6,0.8,0.));
#4413 = VECTOR('',#4414,1.);
#4414 = DIRECTION('',(0.,0.,1.));
#4415 = ORIENTED_EDGE('',*,*,#4416,.T.);
#4416 = EDGE_CURVE('',#4409,#4365,#4417,.T.);
#4417 = CIRCLE('',#4418,5.5E-02);
#4418 = AXIS2_PLACEMENT_3D('',#4419,#4420,#4421);
#4419 = CARTESIAN_POINT('',(1.545,0.8,5.5E-02));
#4420 = DIRECTION('',(0.,1.,0.));
#4421 = DIRECTION('',(0.,-0.,1.));
#4422 = PLANE('',#4423);
#4423 = AXIS2_PLACEMENT_3D('',#4424,#4425,#4426);
#4424 = CARTESIAN_POINT('',(1.2,0.8,0.));
#4425 = DIRECTION('',(0.,1.,0.));
#4426 = DIRECTION('',(0.,-0.,1.));
#4427 = ADVANCED_FACE('',(#4428),#4446,.T.);
#4428 = FACE_BOUND('',#4429,.T.);
#4429 = EDGE_LOOP('',(#4430,#4431,#4432,#4440));
#4430 = ORIENTED_EDGE('',*,*,#4175,.F.);
#4431 = ORIENTED_EDGE('',*,*,#4340,.T.);
#4432 = ORIENTED_EDGE('',*,*,#4433,.T.);
#4433 = EDGE_CURVE('',#4341,#4434,#4436,.T.);
#4434 = VERTEX_POINT('',#4435);
#4435 = CARTESIAN_POINT('',(1.2,0.8,0.55));
#4436 = LINE('',#4437,#4438);
#4437 = CARTESIAN_POINT('',(-1.2,0.8,0.55));
#4438 = VECTOR('',#4439,1.);
#4439 = DIRECTION('',(1.,0.,0.));
#4440 = ORIENTED_EDGE('',*,*,#4441,.F.);
#4441 = EDGE_CURVE('',#4176,#4434,#4442,.T.);
#4442 = LINE('',#4443,#4444);
#4443 = CARTESIAN_POINT('',(1.2,0.8,0.495));
#4444 = VECTOR('',#4445,1.);
#4445 = DIRECTION('',(0.,0.,1.));
#4446 = PLANE('',#4447);
#4447 = AXIS2_PLACEMENT_3D('',#4448,#4449,#4450);
#4448 = CARTESIAN_POINT('',(-1.2,0.8,0.495));
#4449 = DIRECTION('',(0.,1.,0.));
#4450 = DIRECTION('',(0.,-0.,1.));
#4451 = ADVANCED_FACE('',(#4452),#4463,.T.);
#4452 = FACE_BOUND('',#4453,.T.);
#4453 = EDGE_LOOP('',(#4454,#4455,#4456,#4462));
#4454 = ORIENTED_EDGE('',*,*,#4223,.T.);
#4455 = ORIENTED_EDGE('',*,*,#4372,.T.);
#4456 = ORIENTED_EDGE('',*,*,#4457,.F.);
#4457 = EDGE_CURVE('',#4239,#4363,#4458,.T.);
#4458 = LINE('',#4459,#4460);
#4459 = CARTESIAN_POINT('',(1.255,-0.8,0.));
#4460 = VECTOR('',#4461,1.);
#4461 = DIRECTION('',(0.,1.,0.));
#4462 = ORIENTED_EDGE('',*,*,#4248,.F.);
#4463 = CYLINDRICAL_SURFACE('',#4464,5.5E-02);
#4464 = AXIS2_PLACEMENT_3D('',#4465,#4466,#4467);
#4465 = CARTESIAN_POINT('',(1.255,-0.8,5.5E-02));
#4466 = DIRECTION('',(0.,1.,0.));
#4467 = DIRECTION('',(-1.,0.,0.));
#4468 = ADVANCED_FACE('',(#4469),#4480,.F.);
#4469 = FACE_BOUND('',#4470,.F.);
#4470 = EDGE_LOOP('',(#4471,#4472,#4473,#4474));
#4471 = ORIENTED_EDGE('',*,*,#4362,.F.);
#4472 = ORIENTED_EDGE('',*,*,#4457,.F.);
#4473 = ORIENTED_EDGE('',*,*,#4238,.T.);
#4474 = ORIENTED_EDGE('',*,*,#4475,.T.);
#4475 = EDGE_CURVE('',#4241,#4365,#4476,.T.);
#4476 = LINE('',#4477,#4478);
#4477 = CARTESIAN_POINT('',(1.545,-0.8,0.));
#4478 = VECTOR('',#4479,1.);
#4479 = DIRECTION('',(0.,1.,0.));
#4480 = PLANE('',#4481);
#4481 = AXIS2_PLACEMENT_3D('',#4482,#4483,#4484);
#4482 = CARTESIAN_POINT('',(1.2,-0.8,0.));
#4483 = DIRECTION('',(0.,0.,1.));
#4484 = DIRECTION('',(1.,0.,-0.));
#4485 = ADVANCED_FACE('',(#4486),#4497,.T.);
#4486 = FACE_BOUND('',#4487,.T.);
#4487 = EDGE_LOOP('',(#4488,#4489,#4490,#4491));
#4488 = ORIENTED_EDGE('',*,*,#4292,.T.);
#4489 = ORIENTED_EDGE('',*,*,#4475,.T.);
#4490 = ORIENTED_EDGE('',*,*,#4416,.F.);
#4491 = ORIENTED_EDGE('',*,*,#4492,.F.);
#4492 = EDGE_CURVE('',#4285,#4409,#4493,.T.);
#4493 = LINE('',#4494,#4495);
#4494 = CARTESIAN_POINT('',(1.6,-0.8,5.5E-02));
#4495 = VECTOR('',#4496,1.);
#4496 = DIRECTION('',(0.,1.,0.));
#4497 = CYLINDRICAL_SURFACE('',#4498,5.5E-02);
#4498 = AXIS2_PLACEMENT_3D('',#4499,#4500,#4501);
#4499 = CARTESIAN_POINT('',(1.545,-0.8,5.5E-02));
#4500 = DIRECTION('',(0.,1.,0.));
#4501 = DIRECTION('',(1.,0.,0.));
#4502 = ADVANCED_FACE('',(#4503),#4514,.T.);
#4503 = FACE_BOUND('',#4504,.T.);
#4504 = EDGE_LOOP('',(#4505,#4506,#4507,#4508));
#4505 = ORIENTED_EDGE('',*,*,#4284,.F.);
#4506 = ORIENTED_EDGE('',*,*,#4492,.T.);
#4507 = ORIENTED_EDGE('',*,*,#4408,.T.);
#4508 = ORIENTED_EDGE('',*,*,#4509,.F.);
#4509 = EDGE_CURVE('',#4276,#4400,#4510,.T.);
#4510 = LINE('',#4511,#4512);
#4511 = CARTESIAN_POINT('',(1.6,-0.8,0.495));
#4512 = VECTOR('',#4513,1.);
#4513 = DIRECTION('',(0.,1.,0.));
#4514 = PLANE('',#4515);
#4515 = AXIS2_PLACEMENT_3D('',#4516,#4517,#4518);
#4516 = CARTESIAN_POINT('',(1.6,-0.8,0.));
#4517 = DIRECTION('',(1.,0.,0.));
#4518 = DIRECTION('',(0.,0.,1.));
#4519 = ADVANCED_FACE('',(#4520),#4531,.T.);
#4520 = FACE_BOUND('',#4521,.T.);
#4521 = EDGE_LOOP('',(#4522,#4523,#4524,#4530));
#4522 = ORIENTED_EDGE('',*,*,#4509,.T.);
#4523 = ORIENTED_EDGE('',*,*,#4399,.T.);
#4524 = ORIENTED_EDGE('',*,*,#4525,.F.);
#4525 = EDGE_CURVE('',#4268,#4392,#4526,.T.);
#4526 = LINE('',#4527,#4528);
#4527 = CARTESIAN_POINT('',(1.545,-0.8,0.55));
#4528 = VECTOR('',#4529,1.);
#4529 = DIRECTION('',(0.,1.,0.));
#4530 = ORIENTED_EDGE('',*,*,#4275,.F.);
#4531 = CYLINDRICAL_SURFACE('',#4532,5.5E-02);
#4532 = AXIS2_PLACEMENT_3D('',#4533,#4534,#4535);
#4533 = CARTESIAN_POINT('',(1.545,-0.8,0.495));
#4534 = DIRECTION('',(0.,1.,0.));
#4535 = DIRECTION('',(1.,0.,0.));
#4536 = ADVANCED_FACE('',(#4537),#4548,.T.);
#4537 = FACE_BOUND('',#4538,.T.);
#4538 = EDGE_LOOP('',(#4539,#4540,#4546,#4547));
#4539 = ORIENTED_EDGE('',*,*,#4391,.F.);
#4540 = ORIENTED_EDGE('',*,*,#4541,.F.);
#4541 = EDGE_CURVE('',#4259,#4383,#4542,.T.);
#4542 = LINE('',#4543,#4544);
#4543 = CARTESIAN_POINT('',(1.255,-0.8,0.55));
#4544 = VECTOR('',#4545,1.);
#4545 = DIRECTION('',(0.,1.,0.));
#4546 = ORIENTED_EDGE('',*,*,#4267,.T.);
#4547 = ORIENTED_EDGE('',*,*,#4525,.T.);
#4548 = PLANE('',#4549);
#4549 = AXIS2_PLACEMENT_3D('',#4550,#4551,#4552);
#4550 = CARTESIAN_POINT('',(1.2,-0.8,0.55));
#4551 = DIRECTION('',(0.,0.,1.));
#4552 = DIRECTION('',(1.,0.,-0.));
#4553 = ADVANCED_FACE('',(#4554),#4565,.T.);
#4554 = FACE_BOUND('',#4555,.T.);
#4555 = EDGE_LOOP('',(#4556,#4557,#4558,#4559));
#4556 = ORIENTED_EDGE('',*,*,#4258,.T.);
#4557 = ORIENTED_EDGE('',*,*,#4541,.T.);
#4558 = ORIENTED_EDGE('',*,*,#4382,.F.);
#4559 = ORIENTED_EDGE('',*,*,#4560,.F.);
#4560 = EDGE_CURVE('',#4093,#4176,#4561,.T.);
#4561 = LINE('',#4562,#4563);
#4562 = CARTESIAN_POINT('',(1.2,-0.8,0.495));
#4563 = VECTOR('',#4564,1.);
#4564 = DIRECTION('',(0.,1.,0.));
#4565 = CYLINDRICAL_SURFACE('',#4566,5.5E-02);
#4566 = AXIS2_PLACEMENT_3D('',#4567,#4568,#4569);
#4567 = CARTESIAN_POINT('',(1.255,-0.8,0.495));
#4568 = DIRECTION('',(0.,1.,0.));
#4569 = DIRECTION('',(-1.,0.,0.));
#4570 = ADVANCED_FACE('',(#4571),#4582,.T.);
#4571 = FACE_BOUND('',#4572,.T.);
#4572 = EDGE_LOOP('',(#4573,#4574,#4575,#4576));
#4573 = ORIENTED_EDGE('',*,*,#4324,.F.);
#4574 = ORIENTED_EDGE('',*,*,#4560,.T.);
#4575 = ORIENTED_EDGE('',*,*,#4441,.T.);
#4576 = ORIENTED_EDGE('',*,*,#4577,.F.);
#4577 = EDGE_CURVE('',#4317,#4434,#4578,.T.);
#4578 = LINE('',#4579,#4580);
#4579 = CARTESIAN_POINT('',(1.2,-0.8,0.55));
#4580 = VECTOR('',#4581,1.);
#4581 = DIRECTION('',(0.,1.,0.));
#4582 = PLANE('',#4583);
#4583 = AXIS2_PLACEMENT_3D('',#4584,#4585,#4586);
#4584 = CARTESIAN_POINT('',(1.2,-0.8,0.495));
#4585 = DIRECTION('',(1.,0.,0.));
#4586 = DIRECTION('',(0.,0.,1.));
#4587 = ADVANCED_FACE('',(#4588),#4594,.T.);
#4588 = FACE_BOUND('',#4589,.T.);
#4589 = EDGE_LOOP('',(#4590,#4591,#4592,#4593));
#4590 = ORIENTED_EDGE('',*,*,#4348,.F.);
#4591 = ORIENTED_EDGE('',*,*,#4316,.T.);
#4592 = ORIENTED_EDGE('',*,*,#4577,.T.);
#4593 = ORIENTED_EDGE('',*,*,#4433,.F.);
#4594 = PLANE('',#4595);
#4595 = AXIS2_PLACEMENT_3D('',#4596,#4597,#4598);
#4596 = CARTESIAN_POINT('',(-1.2,-0.8,0.55));
#4597 = DIRECTION('',(0.,0.,1.));
#4598 = DIRECTION('',(1.,0.,-0.));
#4599 = ( GEOMETRIC_REPRESENTATION_CONTEXT(3) 
GLOBAL_UNCERTAINTY_ASSIGNED_CONTEXT((#4603)) 
GLOBAL_UNIT_ASSIGNED_CONTEXT((#4600,#4601,#4602)) REPRESENTATION_CONTEXT
('Context #1','3D Context with UNIT and UNCERTAINTY') );
#4600 = ( LENGTH_UNIT() NAMED_UNIT(*) SI_UNIT(.MILLI.,.METRE.) );
#4601 = ( NAMED_UNIT(*) PLANE_ANGLE_UNIT() SI_UNIT($,.RADIAN.) );
#4602 = ( NAMED_UNIT(*) SI_UNIT($,.STERADIAN.) SOLID_ANGLE_UNIT() );
#4603 = UNCERTAINTY_MEASURE_WITH_UNIT(LENGTH_MEASURE(1.E-07),#4600,
  'distance_accuracy_value','confusion accuracy');
#4604 = CONTEXT_DEPENDENT_SHAPE_REPRESENTATION(#4605,#4607);
#4605 = ( REPRESENTATION_RELATIONSHIP('','',#3808,#10) 
REPRESENTATION_RELATIONSHIP_WITH_TRANSFORMATION(#4606) 
SHAPE_REPRESENTATION_RELATIONSHIP() );
#4606 = ITEM_DEFINED_TRANSFORMATION('','',#11,#19);
#4607 = PRODUCT_DEFINITION_SHAPE('Placement','Placement of an item',
  #4608);
#4608 = NEXT_ASSEMBLY_USAGE_OCCURRENCE('4','R10','',#5,#3803,$);
#4609 = PRODUCT_RELATED_PRODUCT_CATEGORY('part',$,(#3805));
#4610 = SHAPE_DEFINITION_REPRESENTATION(#4611,#4617);
#4611 = PRODUCT_DEFINITION_SHAPE('','',#4612);
#4612 = PRODUCT_DEFINITION('design','',#4613,#4616);
#4613 = PRODUCT_DEFINITION_FORMATION('','',#4614);
#4614 = PRODUCT('SI7149ADP-T1-GE3','SI7149ADP-T1-GE3','',(#4615));
#4615 = PRODUCT_CONTEXT('',#2,'mechanical');
#4616 = PRODUCT_DEFINITION_CONTEXT('part definition',#2,'design');
#4617 = ADVANCED_BREP_SHAPE_REPRESENTATION('',(#11,#4618),#7102);
#4618 = MANIFOLD_SOLID_BREP('',#4619);
#4619 = CLOSED_SHELL('',(#4620,#4662,#4830,#4998,#5153,#5184,#5231,#5262
    ,#5309,#5349,#5389,#5435,#5466,#5497,#5521,#5545,#5562,#5584,#5624,
    #5655,#5679,#5703,#5736,#5767,#5798,#5822,#5855,#5886,#5917,#5941,
    #5974,#6005,#6036,#6060,#6093,#6124,#6155,#6179,#6203,#6236,#6267,
    #6298,#6322,#6346,#6370,#6394,#6430,#6470,#6494,#6527,#6549,#6561,
    #6601,#6625,#6658,#6680,#6692,#6732,#6756,#6789,#6811,#6823,#6863,
    #6887,#6920,#6942,#6954,#6966,#6978,#6990,#7002,#7014,#7026,#7038,
    #7050,#7062,#7074,#7092));
#4620 = ADVANCED_FACE('',(#4621),#4657,.F.);
#4621 = FACE_BOUND('',#4622,.F.);
#4622 = EDGE_LOOP('',(#4623,#4633,#4642,#4650));
#4623 = ORIENTED_EDGE('',*,*,#4624,.T.);
#4624 = EDGE_CURVE('',#4625,#4627,#4629,.T.);
#4625 = VERTEX_POINT('',#4626);
#4626 = CARTESIAN_POINT('',(2.338428195969,1.,1.983314122998));
#4627 = VERTEX_POINT('',#4628);
#4628 = CARTESIAN_POINT('',(2.338428195969,1.05,1.983314122998));
#4629 = LINE('',#4630,#4631);
#4630 = CARTESIAN_POINT('',(2.338428195969,1.,1.983314122998));
#4631 = VECTOR('',#4632,1.);
#4632 = DIRECTION('',(-0.,1.,-0.));
#4633 = ORIENTED_EDGE('',*,*,#4634,.F.);
#4634 = EDGE_CURVE('',#4635,#4627,#4637,.T.);
#4635 = VERTEX_POINT('',#4636);
#4636 = CARTESIAN_POINT('',(2.338428195969,1.05,1.733314122998));
#4637 = CIRCLE('',#4638,0.125);
#4638 = AXIS2_PLACEMENT_3D('',#4639,#4640,#4641);
#4639 = CARTESIAN_POINT('',(2.338428195969,1.05,1.858314122998));
#4640 = DIRECTION('',(0.,1.,0.));
#4641 = DIRECTION('',(0.,-0.,1.));
#4642 = ORIENTED_EDGE('',*,*,#4643,.F.);
#4643 = EDGE_CURVE('',#4644,#4635,#4646,.T.);
#4644 = VERTEX_POINT('',#4645);
#4645 = CARTESIAN_POINT('',(2.338428195969,1.,1.733314122998));
#4646 = LINE('',#4647,#4648);
#4647 = CARTESIAN_POINT('',(2.338428195969,1.,1.733314122998));
#4648 = VECTOR('',#4649,1.);
#4649 = DIRECTION('',(-0.,1.,-0.));
#4650 = ORIENTED_EDGE('',*,*,#4651,.T.);
#4651 = EDGE_CURVE('',#4644,#4625,#4652,.T.);
#4652 = CIRCLE('',#4653,0.125);
#4653 = AXIS2_PLACEMENT_3D('',#4654,#4655,#4656);
#4654 = CARTESIAN_POINT('',(2.338428195969,1.,1.858314122998));
#4655 = DIRECTION('',(0.,1.,0.));
#4656 = DIRECTION('',(0.,-0.,1.));
#4657 = CYLINDRICAL_SURFACE('',#4658,0.125);
#4658 = AXIS2_PLACEMENT_3D('',#4659,#4660,#4661);
#4659 = CARTESIAN_POINT('',(2.338428195969,1.,1.858314122998));
#4660 = DIRECTION('',(-0.,1.,-0.));
#4661 = DIRECTION('',(0.,0.,1.));
#4662 = ADVANCED_FACE('',(#4663),#4825,.F.);
#4663 = FACE_BOUND('',#4664,.T.);
#4664 = EDGE_LOOP('',(#4665,#4675,#4683,#4691,#4699,#4707,#4715,#4723,
    #4731,#4739,#4747,#4755,#4763,#4771,#4779,#4787,#4795,#4803,#4811,
    #4819));
#4665 = ORIENTED_EDGE('',*,*,#4666,.T.);
#4666 = EDGE_CURVE('',#4667,#4669,#4671,.T.);
#4667 = VERTEX_POINT('',#4668);
#4668 = CARTESIAN_POINT('',(-2.945,0.,-0.43));
#4669 = VERTEX_POINT('',#4670);
#4670 = CARTESIAN_POINT('',(-2.945,0.,0.43));
#4671 = LINE('',#4672,#4673);
#4672 = CARTESIAN_POINT('',(-2.945,0.,-2.45));
#4673 = VECTOR('',#4674,1.);
#4674 = DIRECTION('',(1.770125995895E-16,0.,1.));
#4675 = ORIENTED_EDGE('',*,*,#4676,.F.);
#4676 = EDGE_CURVE('',#4677,#4669,#4679,.T.);
#4677 = VERTEX_POINT('',#4678);
#4678 = CARTESIAN_POINT('',(-2.945,5.E-02,0.43));
#4679 = LINE('',#4680,#4681);
#4680 = CARTESIAN_POINT('',(-2.945,5.E-02,0.43));
#4681 = VECTOR('',#4682,1.);
#4682 = DIRECTION('',(-0.,-1.,-0.));
#4683 = ORIENTED_EDGE('',*,*,#4684,.T.);
#4684 = EDGE_CURVE('',#4677,#4685,#4687,.T.);
#4685 = VERTEX_POINT('',#4686);
#4686 = CARTESIAN_POINT('',(-2.945,5.E-02,0.84));
#4687 = LINE('',#4688,#4689);
#4688 = CARTESIAN_POINT('',(-2.945,5.E-02,0.43));
#4689 = VECTOR('',#4690,1.);
#4690 = DIRECTION('',(0.,0.,1.));
#4691 = ORIENTED_EDGE('',*,*,#4692,.T.);
#4692 = EDGE_CURVE('',#4685,#4693,#4695,.T.);
#4693 = VERTEX_POINT('',#4694);
#4694 = CARTESIAN_POINT('',(-2.945,0.,0.84));
#4695 = LINE('',#4696,#4697);
#4696 = CARTESIAN_POINT('',(-2.945,5.E-02,0.84));
#4697 = VECTOR('',#4698,1.);
#4698 = DIRECTION('',(-0.,-1.,-0.));
#4699 = ORIENTED_EDGE('',*,*,#4700,.T.);
#4700 = EDGE_CURVE('',#4693,#4701,#4703,.T.);
#4701 = VERTEX_POINT('',#4702);
#4702 = CARTESIAN_POINT('',(-2.945,0.,1.7));
#4703 = LINE('',#4704,#4705);
#4704 = CARTESIAN_POINT('',(-2.945,0.,-2.45));
#4705 = VECTOR('',#4706,1.);
#4706 = DIRECTION('',(1.770125995895E-16,0.,1.));
#4707 = ORIENTED_EDGE('',*,*,#4708,.F.);
#4708 = EDGE_CURVE('',#4709,#4701,#4711,.T.);
#4709 = VERTEX_POINT('',#4710);
#4710 = CARTESIAN_POINT('',(-2.945,5.E-02,1.7));
#4711 = LINE('',#4712,#4713);
#4712 = CARTESIAN_POINT('',(-2.945,5.E-02,1.7));
#4713 = VECTOR('',#4714,1.);
#4714 = DIRECTION('',(-0.,-1.,-0.));
#4715 = ORIENTED_EDGE('',*,*,#4716,.F.);
#4716 = EDGE_CURVE('',#4717,#4709,#4719,.T.);
#4717 = VERTEX_POINT('',#4718);
#4718 = CARTESIAN_POINT('',(-2.945,5.E-02,2.11));
#4719 = LINE('',#4720,#4721);
#4720 = CARTESIAN_POINT('',(-2.945,5.E-02,0.));
#4721 = VECTOR('',#4722,1.);
#4722 = DIRECTION('',(0.,0.,-1.));
#4723 = ORIENTED_EDGE('',*,*,#4724,.T.);
#4724 = EDGE_CURVE('',#4717,#4725,#4727,.T.);
#4725 = VERTEX_POINT('',#4726);
#4726 = CARTESIAN_POINT('',(-2.945,0.,2.11));
#4727 = LINE('',#4728,#4729);
#4728 = CARTESIAN_POINT('',(-2.945,5.E-02,2.11));
#4729 = VECTOR('',#4730,1.);
#4730 = DIRECTION('',(-0.,-1.,-0.));
#4731 = ORIENTED_EDGE('',*,*,#4732,.T.);
#4732 = EDGE_CURVE('',#4725,#4733,#4735,.T.);
#4733 = VERTEX_POINT('',#4734);
#4734 = CARTESIAN_POINT('',(-2.945,0.,2.45));
#4735 = LINE('',#4736,#4737);
#4736 = CARTESIAN_POINT('',(-2.945,0.,-2.45));
#4737 = VECTOR('',#4738,1.);
#4738 = DIRECTION('',(1.770125995895E-16,0.,1.));
#4739 = ORIENTED_EDGE('',*,*,#4740,.F.);
#4740 = EDGE_CURVE('',#4741,#4733,#4743,.T.);
#4741 = VERTEX_POINT('',#4742);
#4742 = CARTESIAN_POINT('',(-2.945,0.3,2.45));
#4743 = LINE('',#4744,#4745);
#4744 = CARTESIAN_POINT('',(-2.945,0.3,2.45));
#4745 = VECTOR('',#4746,1.);
#4746 = DIRECTION('',(-0.,-1.,-0.));
#4747 = ORIENTED_EDGE('',*,*,#4748,.F.);
#4748 = EDGE_CURVE('',#4749,#4741,#4751,.T.);
#4749 = VERTEX_POINT('',#4750);
#4750 = CARTESIAN_POINT('',(-2.945,0.3,-2.45));
#4751 = LINE('',#4752,#4753);
#4752 = CARTESIAN_POINT('',(-2.945,0.3,-2.45));
#4753 = VECTOR('',#4754,1.);
#4754 = DIRECTION('',(1.770125995895E-16,0.,1.));
#4755 = ORIENTED_EDGE('',*,*,#4756,.T.);
#4756 = EDGE_CURVE('',#4749,#4757,#4759,.T.);
#4757 = VERTEX_POINT('',#4758);
#4758 = CARTESIAN_POINT('',(-2.945,0.,-2.45));
#4759 = LINE('',#4760,#4761);
#4760 = CARTESIAN_POINT('',(-2.945,0.3,-2.45));
#4761 = VECTOR('',#4762,1.);
#4762 = DIRECTION('',(-0.,-1.,-0.));
#4763 = ORIENTED_EDGE('',*,*,#4764,.T.);
#4764 = EDGE_CURVE('',#4757,#4765,#4767,.T.);
#4765 = VERTEX_POINT('',#4766);
#4766 = CARTESIAN_POINT('',(-2.945,0.,-2.11));
#4767 = LINE('',#4768,#4769);
#4768 = CARTESIAN_POINT('',(-2.945,0.,-2.45));
#4769 = VECTOR('',#4770,1.);
#4770 = DIRECTION('',(1.770125995895E-16,0.,1.));
#4771 = ORIENTED_EDGE('',*,*,#4772,.F.);
#4772 = EDGE_CURVE('',#4773,#4765,#4775,.T.);
#4773 = VERTEX_POINT('',#4774);
#4774 = CARTESIAN_POINT('',(-2.945,5.E-02,-2.11));
#4775 = LINE('',#4776,#4777);
#4776 = CARTESIAN_POINT('',(-2.945,5.E-02,-2.11));
#4777 = VECTOR('',#4778,1.);
#4778 = DIRECTION('',(-0.,-1.,-0.));
#4779 = ORIENTED_EDGE('',*,*,#4780,.T.);
#4780 = EDGE_CURVE('',#4773,#4781,#4783,.T.);
#4781 = VERTEX_POINT('',#4782);
#4782 = CARTESIAN_POINT('',(-2.945,5.E-02,-1.7));
#4783 = LINE('',#4784,#4785);
#4784 = CARTESIAN_POINT('',(-2.945,5.E-02,0.));
#4785 = VECTOR('',#4786,1.);
#4786 = DIRECTION('',(0.,0.,1.));
#4787 = ORIENTED_EDGE('',*,*,#4788,.T.);
#4788 = EDGE_CURVE('',#4781,#4789,#4791,.T.);
#4789 = VERTEX_POINT('',#4790);
#4790 = CARTESIAN_POINT('',(-2.945,0.,-1.7));
#4791 = LINE('',#4792,#4793);
#4792 = CARTESIAN_POINT('',(-2.945,5.E-02,-1.7));
#4793 = VECTOR('',#4794,1.);
#4794 = DIRECTION('',(-0.,-1.,-0.));
#4795 = ORIENTED_EDGE('',*,*,#4796,.T.);
#4796 = EDGE_CURVE('',#4789,#4797,#4799,.T.);
#4797 = VERTEX_POINT('',#4798);
#4798 = CARTESIAN_POINT('',(-2.945,0.,-0.84));
#4799 = LINE('',#4800,#4801);
#4800 = CARTESIAN_POINT('',(-2.945,0.,-2.45));
#4801 = VECTOR('',#4802,1.);
#4802 = DIRECTION('',(1.770125995895E-16,0.,1.));
#4803 = ORIENTED_EDGE('',*,*,#4804,.F.);
#4804 = EDGE_CURVE('',#4805,#4797,#4807,.T.);
#4805 = VERTEX_POINT('',#4806);
#4806 = CARTESIAN_POINT('',(-2.945,5.E-02,-0.84));
#4807 = LINE('',#4808,#4809);
#4808 = CARTESIAN_POINT('',(-2.945,5.E-02,-0.84));
#4809 = VECTOR('',#4810,1.);
#4810 = DIRECTION('',(-0.,-1.,-0.));
#4811 = ORIENTED_EDGE('',*,*,#4812,.T.);
#4812 = EDGE_CURVE('',#4805,#4813,#4815,.T.);
#4813 = VERTEX_POINT('',#4814);
#4814 = CARTESIAN_POINT('',(-2.945,5.E-02,-0.43));
#4815 = LINE('',#4816,#4817);
#4816 = CARTESIAN_POINT('',(-2.945,5.E-02,0.));
#4817 = VECTOR('',#4818,1.);
#4818 = DIRECTION('',(0.,0.,1.));
#4819 = ORIENTED_EDGE('',*,*,#4820,.T.);
#4820 = EDGE_CURVE('',#4813,#4667,#4821,.T.);
#4821 = LINE('',#4822,#4823);
#4822 = CARTESIAN_POINT('',(-2.945,5.E-02,-0.43));
#4823 = VECTOR('',#4824,1.);
#4824 = DIRECTION('',(-0.,-1.,-0.));
#4825 = PLANE('',#4826);
#4826 = AXIS2_PLACEMENT_3D('',#4827,#4828,#4829);
#4827 = CARTESIAN_POINT('',(-2.945,0.3,-2.45));
#4828 = DIRECTION('',(1.,0.,-1.770125995895E-16));
#4829 = DIRECTION('',(-1.770125995895E-16,0.,-1.));
#4830 = ADVANCED_FACE('',(#4831),#4993,.F.);
#4831 = FACE_BOUND('',#4832,.T.);
#4832 = EDGE_LOOP('',(#4833,#4843,#4851,#4859,#4867,#4875,#4883,#4891,
    #4899,#4907,#4915,#4923,#4931,#4939,#4947,#4955,#4963,#4971,#4979,
    #4987));
#4833 = ORIENTED_EDGE('',*,*,#4834,.F.);
#4834 = EDGE_CURVE('',#4835,#4837,#4839,.T.);
#4835 = VERTEX_POINT('',#4836);
#4836 = CARTESIAN_POINT('',(2.945,5.E-02,1.7));
#4837 = VERTEX_POINT('',#4838);
#4838 = CARTESIAN_POINT('',(2.945,5.E-02,2.11));
#4839 = LINE('',#4840,#4841);
#4840 = CARTESIAN_POINT('',(2.945,5.E-02,1.7));
#4841 = VECTOR('',#4842,1.);
#4842 = DIRECTION('',(0.,0.,1.));
#4843 = ORIENTED_EDGE('',*,*,#4844,.T.);
#4844 = EDGE_CURVE('',#4835,#4845,#4847,.T.);
#4845 = VERTEX_POINT('',#4846);
#4846 = CARTESIAN_POINT('',(2.945,0.,1.7));
#4847 = LINE('',#4848,#4849);
#4848 = CARTESIAN_POINT('',(2.945,5.E-02,1.7));
#4849 = VECTOR('',#4850,1.);
#4850 = DIRECTION('',(-0.,-1.,-0.));
#4851 = ORIENTED_EDGE('',*,*,#4852,.T.);
#4852 = EDGE_CURVE('',#4845,#4853,#4855,.T.);
#4853 = VERTEX_POINT('',#4854);
#4854 = CARTESIAN_POINT('',(2.945,0.,0.84));
#4855 = LINE('',#4856,#4857);
#4856 = CARTESIAN_POINT('',(2.945,0.,-2.45));
#4857 = VECTOR('',#4858,1.);
#4858 = DIRECTION('',(-1.770125995895E-16,-0.,-1.));
#4859 = ORIENTED_EDGE('',*,*,#4860,.F.);
#4860 = EDGE_CURVE('',#4861,#4853,#4863,.T.);
#4861 = VERTEX_POINT('',#4862);
#4862 = CARTESIAN_POINT('',(2.945,5.E-02,0.84));
#4863 = LINE('',#4864,#4865);
#4864 = CARTESIAN_POINT('',(2.945,5.E-02,0.84));
#4865 = VECTOR('',#4866,1.);
#4866 = DIRECTION('',(-0.,-1.,-0.));
#4867 = ORIENTED_EDGE('',*,*,#4868,.F.);
#4868 = EDGE_CURVE('',#4869,#4861,#4871,.T.);
#4869 = VERTEX_POINT('',#4870);
#4870 = CARTESIAN_POINT('',(2.945,5.E-02,0.43));
#4871 = LINE('',#4872,#4873);
#4872 = CARTESIAN_POINT('',(2.945,5.E-02,0.));
#4873 = VECTOR('',#4874,1.);
#4874 = DIRECTION('',(0.,0.,1.));
#4875 = ORIENTED_EDGE('',*,*,#4876,.T.);
#4876 = EDGE_CURVE('',#4869,#4877,#4879,.T.);
#4877 = VERTEX_POINT('',#4878);
#4878 = CARTESIAN_POINT('',(2.945,0.,0.43));
#4879 = LINE('',#4880,#4881);
#4880 = CARTESIAN_POINT('',(2.945,5.E-02,0.43));
#4881 = VECTOR('',#4882,1.);
#4882 = DIRECTION('',(-0.,-1.,-0.));
#4883 = ORIENTED_EDGE('',*,*,#4884,.T.);
#4884 = EDGE_CURVE('',#4877,#4885,#4887,.T.);
#4885 = VERTEX_POINT('',#4886);
#4886 = CARTESIAN_POINT('',(2.945,0.,-0.43));
#4887 = LINE('',#4888,#4889);
#4888 = CARTESIAN_POINT('',(2.945,0.,-2.45));
#4889 = VECTOR('',#4890,1.);
#4890 = DIRECTION('',(-1.770125995895E-16,-0.,-1.));
#4891 = ORIENTED_EDGE('',*,*,#4892,.F.);
#4892 = EDGE_CURVE('',#4893,#4885,#4895,.T.);
#4893 = VERTEX_POINT('',#4894);
#4894 = CARTESIAN_POINT('',(2.945,5.E-02,-0.43));
#4895 = LINE('',#4896,#4897);
#4896 = CARTESIAN_POINT('',(2.945,5.E-02,-0.43));
#4897 = VECTOR('',#4898,1.);
#4898 = DIRECTION('',(-0.,-1.,-0.));
#4899 = ORIENTED_EDGE('',*,*,#4900,.F.);
#4900 = EDGE_CURVE('',#4901,#4893,#4903,.T.);
#4901 = VERTEX_POINT('',#4902);
#4902 = CARTESIAN_POINT('',(2.945,5.E-02,-0.84));
#4903 = LINE('',#4904,#4905);
#4904 = CARTESIAN_POINT('',(2.945,5.E-02,0.));
#4905 = VECTOR('',#4906,1.);
#4906 = DIRECTION('',(0.,0.,1.));
#4907 = ORIENTED_EDGE('',*,*,#4908,.T.);
#4908 = EDGE_CURVE('',#4901,#4909,#4911,.T.);
#4909 = VERTEX_POINT('',#4910);
#4910 = CARTESIAN_POINT('',(2.945,0.,-0.84));
#4911 = LINE('',#4912,#4913);
#4912 = CARTESIAN_POINT('',(2.945,5.E-02,-0.84));
#4913 = VECTOR('',#4914,1.);
#4914 = DIRECTION('',(-0.,-1.,-0.));
#4915 = ORIENTED_EDGE('',*,*,#4916,.T.);
#4916 = EDGE_CURVE('',#4909,#4917,#4919,.T.);
#4917 = VERTEX_POINT('',#4918);
#4918 = CARTESIAN_POINT('',(2.945,0.,-1.7));
#4919 = LINE('',#4920,#4921);
#4920 = CARTESIAN_POINT('',(2.945,0.,-2.45));
#4921 = VECTOR('',#4922,1.);
#4922 = DIRECTION('',(-1.770125995895E-16,-0.,-1.));
#4923 = ORIENTED_EDGE('',*,*,#4924,.F.);
#4924 = EDGE_CURVE('',#4925,#4917,#4927,.T.);
#4925 = VERTEX_POINT('',#4926);
#4926 = CARTESIAN_POINT('',(2.945,5.E-02,-1.7));
#4927 = LINE('',#4928,#4929);
#4928 = CARTESIAN_POINT('',(2.945,5.E-02,-1.7));
#4929 = VECTOR('',#4930,1.);
#4930 = DIRECTION('',(-0.,-1.,-0.));
#4931 = ORIENTED_EDGE('',*,*,#4932,.F.);
#4932 = EDGE_CURVE('',#4933,#4925,#4935,.T.);
#4933 = VERTEX_POINT('',#4934);
#4934 = CARTESIAN_POINT('',(2.945,5.E-02,-2.11));
#4935 = LINE('',#4936,#4937);
#4936 = CARTESIAN_POINT('',(2.945,5.E-02,0.));
#4937 = VECTOR('',#4938,1.);
#4938 = DIRECTION('',(0.,0.,1.));
#4939 = ORIENTED_EDGE('',*,*,#4940,.T.);
#4940 = EDGE_CURVE('',#4933,#4941,#4943,.T.);
#4941 = VERTEX_POINT('',#4942);
#4942 = CARTESIAN_POINT('',(2.945,0.,-2.11));
#4943 = LINE('',#4944,#4945);
#4944 = CARTESIAN_POINT('',(2.945,5.E-02,-2.11));
#4945 = VECTOR('',#4946,1.);
#4946 = DIRECTION('',(-0.,-1.,-0.));
#4947 = ORIENTED_EDGE('',*,*,#4948,.T.);
#4948 = EDGE_CURVE('',#4941,#4949,#4951,.T.);
#4949 = VERTEX_POINT('',#4950);
#4950 = CARTESIAN_POINT('',(2.945,0.,-2.45));
#4951 = LINE('',#4952,#4953);
#4952 = CARTESIAN_POINT('',(2.945,0.,-2.45));
#4953 = VECTOR('',#4954,1.);
#4954 = DIRECTION('',(-1.770125995895E-16,-0.,-1.));
#4955 = ORIENTED_EDGE('',*,*,#4956,.F.);
#4956 = EDGE_CURVE('',#4957,#4949,#4959,.T.);
#4957 = VERTEX_POINT('',#4958);
#4958 = CARTESIAN_POINT('',(2.945,0.3,-2.45));
#4959 = LINE('',#4960,#4961);
#4960 = CARTESIAN_POINT('',(2.945,0.3,-2.45));
#4961 = VECTOR('',#4962,1.);
#4962 = DIRECTION('',(-0.,-1.,-0.));
#4963 = ORIENTED_EDGE('',*,*,#4964,.F.);
#4964 = EDGE_CURVE('',#4965,#4957,#4967,.T.);
#4965 = VERTEX_POINT('',#4966);
#4966 = CARTESIAN_POINT('',(2.945,0.3,2.45));
#4967 = LINE('',#4968,#4969);
#4968 = CARTESIAN_POINT('',(2.945,0.3,-2.45));
#4969 = VECTOR('',#4970,1.);
#4970 = DIRECTION('',(-1.770125995895E-16,-0.,-1.));
#4971 = ORIENTED_EDGE('',*,*,#4972,.T.);
#4972 = EDGE_CURVE('',#4965,#4973,#4975,.T.);
#4973 = VERTEX_POINT('',#4974);
#4974 = CARTESIAN_POINT('',(2.945,0.,2.45));
#4975 = LINE('',#4976,#4977);
#4976 = CARTESIAN_POINT('',(2.945,0.3,2.45));
#4977 = VECTOR('',#4978,1.);
#4978 = DIRECTION('',(-0.,-1.,-0.));
#4979 = ORIENTED_EDGE('',*,*,#4980,.T.);
#4980 = EDGE_CURVE('',#4973,#4981,#4983,.T.);
#4981 = VERTEX_POINT('',#4982);
#4982 = CARTESIAN_POINT('',(2.945,0.,2.11));
#4983 = LINE('',#4984,#4985);
#4984 = CARTESIAN_POINT('',(2.945,0.,-2.45));
#4985 = VECTOR('',#4986,1.);
#4986 = DIRECTION('',(-1.770125995895E-16,-0.,-1.));
#4987 = ORIENTED_EDGE('',*,*,#4988,.F.);
#4988 = EDGE_CURVE('',#4837,#4981,#4989,.T.);
#4989 = LINE('',#4990,#4991);
#4990 = CARTESIAN_POINT('',(2.945,5.E-02,2.11));
#4991 = VECTOR('',#4992,1.);
#4992 = DIRECTION('',(-0.,-1.,-0.));
#4993 = PLANE('',#4994);
#4994 = AXIS2_PLACEMENT_3D('',#4995,#4996,#4997);
#4995 = CARTESIAN_POINT('',(2.945,0.3,-2.45));
#4996 = DIRECTION('',(-1.,0.,1.770125995895E-16));
#4997 = DIRECTION('',(1.770125995895E-16,0.,1.));
#4998 = ADVANCED_FACE('',(#4999),#5148,.F.);
#4999 = FACE_BOUND('',#5000,.T.);
#5000 = EDGE_LOOP('',(#5001,#5011,#5017,#5018,#5026,#5034,#5040,#5041,
    #5049,#5057,#5063,#5064,#5072,#5080,#5086,#5087,#5095,#5103,#5111,
    #5119,#5127,#5135,#5141,#5142));
#5001 = ORIENTED_EDGE('',*,*,#5002,.F.);
#5002 = EDGE_CURVE('',#5003,#5005,#5007,.T.);
#5003 = VERTEX_POINT('',#5004);
#5004 = CARTESIAN_POINT('',(2.5,0.,-1.7));
#5005 = VERTEX_POINT('',#5006);
#5006 = CARTESIAN_POINT('',(2.5,0.,-2.11));
#5007 = LINE('',#5008,#5009);
#5008 = CARTESIAN_POINT('',(2.5,0.,-1.7));
#5009 = VECTOR('',#5010,1.);
#5010 = DIRECTION('',(0.,0.,-1.));
#5011 = ORIENTED_EDGE('',*,*,#5012,.T.);
#5012 = EDGE_CURVE('',#5003,#4917,#5013,.T.);
#5013 = LINE('',#5014,#5015);
#5014 = CARTESIAN_POINT('',(2.5,0.,-1.7));
#5015 = VECTOR('',#5016,1.);
#5016 = DIRECTION('',(1.,0.,0.));
#5017 = ORIENTED_EDGE('',*,*,#4916,.F.);
#5018 = ORIENTED_EDGE('',*,*,#5019,.F.);
#5019 = EDGE_CURVE('',#5020,#4909,#5022,.T.);
#5020 = VERTEX_POINT('',#5021);
#5021 = CARTESIAN_POINT('',(2.5,0.,-0.84));
#5022 = LINE('',#5023,#5024);
#5023 = CARTESIAN_POINT('',(2.5,0.,-0.84));
#5024 = VECTOR('',#5025,1.);
#5025 = DIRECTION('',(1.,0.,3.771137991254E-16));
#5026 = ORIENTED_EDGE('',*,*,#5027,.F.);
#5027 = EDGE_CURVE('',#5028,#5020,#5030,.T.);
#5028 = VERTEX_POINT('',#5029);
#5029 = CARTESIAN_POINT('',(2.5,0.,-0.43));
#5030 = LINE('',#5031,#5032);
#5031 = CARTESIAN_POINT('',(2.5,0.,-0.43));
#5032 = VECTOR('',#5033,1.);
#5033 = DIRECTION('',(0.,0.,-1.));
#5034 = ORIENTED_EDGE('',*,*,#5035,.T.);
#5035 = EDGE_CURVE('',#5028,#4885,#5036,.T.);
#5036 = LINE('',#5037,#5038);
#5037 = CARTESIAN_POINT('',(2.5,0.,-0.43));
#5038 = VECTOR('',#5039,1.);
#5039 = DIRECTION('',(1.,0.,0.));
#5040 = ORIENTED_EDGE('',*,*,#4884,.F.);
#5041 = ORIENTED_EDGE('',*,*,#5042,.F.);
#5042 = EDGE_CURVE('',#5043,#4877,#5045,.T.);
#5043 = VERTEX_POINT('',#5044);
#5044 = CARTESIAN_POINT('',(2.5,0.,0.43));
#5045 = LINE('',#5046,#5047);
#5046 = CARTESIAN_POINT('',(2.5,0.,0.43));
#5047 = VECTOR('',#5048,1.);
#5048 = DIRECTION('',(1.,0.,3.771137991254E-16));
#5049 = ORIENTED_EDGE('',*,*,#5050,.F.);
#5050 = EDGE_CURVE('',#5051,#5043,#5053,.T.);
#5051 = VERTEX_POINT('',#5052);
#5052 = CARTESIAN_POINT('',(2.5,0.,0.84));
#5053 = LINE('',#5054,#5055);
#5054 = CARTESIAN_POINT('',(2.5,0.,0.84));
#5055 = VECTOR('',#5056,1.);
#5056 = DIRECTION('',(0.,0.,-1.));
#5057 = ORIENTED_EDGE('',*,*,#5058,.T.);
#5058 = EDGE_CURVE('',#5051,#4853,#5059,.T.);
#5059 = LINE('',#5060,#5061);
#5060 = CARTESIAN_POINT('',(2.5,0.,0.84));
#5061 = VECTOR('',#5062,1.);
#5062 = DIRECTION('',(1.,0.,0.));
#5063 = ORIENTED_EDGE('',*,*,#4852,.F.);
#5064 = ORIENTED_EDGE('',*,*,#5065,.F.);
#5065 = EDGE_CURVE('',#5066,#4845,#5068,.T.);
#5066 = VERTEX_POINT('',#5067);
#5067 = CARTESIAN_POINT('',(2.5,0.,1.7));
#5068 = LINE('',#5069,#5070);
#5069 = CARTESIAN_POINT('',(2.5,0.,1.7));
#5070 = VECTOR('',#5071,1.);
#5071 = DIRECTION('',(1.,0.,3.771137991254E-16));
#5072 = ORIENTED_EDGE('',*,*,#5073,.F.);
#5073 = EDGE_CURVE('',#5074,#5066,#5076,.T.);
#5074 = VERTEX_POINT('',#5075);
#5075 = CARTESIAN_POINT('',(2.5,0.,2.11));
#5076 = LINE('',#5077,#5078);
#5077 = CARTESIAN_POINT('',(2.5,0.,2.11));
#5078 = VECTOR('',#5079,1.);
#5079 = DIRECTION('',(0.,0.,-1.));
#5080 = ORIENTED_EDGE('',*,*,#5081,.T.);
#5081 = EDGE_CURVE('',#5074,#4981,#5082,.T.);
#5082 = LINE('',#5083,#5084);
#5083 = CARTESIAN_POINT('',(2.5,0.,2.11));
#5084 = VECTOR('',#5085,1.);
#5085 = DIRECTION('',(1.,0.,0.));
#5086 = ORIENTED_EDGE('',*,*,#4980,.F.);
#5087 = ORIENTED_EDGE('',*,*,#5088,.F.);
#5088 = EDGE_CURVE('',#5089,#4973,#5091,.T.);
#5089 = VERTEX_POINT('',#5090);
#5090 = CARTESIAN_POINT('',(0.91,0.,2.45));
#5091 = LINE('',#5092,#5093);
#5092 = CARTESIAN_POINT('',(-2.945,0.,2.45));
#5093 = VECTOR('',#5094,1.);
#5094 = DIRECTION('',(1.,0.,0.));
#5095 = ORIENTED_EDGE('',*,*,#5096,.T.);
#5096 = EDGE_CURVE('',#5089,#5097,#5099,.T.);
#5097 = VERTEX_POINT('',#5098);
#5098 = CARTESIAN_POINT('',(0.91,0.,2.));
#5099 = LINE('',#5100,#5101);
#5100 = CARTESIAN_POINT('',(0.91,0.,2.575));
#5101 = VECTOR('',#5102,1.);
#5102 = DIRECTION('',(1.998703135365E-14,0.,-1.));
#5103 = ORIENTED_EDGE('',*,*,#5104,.T.);
#5104 = EDGE_CURVE('',#5097,#5105,#5107,.T.);
#5105 = VERTEX_POINT('',#5106);
#5106 = CARTESIAN_POINT('',(1.16,0.,2.));
#5107 = LINE('',#5108,#5109);
#5108 = CARTESIAN_POINT('',(0.91,0.,2.));
#5109 = VECTOR('',#5110,1.);
#5110 = DIRECTION('',(1.,0.,0.));
#5111 = ORIENTED_EDGE('',*,*,#5112,.T.);
#5112 = EDGE_CURVE('',#5105,#5113,#5115,.T.);
#5113 = VERTEX_POINT('',#5114);
#5114 = CARTESIAN_POINT('',(1.16,0.,-2.));
#5115 = LINE('',#5116,#5117);
#5116 = CARTESIAN_POINT('',(1.16,0.,2.));
#5117 = VECTOR('',#5118,1.);
#5118 = DIRECTION('',(0.,0.,-1.));
#5119 = ORIENTED_EDGE('',*,*,#5120,.F.);
#5120 = EDGE_CURVE('',#5121,#5113,#5123,.T.);
#5121 = VERTEX_POINT('',#5122);
#5122 = CARTESIAN_POINT('',(0.91,0.,-2.));
#5123 = LINE('',#5124,#5125);
#5124 = CARTESIAN_POINT('',(0.91,0.,-2.));
#5125 = VECTOR('',#5126,1.);
#5126 = DIRECTION('',(1.,0.,-3.469446951955E-14));
#5127 = ORIENTED_EDGE('',*,*,#5128,.F.);
#5128 = EDGE_CURVE('',#5129,#5121,#5131,.T.);
#5129 = VERTEX_POINT('',#5130);
#5130 = CARTESIAN_POINT('',(0.91,0.,-2.45));
#5131 = LINE('',#5132,#5133);
#5132 = CARTESIAN_POINT('',(0.91,0.,-2.575));
#5133 = VECTOR('',#5134,1.);
#5134 = DIRECTION('',(7.184017873339E-14,0.,1.));
#5135 = ORIENTED_EDGE('',*,*,#5136,.F.);
#5136 = EDGE_CURVE('',#4949,#5129,#5137,.T.);
#5137 = LINE('',#5138,#5139);
#5138 = CARTESIAN_POINT('',(-2.945,0.,-2.45));
#5139 = VECTOR('',#5140,1.);
#5140 = DIRECTION('',(-1.,-0.,7.363002869172E-17));
#5141 = ORIENTED_EDGE('',*,*,#4948,.F.);
#5142 = ORIENTED_EDGE('',*,*,#5143,.F.);
#5143 = EDGE_CURVE('',#5005,#4941,#5144,.T.);
#5144 = LINE('',#5145,#5146);
#5145 = CARTESIAN_POINT('',(2.5,0.,-2.11));
#5146 = VECTOR('',#5147,1.);
#5147 = DIRECTION('',(1.,0.,0.));
#5148 = PLANE('',#5149);
#5149 = AXIS2_PLACEMENT_3D('',#5150,#5151,#5152);
#5150 = CARTESIAN_POINT('',(0.,0.,0.));
#5151 = DIRECTION('',(0.,1.,0.));
#5152 = DIRECTION('',(0.,-0.,1.));
#5153 = ADVANCED_FACE('',(#5154),#5179,.F.);
#5154 = FACE_BOUND('',#5155,.T.);
#5155 = EDGE_LOOP('',(#5156,#5164,#5172,#5178));
#5156 = ORIENTED_EDGE('',*,*,#5157,.F.);
#5157 = EDGE_CURVE('',#5158,#4789,#5160,.T.);
#5158 = VERTEX_POINT('',#5159);
#5159 = CARTESIAN_POINT('',(-2.79456830551,-0.,-1.7));
#5160 = LINE('',#5161,#5162);
#5161 = CARTESIAN_POINT('',(-2.79456830551,-0.,-1.7));
#5162 = VECTOR('',#5163,1.);
#5163 = DIRECTION('',(-1.,0.,0.));
#5164 = ORIENTED_EDGE('',*,*,#5165,.F.);
#5165 = EDGE_CURVE('',#5166,#5158,#5168,.T.);
#5166 = VERTEX_POINT('',#5167);
#5167 = CARTESIAN_POINT('',(-2.79456830551,-0.,-0.84));
#5168 = LINE('',#5169,#5170);
#5169 = CARTESIAN_POINT('',(-2.79456830551,-0.,-0.84));
#5170 = VECTOR('',#5171,1.);
#5171 = DIRECTION('',(0.,0.,-1.));
#5172 = ORIENTED_EDGE('',*,*,#5173,.F.);
#5173 = EDGE_CURVE('',#4797,#5166,#5174,.T.);
#5174 = LINE('',#5175,#5176);
#5175 = CARTESIAN_POINT('',(-3.075,-0.,-0.84));
#5176 = VECTOR('',#5177,1.);
#5177 = DIRECTION('',(1.,0.,0.));
#5178 = ORIENTED_EDGE('',*,*,#4796,.F.);
#5179 = PLANE('',#5180);
#5180 = AXIS2_PLACEMENT_3D('',#5181,#5182,#5183);
#5181 = CARTESIAN_POINT('',(0.,0.,0.));
#5182 = DIRECTION('',(0.,1.,0.));
#5183 = DIRECTION('',(0.,-0.,1.));
#5184 = ADVANCED_FACE('',(#5185),#5226,.F.);
#5185 = FACE_BOUND('',#5186,.T.);
#5186 = EDGE_LOOP('',(#5187,#5195,#5203,#5211,#5219,#5225));
#5187 = ORIENTED_EDGE('',*,*,#5188,.F.);
#5188 = EDGE_CURVE('',#5189,#4757,#5191,.T.);
#5189 = VERTEX_POINT('',#5190);
#5190 = CARTESIAN_POINT('',(0.5,0.,-2.45));
#5191 = LINE('',#5192,#5193);
#5192 = CARTESIAN_POINT('',(-2.945,0.,-2.45));
#5193 = VECTOR('',#5194,1.);
#5194 = DIRECTION('',(-1.,-0.,7.363002869172E-17));
#5195 = ORIENTED_EDGE('',*,*,#5196,.T.);
#5196 = EDGE_CURVE('',#5189,#5197,#5199,.T.);
#5197 = VERTEX_POINT('',#5198);
#5198 = CARTESIAN_POINT('',(0.5,0.,-2.));
#5199 = LINE('',#5200,#5201);
#5200 = CARTESIAN_POINT('',(0.5,0.,-2.575));
#5201 = VECTOR('',#5202,1.);
#5202 = DIRECTION('',(-9.314710838397E-14,0.,1.));
#5203 = ORIENTED_EDGE('',*,*,#5204,.F.);
#5204 = EDGE_CURVE('',#5205,#5197,#5207,.T.);
#5205 = VERTEX_POINT('',#5206);
#5206 = CARTESIAN_POINT('',(-2.5,-0.,-2.));
#5207 = LINE('',#5208,#5209);
#5208 = CARTESIAN_POINT('',(-2.5,-0.,-2.));
#5209 = VECTOR('',#5210,1.);
#5210 = DIRECTION('',(1.,0.,0.));
#5211 = ORIENTED_EDGE('',*,*,#5212,.T.);
#5212 = EDGE_CURVE('',#5205,#5213,#5215,.T.);
#5213 = VERTEX_POINT('',#5214);
#5214 = CARTESIAN_POINT('',(-2.5,-0.,-2.11));
#5215 = LINE('',#5216,#5217);
#5216 = CARTESIAN_POINT('',(-2.5,-0.,-2.));
#5217 = VECTOR('',#5218,1.);
#5218 = DIRECTION('',(0.,0.,-1.));
#5219 = ORIENTED_EDGE('',*,*,#5220,.T.);
#5220 = EDGE_CURVE('',#5213,#4765,#5221,.T.);
#5221 = LINE('',#5222,#5223);
#5222 = CARTESIAN_POINT('',(-2.5,-0.,-2.11));
#5223 = VECTOR('',#5224,1.);
#5224 = DIRECTION('',(-1.,0.,0.));
#5225 = ORIENTED_EDGE('',*,*,#4764,.F.);
#5226 = PLANE('',#5227);
#5227 = AXIS2_PLACEMENT_3D('',#5228,#5229,#5230);
#5228 = CARTESIAN_POINT('',(0.,0.,0.));
#5229 = DIRECTION('',(0.,1.,0.));
#5230 = DIRECTION('',(0.,-0.,1.));
#5231 = ADVANCED_FACE('',(#5232),#5257,.F.);
#5232 = FACE_BOUND('',#5233,.T.);
#5233 = EDGE_LOOP('',(#5234,#5235,#5243,#5251));
#5234 = ORIENTED_EDGE('',*,*,#4666,.F.);
#5235 = ORIENTED_EDGE('',*,*,#5236,.T.);
#5236 = EDGE_CURVE('',#4667,#5237,#5239,.T.);
#5237 = VERTEX_POINT('',#5238);
#5238 = CARTESIAN_POINT('',(-2.79456830551,-0.,-0.43));
#5239 = LINE('',#5240,#5241);
#5240 = CARTESIAN_POINT('',(-3.075,-0.,-0.43));
#5241 = VECTOR('',#5242,1.);
#5242 = DIRECTION('',(1.,0.,0.));
#5243 = ORIENTED_EDGE('',*,*,#5244,.F.);
#5244 = EDGE_CURVE('',#5245,#5237,#5247,.T.);
#5245 = VERTEX_POINT('',#5246);
#5246 = CARTESIAN_POINT('',(-2.79456830551,0.,0.43));
#5247 = LINE('',#5248,#5249);
#5248 = CARTESIAN_POINT('',(-2.79456830551,0.,0.43));
#5249 = VECTOR('',#5250,1.);
#5250 = DIRECTION('',(0.,-0.,-1.));
#5251 = ORIENTED_EDGE('',*,*,#5252,.F.);
#5252 = EDGE_CURVE('',#4669,#5245,#5253,.T.);
#5253 = LINE('',#5254,#5255);
#5254 = CARTESIAN_POINT('',(-3.075,0.,0.43));
#5255 = VECTOR('',#5256,1.);
#5256 = DIRECTION('',(1.,0.,0.));
#5257 = PLANE('',#5258);
#5258 = AXIS2_PLACEMENT_3D('',#5259,#5260,#5261);
#5259 = CARTESIAN_POINT('',(0.,0.,0.));
#5260 = DIRECTION('',(0.,1.,0.));
#5261 = DIRECTION('',(0.,-0.,1.));
#5262 = ADVANCED_FACE('',(#5263),#5304,.F.);
#5263 = FACE_BOUND('',#5264,.T.);
#5264 = EDGE_LOOP('',(#5265,#5273,#5281,#5289,#5297,#5303));
#5265 = ORIENTED_EDGE('',*,*,#5266,.F.);
#5266 = EDGE_CURVE('',#5267,#4725,#5269,.T.);
#5267 = VERTEX_POINT('',#5268);
#5268 = CARTESIAN_POINT('',(-2.5,0.,2.11));
#5269 = LINE('',#5270,#5271);
#5270 = CARTESIAN_POINT('',(-2.5,0.,2.11));
#5271 = VECTOR('',#5272,1.);
#5272 = DIRECTION('',(-1.,0.,0.));
#5273 = ORIENTED_EDGE('',*,*,#5274,.T.);
#5274 = EDGE_CURVE('',#5267,#5275,#5277,.T.);
#5275 = VERTEX_POINT('',#5276);
#5276 = CARTESIAN_POINT('',(-2.5,0.,2.));
#5277 = LINE('',#5278,#5279);
#5278 = CARTESIAN_POINT('',(-2.5,0.,2.11));
#5279 = VECTOR('',#5280,1.);
#5280 = DIRECTION('',(0.,0.,-1.));
#5281 = ORIENTED_EDGE('',*,*,#5282,.T.);
#5282 = EDGE_CURVE('',#5275,#5283,#5285,.T.);
#5283 = VERTEX_POINT('',#5284);
#5284 = CARTESIAN_POINT('',(0.5,0.,2.));
#5285 = LINE('',#5286,#5287);
#5286 = CARTESIAN_POINT('',(-0.801675214725,0.,2.));
#5287 = VECTOR('',#5288,1.);
#5288 = DIRECTION('',(1.,0.,-3.331713349753E-15));
#5289 = ORIENTED_EDGE('',*,*,#5290,.F.);
#5290 = EDGE_CURVE('',#5291,#5283,#5293,.T.);
#5291 = VERTEX_POINT('',#5292);
#5292 = CARTESIAN_POINT('',(0.5,0.,2.45));
#5293 = LINE('',#5294,#5295);
#5294 = CARTESIAN_POINT('',(0.5,0.,2.575));
#5295 = VECTOR('',#5296,1.);
#5296 = DIRECTION('',(5.656706986881E-16,0.,-1.));
#5297 = ORIENTED_EDGE('',*,*,#5298,.F.);
#5298 = EDGE_CURVE('',#4733,#5291,#5299,.T.);
#5299 = LINE('',#5300,#5301);
#5300 = CARTESIAN_POINT('',(-2.945,0.,2.45));
#5301 = VECTOR('',#5302,1.);
#5302 = DIRECTION('',(1.,0.,0.));
#5303 = ORIENTED_EDGE('',*,*,#4732,.F.);
#5304 = PLANE('',#5305);
#5305 = AXIS2_PLACEMENT_3D('',#5306,#5307,#5308);
#5306 = CARTESIAN_POINT('',(0.,0.,0.));
#5307 = DIRECTION('',(0.,1.,0.));
#5308 = DIRECTION('',(0.,-0.,1.));
#5309 = ADVANCED_FACE('',(#5310),#5344,.F.);
#5310 = FACE_BOUND('',#5311,.T.);
#5311 = EDGE_LOOP('',(#5312,#5313,#5321,#5329,#5335,#5336,#5337,#5343));
#5312 = ORIENTED_EDGE('',*,*,#5136,.T.);
#5313 = ORIENTED_EDGE('',*,*,#5314,.F.);
#5314 = EDGE_CURVE('',#5315,#5129,#5317,.T.);
#5315 = VERTEX_POINT('',#5316);
#5316 = CARTESIAN_POINT('',(0.91,5.E-02,-2.45));
#5317 = LINE('',#5318,#5319);
#5318 = CARTESIAN_POINT('',(0.91,5.E-02,-2.45));
#5319 = VECTOR('',#5320,1.);
#5320 = DIRECTION('',(-0.,-1.,-0.));
#5321 = ORIENTED_EDGE('',*,*,#5322,.F.);
#5322 = EDGE_CURVE('',#5323,#5315,#5325,.T.);
#5323 = VERTEX_POINT('',#5324);
#5324 = CARTESIAN_POINT('',(0.5,5.E-02,-2.45));
#5325 = LINE('',#5326,#5327);
#5326 = CARTESIAN_POINT('',(-2.591507631794E-15,5.E-02,-2.45));
#5327 = VECTOR('',#5328,1.);
#5328 = DIRECTION('',(1.,0.,-1.057758217059E-15));
#5329 = ORIENTED_EDGE('',*,*,#5330,.T.);
#5330 = EDGE_CURVE('',#5323,#5189,#5331,.T.);
#5331 = LINE('',#5332,#5333);
#5332 = CARTESIAN_POINT('',(0.5,5.E-02,-2.45));
#5333 = VECTOR('',#5334,1.);
#5334 = DIRECTION('',(-0.,-1.,-0.));
#5335 = ORIENTED_EDGE('',*,*,#5188,.T.);
#5336 = ORIENTED_EDGE('',*,*,#4756,.F.);
#5337 = ORIENTED_EDGE('',*,*,#5338,.F.);
#5338 = EDGE_CURVE('',#4957,#4749,#5339,.T.);
#5339 = LINE('',#5340,#5341);
#5340 = CARTESIAN_POINT('',(-2.945,0.3,-2.45));
#5341 = VECTOR('',#5342,1.);
#5342 = DIRECTION('',(-1.,-0.,7.363002869172E-17));
#5343 = ORIENTED_EDGE('',*,*,#4956,.T.);
#5344 = PLANE('',#5345);
#5345 = AXIS2_PLACEMENT_3D('',#5346,#5347,#5348);
#5346 = CARTESIAN_POINT('',(-2.945,0.3,-2.45));
#5347 = DIRECTION('',(7.363002869172E-17,-0.,1.));
#5348 = DIRECTION('',(1.,0.,-7.363002869172E-17));
#5349 = ADVANCED_FACE('',(#5350),#5384,.F.);
#5350 = FACE_BOUND('',#5351,.T.);
#5351 = EDGE_LOOP('',(#5352,#5353,#5361,#5369,#5375,#5376,#5377,#5383));
#5352 = ORIENTED_EDGE('',*,*,#5298,.T.);
#5353 = ORIENTED_EDGE('',*,*,#5354,.F.);
#5354 = EDGE_CURVE('',#5355,#5291,#5357,.T.);
#5355 = VERTEX_POINT('',#5356);
#5356 = CARTESIAN_POINT('',(0.5,5.E-02,2.45));
#5357 = LINE('',#5358,#5359);
#5358 = CARTESIAN_POINT('',(0.5,5.E-02,2.45));
#5359 = VECTOR('',#5360,1.);
#5360 = DIRECTION('',(-0.,-1.,-0.));
#5361 = ORIENTED_EDGE('',*,*,#5362,.T.);
#5362 = EDGE_CURVE('',#5355,#5363,#5365,.T.);
#5363 = VERTEX_POINT('',#5364);
#5364 = CARTESIAN_POINT('',(0.91,5.E-02,2.45));
#5365 = LINE('',#5366,#5367);
#5366 = CARTESIAN_POINT('',(0.,5.E-02,2.45));
#5367 = VECTOR('',#5368,1.);
#5368 = DIRECTION('',(1.,-0.,0.));
#5369 = ORIENTED_EDGE('',*,*,#5370,.T.);
#5370 = EDGE_CURVE('',#5363,#5089,#5371,.T.);
#5371 = LINE('',#5372,#5373);
#5372 = CARTESIAN_POINT('',(0.91,5.E-02,2.45));
#5373 = VECTOR('',#5374,1.);
#5374 = DIRECTION('',(-0.,-1.,-0.));
#5375 = ORIENTED_EDGE('',*,*,#5088,.T.);
#5376 = ORIENTED_EDGE('',*,*,#4972,.F.);
#5377 = ORIENTED_EDGE('',*,*,#5378,.F.);
#5378 = EDGE_CURVE('',#4741,#4965,#5379,.T.);
#5379 = LINE('',#5380,#5381);
#5380 = CARTESIAN_POINT('',(-2.945,0.3,2.45));
#5381 = VECTOR('',#5382,1.);
#5382 = DIRECTION('',(1.,0.,0.));
#5383 = ORIENTED_EDGE('',*,*,#4740,.T.);
#5384 = PLANE('',#5385);
#5385 = AXIS2_PLACEMENT_3D('',#5386,#5387,#5388);
#5386 = CARTESIAN_POINT('',(-2.945,0.3,2.45));
#5387 = DIRECTION('',(0.,0.,-1.));
#5388 = DIRECTION('',(-1.,0.,-0.));
#5389 = ADVANCED_FACE('',(#5390,#5424),#5430,.T.);
#5390 = FACE_BOUND('',#5391,.T.);
#5391 = EDGE_LOOP('',(#5392,#5402,#5410,#5418));
#5392 = ORIENTED_EDGE('',*,*,#5393,.F.);
#5393 = EDGE_CURVE('',#5394,#5396,#5398,.T.);
#5394 = VERTEX_POINT('',#5395);
#5395 = CARTESIAN_POINT('',(-2.745,0.3,2.25));
#5396 = VERTEX_POINT('',#5397);
#5397 = CARTESIAN_POINT('',(2.745,0.3,2.25));
#5398 = LINE('',#5399,#5400);
#5399 = CARTESIAN_POINT('',(-2.745,0.3,2.25));
#5400 = VECTOR('',#5401,1.);
#5401 = DIRECTION('',(1.,0.,0.));
#5402 = ORIENTED_EDGE('',*,*,#5403,.F.);
#5403 = EDGE_CURVE('',#5404,#5394,#5406,.T.);
#5404 = VERTEX_POINT('',#5405);
#5405 = CARTESIAN_POINT('',(-2.745,0.3,-2.25));
#5406 = LINE('',#5407,#5408);
#5407 = CARTESIAN_POINT('',(-2.745,0.3,-2.25));
#5408 = VECTOR('',#5409,1.);
#5409 = DIRECTION('',(1.927470528863E-16,0.,1.));
#5410 = ORIENTED_EDGE('',*,*,#5411,.F.);
#5411 = EDGE_CURVE('',#5412,#5404,#5414,.T.);
#5412 = VERTEX_POINT('',#5413);
#5413 = CARTESIAN_POINT('',(2.745,0.3,-2.25));
#5414 = LINE('',#5415,#5416);
#5415 = CARTESIAN_POINT('',(2.745,0.3,-2.25));
#5416 = VECTOR('',#5417,1.);
#5417 = DIRECTION('',(-1.,0.,7.899469380587E-17));
#5418 = ORIENTED_EDGE('',*,*,#5419,.F.);
#5419 = EDGE_CURVE('',#5396,#5412,#5420,.T.);
#5420 = LINE('',#5421,#5422);
#5421 = CARTESIAN_POINT('',(2.745,0.3,2.25));
#5422 = VECTOR('',#5423,1.);
#5423 = DIRECTION('',(-1.927470528863E-16,0.,-1.));
#5424 = FACE_BOUND('',#5425,.T.);
#5425 = EDGE_LOOP('',(#5426,#5427,#5428,#5429));
#5426 = ORIENTED_EDGE('',*,*,#4964,.T.);
#5427 = ORIENTED_EDGE('',*,*,#5338,.T.);
#5428 = ORIENTED_EDGE('',*,*,#4748,.T.);
#5429 = ORIENTED_EDGE('',*,*,#5378,.T.);
#5430 = PLANE('',#5431);
#5431 = AXIS2_PLACEMENT_3D('',#5432,#5433,#5434);
#5432 = CARTESIAN_POINT('',(0.,0.3,0.));
#5433 = DIRECTION('',(0.,1.,0.));
#5434 = DIRECTION('',(0.,-0.,1.));
#5435 = ADVANCED_FACE('',(#5436),#5461,.F.);
#5436 = FACE_BOUND('',#5437,.T.);
#5437 = EDGE_LOOP('',(#5438,#5439,#5447,#5455));
#5438 = ORIENTED_EDGE('',*,*,#4700,.F.);
#5439 = ORIENTED_EDGE('',*,*,#5440,.T.);
#5440 = EDGE_CURVE('',#4693,#5441,#5443,.T.);
#5441 = VERTEX_POINT('',#5442);
#5442 = CARTESIAN_POINT('',(-2.79456830551,0.,0.84));
#5443 = LINE('',#5444,#5445);
#5444 = CARTESIAN_POINT('',(-3.075,0.,0.84));
#5445 = VECTOR('',#5446,1.);
#5446 = DIRECTION('',(1.,0.,0.));
#5447 = ORIENTED_EDGE('',*,*,#5448,.F.);
#5448 = EDGE_CURVE('',#5449,#5441,#5451,.T.);
#5449 = VERTEX_POINT('',#5450);
#5450 = CARTESIAN_POINT('',(-2.79456830551,0.,1.7));
#5451 = LINE('',#5452,#5453);
#5452 = CARTESIAN_POINT('',(-2.79456830551,0.,1.7));
#5453 = VECTOR('',#5454,1.);
#5454 = DIRECTION('',(0.,0.,-1.));
#5455 = ORIENTED_EDGE('',*,*,#5456,.T.);
#5456 = EDGE_CURVE('',#5449,#4701,#5457,.T.);
#5457 = LINE('',#5458,#5459);
#5458 = CARTESIAN_POINT('',(-2.79456830551,0.,1.7));
#5459 = VECTOR('',#5460,1.);
#5460 = DIRECTION('',(-1.,0.,0.));
#5461 = PLANE('',#5462);
#5462 = AXIS2_PLACEMENT_3D('',#5463,#5464,#5465);
#5463 = CARTESIAN_POINT('',(0.,0.,0.));
#5464 = DIRECTION('',(0.,1.,0.));
#5465 = DIRECTION('',(0.,-0.,1.));
#5466 = ADVANCED_FACE('',(#5467),#5492,.T.);
#5467 = FACE_BOUND('',#5468,.T.);
#5468 = EDGE_LOOP('',(#5469,#5470,#5478,#5486));
#5469 = ORIENTED_EDGE('',*,*,#5393,.T.);
#5470 = ORIENTED_EDGE('',*,*,#5471,.F.);
#5471 = EDGE_CURVE('',#5472,#5396,#5474,.T.);
#5472 = VERTEX_POINT('',#5473);
#5473 = CARTESIAN_POINT('',(2.585582578747,1.05,2.090582578747));
#5474 = LINE('',#5475,#5476);
#5475 = CARTESIAN_POINT('',(2.745,0.3,2.25));
#5476 = VECTOR('',#5477,1.);
#5477 = DIRECTION('',(0.203558594953,-0.957667894858,0.203558594953));
#5478 = ORIENTED_EDGE('',*,*,#5479,.F.);
#5479 = EDGE_CURVE('',#5480,#5472,#5482,.T.);
#5480 = VERTEX_POINT('',#5481);
#5481 = CARTESIAN_POINT('',(-2.585582578747,1.05,2.090582578747));
#5482 = LINE('',#5483,#5484);
#5483 = CARTESIAN_POINT('',(-2.745,1.05,2.090582578747));
#5484 = VECTOR('',#5485,1.);
#5485 = DIRECTION('',(1.,0.,-0.));
#5486 = ORIENTED_EDGE('',*,*,#5487,.T.);
#5487 = EDGE_CURVE('',#5480,#5394,#5488,.T.);
#5488 = LINE('',#5489,#5490);
#5489 = CARTESIAN_POINT('',(-2.745,0.3,2.25));
#5490 = VECTOR('',#5491,1.);
#5491 = DIRECTION('',(-0.203558594953,-0.957667894858,0.203558594953));
#5492 = PLANE('',#5493);
#5493 = AXIS2_PLACEMENT_3D('',#5494,#5495,#5496);
#5494 = CARTESIAN_POINT('',(-2.745,0.3,2.25));
#5495 = DIRECTION('',(0.,0.207911690818,0.978147600734));
#5496 = DIRECTION('',(0.,-0.978147600734,0.207911690818));
#5497 = ADVANCED_FACE('',(#5498),#5516,.T.);
#5498 = FACE_BOUND('',#5499,.T.);
#5499 = EDGE_LOOP('',(#5500,#5501,#5509,#5515));
#5500 = ORIENTED_EDGE('',*,*,#5419,.T.);
#5501 = ORIENTED_EDGE('',*,*,#5502,.F.);
#5502 = EDGE_CURVE('',#5503,#5412,#5505,.T.);
#5503 = VERTEX_POINT('',#5504);
#5504 = CARTESIAN_POINT('',(2.585582578747,1.05,-2.090582578747));
#5505 = LINE('',#5506,#5507);
#5506 = CARTESIAN_POINT('',(2.745,0.3,-2.25));
#5507 = VECTOR('',#5508,1.);
#5508 = DIRECTION('',(0.203558594953,-0.957667894858,-0.203558594953));
#5509 = ORIENTED_EDGE('',*,*,#5510,.F.);
#5510 = EDGE_CURVE('',#5472,#5503,#5511,.T.);
#5511 = LINE('',#5512,#5513);
#5512 = CARTESIAN_POINT('',(2.585582578747,1.05,2.25));
#5513 = VECTOR('',#5514,1.);
#5514 = DIRECTION('',(-1.927470528863E-16,-0.,-1.));
#5515 = ORIENTED_EDGE('',*,*,#5471,.T.);
#5516 = PLANE('',#5517);
#5517 = AXIS2_PLACEMENT_3D('',#5518,#5519,#5520);
#5518 = CARTESIAN_POINT('',(2.745,0.3,2.25));
#5519 = DIRECTION('',(0.978147600734,0.207911690818,-1.885350673293E-16)
  );
#5520 = DIRECTION('',(-0.207911690818,0.978147600734,1.232595164408E-32)
  );
#5521 = ADVANCED_FACE('',(#5522),#5540,.T.);
#5522 = FACE_BOUND('',#5523,.T.);
#5523 = EDGE_LOOP('',(#5524,#5525,#5533,#5539));
#5524 = ORIENTED_EDGE('',*,*,#5411,.T.);
#5525 = ORIENTED_EDGE('',*,*,#5526,.F.);
#5526 = EDGE_CURVE('',#5527,#5404,#5529,.T.);
#5527 = VERTEX_POINT('',#5528);
#5528 = CARTESIAN_POINT('',(-2.585582578747,1.05,-2.090582578747));
#5529 = LINE('',#5530,#5531);
#5530 = CARTESIAN_POINT('',(-2.745,0.3,-2.25));
#5531 = VECTOR('',#5532,1.);
#5532 = DIRECTION('',(-0.203558594953,-0.957667894858,-0.203558594953));
#5533 = ORIENTED_EDGE('',*,*,#5534,.F.);
#5534 = EDGE_CURVE('',#5503,#5527,#5535,.T.);
#5535 = LINE('',#5536,#5537);
#5536 = CARTESIAN_POINT('',(2.745,1.05,-2.090582578747));
#5537 = VECTOR('',#5538,1.);
#5538 = DIRECTION('',(-1.,-0.,7.899469380587E-17));
#5539 = ORIENTED_EDGE('',*,*,#5502,.T.);
#5540 = PLANE('',#5541);
#5541 = AXIS2_PLACEMENT_3D('',#5542,#5543,#5544);
#5542 = CARTESIAN_POINT('',(2.745,0.3,-2.25));
#5543 = DIRECTION('',(-7.726847021691E-17,0.207911690818,-0.978147600734
    ));
#5544 = DIRECTION('',(0.,0.978147600734,0.207911690818));
#5545 = ADVANCED_FACE('',(#5546),#5557,.T.);
#5546 = FACE_BOUND('',#5547,.T.);
#5547 = EDGE_LOOP('',(#5548,#5549,#5550,#5556));
#5548 = ORIENTED_EDGE('',*,*,#5403,.T.);
#5549 = ORIENTED_EDGE('',*,*,#5487,.F.);
#5550 = ORIENTED_EDGE('',*,*,#5551,.F.);
#5551 = EDGE_CURVE('',#5527,#5480,#5552,.T.);
#5552 = LINE('',#5553,#5554);
#5553 = CARTESIAN_POINT('',(-2.585582578747,1.05,-2.25));
#5554 = VECTOR('',#5555,1.);
#5555 = DIRECTION('',(1.927470528863E-16,-0.,1.));
#5556 = ORIENTED_EDGE('',*,*,#5526,.T.);
#5557 = PLANE('',#5558);
#5558 = AXIS2_PLACEMENT_3D('',#5559,#5560,#5561);
#5559 = CARTESIAN_POINT('',(-2.745,0.3,-2.25));
#5560 = DIRECTION('',(-0.978147600734,0.207911690818,1.885350673293E-16)
  );
#5561 = DIRECTION('',(-0.207911690818,-0.978147600734,1.232595164408E-32
    ));
#5562 = ADVANCED_FACE('',(#5563,#5573),#5579,.T.);
#5563 = FACE_BOUND('',#5564,.T.);
#5564 = EDGE_LOOP('',(#5565,#5572));
#5565 = ORIENTED_EDGE('',*,*,#5566,.F.);
#5566 = EDGE_CURVE('',#4627,#4635,#5567,.T.);
#5567 = CIRCLE('',#5568,0.125);
#5568 = AXIS2_PLACEMENT_3D('',#5569,#5570,#5571);
#5569 = CARTESIAN_POINT('',(2.338428195969,1.05,1.858314122998));
#5570 = DIRECTION('',(0.,1.,0.));
#5571 = DIRECTION('',(0.,-0.,1.));
#5572 = ORIENTED_EDGE('',*,*,#4634,.F.);
#5573 = FACE_BOUND('',#5574,.T.);
#5574 = EDGE_LOOP('',(#5575,#5576,#5577,#5578));
#5575 = ORIENTED_EDGE('',*,*,#5479,.T.);
#5576 = ORIENTED_EDGE('',*,*,#5510,.T.);
#5577 = ORIENTED_EDGE('',*,*,#5534,.T.);
#5578 = ORIENTED_EDGE('',*,*,#5551,.T.);
#5579 = PLANE('',#5580);
#5580 = AXIS2_PLACEMENT_3D('',#5581,#5582,#5583);
#5581 = CARTESIAN_POINT('',(0.,1.05,0.));
#5582 = DIRECTION('',(-0.,1.,0.));
#5583 = DIRECTION('',(0.,0.,1.));
#5584 = ADVANCED_FACE('',(#5585),#5619,.T.);
#5585 = FACE_BOUND('',#5586,.T.);
#5586 = EDGE_LOOP('',(#5587,#5597,#5605,#5613));
#5587 = ORIENTED_EDGE('',*,*,#5588,.T.);
#5588 = EDGE_CURVE('',#5589,#5591,#5593,.T.);
#5589 = VERTEX_POINT('',#5590);
#5590 = CARTESIAN_POINT('',(0.91,-5.E-02,2.575));
#5591 = VERTEX_POINT('',#5592);
#5592 = CARTESIAN_POINT('',(0.91,5.E-02,2.575));
#5593 = LINE('',#5594,#5595);
#5594 = CARTESIAN_POINT('',(0.91,-5.E-02,2.575));
#5595 = VECTOR('',#5596,1.);
#5596 = DIRECTION('',(-0.,1.,-0.));
#5597 = ORIENTED_EDGE('',*,*,#5598,.F.);
#5598 = EDGE_CURVE('',#5599,#5591,#5601,.T.);
#5599 = VERTEX_POINT('',#5600);
#5600 = CARTESIAN_POINT('',(0.5,5.E-02,2.575));
#5601 = LINE('',#5602,#5603);
#5602 = CARTESIAN_POINT('',(0.,5.E-02,2.575));
#5603 = VECTOR('',#5604,1.);
#5604 = DIRECTION('',(1.,-0.,0.));
#5605 = ORIENTED_EDGE('',*,*,#5606,.F.);
#5606 = EDGE_CURVE('',#5607,#5599,#5609,.T.);
#5607 = VERTEX_POINT('',#5608);
#5608 = CARTESIAN_POINT('',(0.5,-5.E-02,2.575));
#5609 = LINE('',#5610,#5611);
#5610 = CARTESIAN_POINT('',(0.5,-5.E-02,2.575));
#5611 = VECTOR('',#5612,1.);
#5612 = DIRECTION('',(-0.,1.,-0.));
#5613 = ORIENTED_EDGE('',*,*,#5614,.T.);
#5614 = EDGE_CURVE('',#5607,#5589,#5615,.T.);
#5615 = LINE('',#5616,#5617);
#5616 = CARTESIAN_POINT('',(0.5,-5.E-02,2.575));
#5617 = VECTOR('',#5618,1.);
#5618 = DIRECTION('',(1.,0.,1.057758217059E-14));
#5619 = PLANE('',#5620);
#5620 = AXIS2_PLACEMENT_3D('',#5621,#5622,#5623);
#5621 = CARTESIAN_POINT('',(0.5,-5.E-02,2.575));
#5622 = DIRECTION('',(-1.057758217059E-14,0.,1.));
#5623 = DIRECTION('',(1.,0.,1.057758217059E-14));
#5624 = ADVANCED_FACE('',(#5625),#5650,.F.);
#5625 = FACE_BOUND('',#5626,.T.);
#5626 = EDGE_LOOP('',(#5627,#5628,#5634,#5635,#5636,#5644));
#5627 = ORIENTED_EDGE('',*,*,#5606,.T.);
#5628 = ORIENTED_EDGE('',*,*,#5629,.T.);
#5629 = EDGE_CURVE('',#5599,#5355,#5630,.T.);
#5630 = LINE('',#5631,#5632);
#5631 = CARTESIAN_POINT('',(0.5,5.E-02,2.602085213965E-15));
#5632 = VECTOR('',#5633,1.);
#5633 = DIRECTION('',(5.20417042793E-15,0.,-1.));
#5634 = ORIENTED_EDGE('',*,*,#5354,.T.);
#5635 = ORIENTED_EDGE('',*,*,#5290,.T.);
#5636 = ORIENTED_EDGE('',*,*,#5637,.F.);
#5637 = EDGE_CURVE('',#5638,#5283,#5640,.T.);
#5638 = VERTEX_POINT('',#5639);
#5639 = CARTESIAN_POINT('',(0.5,-5.E-02,2.));
#5640 = LINE('',#5641,#5642);
#5641 = CARTESIAN_POINT('',(0.5,-5.E-02,2.));
#5642 = VECTOR('',#5643,1.);
#5643 = DIRECTION('',(-0.,1.,-0.));
#5644 = ORIENTED_EDGE('',*,*,#5645,.F.);
#5645 = EDGE_CURVE('',#5607,#5638,#5646,.T.);
#5646 = LINE('',#5647,#5648);
#5647 = CARTESIAN_POINT('',(0.5,-5.E-02,2.575));
#5648 = VECTOR('',#5649,1.);
#5649 = DIRECTION('',(5.656706986881E-16,0.,-1.));
#5650 = PLANE('',#5651);
#5651 = AXIS2_PLACEMENT_3D('',#5652,#5653,#5654);
#5652 = CARTESIAN_POINT('',(0.5,-5.E-02,2.575));
#5653 = DIRECTION('',(1.,0.,5.656706986881E-16));
#5654 = DIRECTION('',(5.656706986881E-16,0.,-1.));
#5655 = ADVANCED_FACE('',(#5656),#5674,.T.);
#5656 = FACE_BOUND('',#5657,.T.);
#5657 = EDGE_LOOP('',(#5658,#5659,#5667,#5673));
#5658 = ORIENTED_EDGE('',*,*,#5282,.F.);
#5659 = ORIENTED_EDGE('',*,*,#5660,.F.);
#5660 = EDGE_CURVE('',#5661,#5275,#5663,.T.);
#5661 = VERTEX_POINT('',#5662);
#5662 = CARTESIAN_POINT('',(-2.5,-5.E-02,2.));
#5663 = LINE('',#5664,#5665);
#5664 = CARTESIAN_POINT('',(-2.5,-5.E-02,2.));
#5665 = VECTOR('',#5666,1.);
#5666 = DIRECTION('',(-0.,1.,-0.));
#5667 = ORIENTED_EDGE('',*,*,#5668,.T.);
#5668 = EDGE_CURVE('',#5661,#5638,#5669,.T.);
#5669 = LINE('',#5670,#5671);
#5670 = CARTESIAN_POINT('',(-2.5,-5.E-02,2.));
#5671 = VECTOR('',#5672,1.);
#5672 = DIRECTION('',(1.,0.,3.830370428151E-15));
#5673 = ORIENTED_EDGE('',*,*,#5637,.T.);
#5674 = PLANE('',#5675);
#5675 = AXIS2_PLACEMENT_3D('',#5676,#5677,#5678);
#5676 = CARTESIAN_POINT('',(-0.801675214725,-5.E-02,2.));
#5677 = DIRECTION('',(3.331713349753E-15,0.,1.));
#5678 = DIRECTION('',(1.,0.,-3.331713349753E-15));
#5679 = ADVANCED_FACE('',(#5680),#5698,.T.);
#5680 = FACE_BOUND('',#5681,.T.);
#5681 = EDGE_LOOP('',(#5682,#5683,#5691,#5697));
#5682 = ORIENTED_EDGE('',*,*,#5274,.F.);
#5683 = ORIENTED_EDGE('',*,*,#5684,.F.);
#5684 = EDGE_CURVE('',#5685,#5267,#5687,.T.);
#5685 = VERTEX_POINT('',#5686);
#5686 = CARTESIAN_POINT('',(-2.5,-5.E-02,2.11));
#5687 = LINE('',#5688,#5689);
#5688 = CARTESIAN_POINT('',(-2.5,-5.E-02,2.11));
#5689 = VECTOR('',#5690,1.);
#5690 = DIRECTION('',(-0.,1.,-0.));
#5691 = ORIENTED_EDGE('',*,*,#5692,.T.);
#5692 = EDGE_CURVE('',#5685,#5661,#5693,.T.);
#5693 = LINE('',#5694,#5695);
#5694 = CARTESIAN_POINT('',(-2.5,-5.E-02,2.11));
#5695 = VECTOR('',#5696,1.);
#5696 = DIRECTION('',(0.,0.,-1.));
#5697 = ORIENTED_EDGE('',*,*,#5660,.T.);
#5698 = PLANE('',#5699);
#5699 = AXIS2_PLACEMENT_3D('',#5700,#5701,#5702);
#5700 = CARTESIAN_POINT('',(-2.5,-5.E-02,2.11));
#5701 = DIRECTION('',(1.,0.,0.));
#5702 = DIRECTION('',(0.,0.,-1.));
#5703 = ADVANCED_FACE('',(#5704),#5731,.F.);
#5704 = FACE_BOUND('',#5705,.T.);
#5705 = EDGE_LOOP('',(#5706,#5707,#5708,#5716,#5724,#5730));
#5706 = ORIENTED_EDGE('',*,*,#5266,.T.);
#5707 = ORIENTED_EDGE('',*,*,#4724,.F.);
#5708 = ORIENTED_EDGE('',*,*,#5709,.F.);
#5709 = EDGE_CURVE('',#5710,#4717,#5712,.T.);
#5710 = VERTEX_POINT('',#5711);
#5711 = CARTESIAN_POINT('',(-3.075,5.E-02,2.11));
#5712 = LINE('',#5713,#5714);
#5713 = CARTESIAN_POINT('',(0.,5.E-02,2.11));
#5714 = VECTOR('',#5715,1.);
#5715 = DIRECTION('',(1.,-0.,0.));
#5716 = ORIENTED_EDGE('',*,*,#5717,.F.);
#5717 = EDGE_CURVE('',#5718,#5710,#5720,.T.);
#5718 = VERTEX_POINT('',#5719);
#5719 = CARTESIAN_POINT('',(-3.075,-5.E-02,2.11));
#5720 = LINE('',#5721,#5722);
#5721 = CARTESIAN_POINT('',(-3.075,-5.E-02,2.11));
#5722 = VECTOR('',#5723,1.);
#5723 = DIRECTION('',(-0.,1.,-0.));
#5724 = ORIENTED_EDGE('',*,*,#5725,.F.);
#5725 = EDGE_CURVE('',#5685,#5718,#5726,.T.);
#5726 = LINE('',#5727,#5728);
#5727 = CARTESIAN_POINT('',(-2.5,-5.E-02,2.11));
#5728 = VECTOR('',#5729,1.);
#5729 = DIRECTION('',(-1.,0.,0.));
#5730 = ORIENTED_EDGE('',*,*,#5684,.T.);
#5731 = PLANE('',#5732);
#5732 = AXIS2_PLACEMENT_3D('',#5733,#5734,#5735);
#5733 = CARTESIAN_POINT('',(-2.5,-5.E-02,2.11));
#5734 = DIRECTION('',(-0.,0.,-1.));
#5735 = DIRECTION('',(-1.,0.,0.));
#5736 = ADVANCED_FACE('',(#5737),#5762,.F.);
#5737 = FACE_BOUND('',#5738,.T.);
#5738 = EDGE_LOOP('',(#5739,#5740,#5748,#5756));
#5739 = ORIENTED_EDGE('',*,*,#5717,.T.);
#5740 = ORIENTED_EDGE('',*,*,#5741,.T.);
#5741 = EDGE_CURVE('',#5710,#5742,#5744,.T.);
#5742 = VERTEX_POINT('',#5743);
#5743 = CARTESIAN_POINT('',(-3.075,5.E-02,1.7));
#5744 = LINE('',#5745,#5746);
#5745 = CARTESIAN_POINT('',(-3.075,5.E-02,0.));
#5746 = VECTOR('',#5747,1.);
#5747 = DIRECTION('',(0.,0.,-1.));
#5748 = ORIENTED_EDGE('',*,*,#5749,.F.);
#5749 = EDGE_CURVE('',#5750,#5742,#5752,.T.);
#5750 = VERTEX_POINT('',#5751);
#5751 = CARTESIAN_POINT('',(-3.075,-5.E-02,1.7));
#5752 = LINE('',#5753,#5754);
#5753 = CARTESIAN_POINT('',(-3.075,-5.E-02,1.7));
#5754 = VECTOR('',#5755,1.);
#5755 = DIRECTION('',(-0.,1.,-0.));
#5756 = ORIENTED_EDGE('',*,*,#5757,.F.);
#5757 = EDGE_CURVE('',#5718,#5750,#5758,.T.);
#5758 = LINE('',#5759,#5760);
#5759 = CARTESIAN_POINT('',(-3.075,-5.E-02,2.11));
#5760 = VECTOR('',#5761,1.);
#5761 = DIRECTION('',(0.,0.,-1.));
#5762 = PLANE('',#5763);
#5763 = AXIS2_PLACEMENT_3D('',#5764,#5765,#5766);
#5764 = CARTESIAN_POINT('',(-3.075,-5.E-02,2.11));
#5765 = DIRECTION('',(1.,0.,0.));
#5766 = DIRECTION('',(0.,0.,-1.));
#5767 = ADVANCED_FACE('',(#5768),#5793,.T.);
#5768 = FACE_BOUND('',#5769,.T.);
#5769 = EDGE_LOOP('',(#5770,#5771,#5779,#5785,#5786,#5792));
#5770 = ORIENTED_EDGE('',*,*,#5456,.F.);
#5771 = ORIENTED_EDGE('',*,*,#5772,.F.);
#5772 = EDGE_CURVE('',#5773,#5449,#5775,.T.);
#5773 = VERTEX_POINT('',#5774);
#5774 = CARTESIAN_POINT('',(-2.79456830551,-5.E-02,1.7));
#5775 = LINE('',#5776,#5777);
#5776 = CARTESIAN_POINT('',(-2.79456830551,-5.E-02,1.7));
#5777 = VECTOR('',#5778,1.);
#5778 = DIRECTION('',(-0.,1.,-0.));
#5779 = ORIENTED_EDGE('',*,*,#5780,.T.);
#5780 = EDGE_CURVE('',#5773,#5750,#5781,.T.);
#5781 = LINE('',#5782,#5783);
#5782 = CARTESIAN_POINT('',(-2.79456830551,-5.E-02,1.7));
#5783 = VECTOR('',#5784,1.);
#5784 = DIRECTION('',(-1.,0.,0.));
#5785 = ORIENTED_EDGE('',*,*,#5749,.T.);
#5786 = ORIENTED_EDGE('',*,*,#5787,.T.);
#5787 = EDGE_CURVE('',#5742,#4709,#5788,.T.);
#5788 = LINE('',#5789,#5790);
#5789 = CARTESIAN_POINT('',(0.,5.E-02,1.7));
#5790 = VECTOR('',#5791,1.);
#5791 = DIRECTION('',(1.,-0.,0.));
#5792 = ORIENTED_EDGE('',*,*,#4708,.T.);
#5793 = PLANE('',#5794);
#5794 = AXIS2_PLACEMENT_3D('',#5795,#5796,#5797);
#5795 = CARTESIAN_POINT('',(-2.79456830551,-5.E-02,1.7));
#5796 = DIRECTION('',(-0.,0.,-1.));
#5797 = DIRECTION('',(-1.,0.,0.));
#5798 = ADVANCED_FACE('',(#5799),#5817,.F.);
#5799 = FACE_BOUND('',#5800,.T.);
#5800 = EDGE_LOOP('',(#5801,#5802,#5810,#5816));
#5801 = ORIENTED_EDGE('',*,*,#5448,.T.);
#5802 = ORIENTED_EDGE('',*,*,#5803,.F.);
#5803 = EDGE_CURVE('',#5804,#5441,#5806,.T.);
#5804 = VERTEX_POINT('',#5805);
#5805 = CARTESIAN_POINT('',(-2.79456830551,-5.E-02,0.84));
#5806 = LINE('',#5807,#5808);
#5807 = CARTESIAN_POINT('',(-2.79456830551,-5.E-02,0.84));
#5808 = VECTOR('',#5809,1.);
#5809 = DIRECTION('',(-0.,1.,-0.));
#5810 = ORIENTED_EDGE('',*,*,#5811,.F.);
#5811 = EDGE_CURVE('',#5773,#5804,#5812,.T.);
#5812 = LINE('',#5813,#5814);
#5813 = CARTESIAN_POINT('',(-2.79456830551,-5.E-02,1.7));
#5814 = VECTOR('',#5815,1.);
#5815 = DIRECTION('',(0.,0.,-1.));
#5816 = ORIENTED_EDGE('',*,*,#5772,.T.);
#5817 = PLANE('',#5818);
#5818 = AXIS2_PLACEMENT_3D('',#5819,#5820,#5821);
#5819 = CARTESIAN_POINT('',(-2.79456830551,-5.E-02,1.7));
#5820 = DIRECTION('',(1.,0.,0.));
#5821 = DIRECTION('',(0.,0.,-1.));
#5822 = ADVANCED_FACE('',(#5823),#5850,.T.);
#5823 = FACE_BOUND('',#5824,.T.);
#5824 = EDGE_LOOP('',(#5825,#5826,#5827,#5835,#5843,#5849));
#5825 = ORIENTED_EDGE('',*,*,#5440,.F.);
#5826 = ORIENTED_EDGE('',*,*,#4692,.F.);
#5827 = ORIENTED_EDGE('',*,*,#5828,.F.);
#5828 = EDGE_CURVE('',#5829,#4685,#5831,.T.);
#5829 = VERTEX_POINT('',#5830);
#5830 = CARTESIAN_POINT('',(-3.075,5.E-02,0.84));
#5831 = LINE('',#5832,#5833);
#5832 = CARTESIAN_POINT('',(-3.075,5.E-02,0.84));
#5833 = VECTOR('',#5834,1.);
#5834 = DIRECTION('',(1.,0.,0.));
#5835 = ORIENTED_EDGE('',*,*,#5836,.F.);
#5836 = EDGE_CURVE('',#5837,#5829,#5839,.T.);
#5837 = VERTEX_POINT('',#5838);
#5838 = CARTESIAN_POINT('',(-3.075,-5.E-02,0.84));
#5839 = LINE('',#5840,#5841);
#5840 = CARTESIAN_POINT('',(-3.075,-5.E-02,0.84));
#5841 = VECTOR('',#5842,1.);
#5842 = DIRECTION('',(-0.,1.,-0.));
#5843 = ORIENTED_EDGE('',*,*,#5844,.T.);
#5844 = EDGE_CURVE('',#5837,#5804,#5845,.T.);
#5845 = LINE('',#5846,#5847);
#5846 = CARTESIAN_POINT('',(-3.075,-5.E-02,0.84));
#5847 = VECTOR('',#5848,1.);
#5848 = DIRECTION('',(1.,0.,0.));
#5849 = ORIENTED_EDGE('',*,*,#5803,.T.);
#5850 = PLANE('',#5851);
#5851 = AXIS2_PLACEMENT_3D('',#5852,#5853,#5854);
#5852 = CARTESIAN_POINT('',(-3.075,-5.E-02,0.84));
#5853 = DIRECTION('',(-0.,0.,1.));
#5854 = DIRECTION('',(1.,0.,0.));
#5855 = ADVANCED_FACE('',(#5856),#5881,.F.);
#5856 = FACE_BOUND('',#5857,.T.);
#5857 = EDGE_LOOP('',(#5858,#5859,#5867,#5875));
#5858 = ORIENTED_EDGE('',*,*,#5836,.T.);
#5859 = ORIENTED_EDGE('',*,*,#5860,.F.);
#5860 = EDGE_CURVE('',#5861,#5829,#5863,.T.);
#5861 = VERTEX_POINT('',#5862);
#5862 = CARTESIAN_POINT('',(-3.075,5.E-02,0.43));
#5863 = LINE('',#5864,#5865);
#5864 = CARTESIAN_POINT('',(-3.075,5.E-02,0.43));
#5865 = VECTOR('',#5866,1.);
#5866 = DIRECTION('',(0.,0.,1.));
#5867 = ORIENTED_EDGE('',*,*,#5868,.F.);
#5868 = EDGE_CURVE('',#5869,#5861,#5871,.T.);
#5869 = VERTEX_POINT('',#5870);
#5870 = CARTESIAN_POINT('',(-3.075,-5.E-02,0.43));
#5871 = LINE('',#5872,#5873);
#5872 = CARTESIAN_POINT('',(-3.075,-5.E-02,0.43));
#5873 = VECTOR('',#5874,1.);
#5874 = DIRECTION('',(-0.,1.,-0.));
#5875 = ORIENTED_EDGE('',*,*,#5876,.F.);
#5876 = EDGE_CURVE('',#5837,#5869,#5877,.T.);
#5877 = LINE('',#5878,#5879);
#5878 = CARTESIAN_POINT('',(-3.075,-5.E-02,0.84));
#5879 = VECTOR('',#5880,1.);
#5880 = DIRECTION('',(0.,0.,-1.));
#5881 = PLANE('',#5882);
#5882 = AXIS2_PLACEMENT_3D('',#5883,#5884,#5885);
#5883 = CARTESIAN_POINT('',(-3.075,-5.E-02,0.84));
#5884 = DIRECTION('',(1.,0.,0.));
#5885 = DIRECTION('',(0.,0.,-1.));
#5886 = ADVANCED_FACE('',(#5887),#5912,.F.);
#5887 = FACE_BOUND('',#5888,.T.);
#5888 = EDGE_LOOP('',(#5889,#5890,#5896,#5897,#5898,#5906));
#5889 = ORIENTED_EDGE('',*,*,#5868,.T.);
#5890 = ORIENTED_EDGE('',*,*,#5891,.T.);
#5891 = EDGE_CURVE('',#5861,#4677,#5892,.T.);
#5892 = LINE('',#5893,#5894);
#5893 = CARTESIAN_POINT('',(-3.075,5.E-02,0.43));
#5894 = VECTOR('',#5895,1.);
#5895 = DIRECTION('',(1.,0.,0.));
#5896 = ORIENTED_EDGE('',*,*,#4676,.T.);
#5897 = ORIENTED_EDGE('',*,*,#5252,.T.);
#5898 = ORIENTED_EDGE('',*,*,#5899,.F.);
#5899 = EDGE_CURVE('',#5900,#5245,#5902,.T.);
#5900 = VERTEX_POINT('',#5901);
#5901 = CARTESIAN_POINT('',(-2.79456830551,-5.E-02,0.43));
#5902 = LINE('',#5903,#5904);
#5903 = CARTESIAN_POINT('',(-2.79456830551,-5.E-02,0.43));
#5904 = VECTOR('',#5905,1.);
#5905 = DIRECTION('',(-0.,1.,-0.));
#5906 = ORIENTED_EDGE('',*,*,#5907,.F.);
#5907 = EDGE_CURVE('',#5869,#5900,#5908,.T.);
#5908 = LINE('',#5909,#5910);
#5909 = CARTESIAN_POINT('',(-3.075,-5.E-02,0.43));
#5910 = VECTOR('',#5911,1.);
#5911 = DIRECTION('',(1.,0.,0.));
#5912 = PLANE('',#5913);
#5913 = AXIS2_PLACEMENT_3D('',#5914,#5915,#5916);
#5914 = CARTESIAN_POINT('',(-3.075,-5.E-02,0.43));
#5915 = DIRECTION('',(-0.,0.,1.));
#5916 = DIRECTION('',(1.,0.,0.));
#5917 = ADVANCED_FACE('',(#5918),#5936,.F.);
#5918 = FACE_BOUND('',#5919,.T.);
#5919 = EDGE_LOOP('',(#5920,#5921,#5929,#5935));
#5920 = ORIENTED_EDGE('',*,*,#5244,.T.);
#5921 = ORIENTED_EDGE('',*,*,#5922,.F.);
#5922 = EDGE_CURVE('',#5923,#5237,#5925,.T.);
#5923 = VERTEX_POINT('',#5924);
#5924 = CARTESIAN_POINT('',(-2.79456830551,-5.E-02,-0.43));
#5925 = LINE('',#5926,#5927);
#5926 = CARTESIAN_POINT('',(-2.79456830551,-5.E-02,-0.43));
#5927 = VECTOR('',#5928,1.);
#5928 = DIRECTION('',(-0.,1.,-0.));
#5929 = ORIENTED_EDGE('',*,*,#5930,.F.);
#5930 = EDGE_CURVE('',#5900,#5923,#5931,.T.);
#5931 = LINE('',#5932,#5933);
#5932 = CARTESIAN_POINT('',(-2.79456830551,-5.E-02,0.43));
#5933 = VECTOR('',#5934,1.);
#5934 = DIRECTION('',(0.,-0.,-1.));
#5935 = ORIENTED_EDGE('',*,*,#5899,.T.);
#5936 = PLANE('',#5937);
#5937 = AXIS2_PLACEMENT_3D('',#5938,#5939,#5940);
#5938 = CARTESIAN_POINT('',(-2.79456830551,-5.E-02,0.43));
#5939 = DIRECTION('',(1.,0.,0.));
#5940 = DIRECTION('',(0.,0.,-1.));
#5941 = ADVANCED_FACE('',(#5942),#5969,.T.);
#5942 = FACE_BOUND('',#5943,.T.);
#5943 = EDGE_LOOP('',(#5944,#5945,#5946,#5954,#5962,#5968));
#5944 = ORIENTED_EDGE('',*,*,#5236,.F.);
#5945 = ORIENTED_EDGE('',*,*,#4820,.F.);
#5946 = ORIENTED_EDGE('',*,*,#5947,.F.);
#5947 = EDGE_CURVE('',#5948,#4813,#5950,.T.);
#5948 = VERTEX_POINT('',#5949);
#5949 = CARTESIAN_POINT('',(-3.075,5.E-02,-0.43));
#5950 = LINE('',#5951,#5952);
#5951 = CARTESIAN_POINT('',(0.,5.E-02,-0.43));
#5952 = VECTOR('',#5953,1.);
#5953 = DIRECTION('',(1.,-0.,0.));
#5954 = ORIENTED_EDGE('',*,*,#5955,.F.);
#5955 = EDGE_CURVE('',#5956,#5948,#5958,.T.);
#5956 = VERTEX_POINT('',#5957);
#5957 = CARTESIAN_POINT('',(-3.075,-5.E-02,-0.43));
#5958 = LINE('',#5959,#5960);
#5959 = CARTESIAN_POINT('',(-3.075,-5.E-02,-0.43));
#5960 = VECTOR('',#5961,1.);
#5961 = DIRECTION('',(-0.,1.,-0.));
#5962 = ORIENTED_EDGE('',*,*,#5963,.T.);
#5963 = EDGE_CURVE('',#5956,#5923,#5964,.T.);
#5964 = LINE('',#5965,#5966);
#5965 = CARTESIAN_POINT('',(-3.075,-5.E-02,-0.43));
#5966 = VECTOR('',#5967,1.);
#5967 = DIRECTION('',(1.,0.,0.));
#5968 = ORIENTED_EDGE('',*,*,#5922,.T.);
#5969 = PLANE('',#5970);
#5970 = AXIS2_PLACEMENT_3D('',#5971,#5972,#5973);
#5971 = CARTESIAN_POINT('',(-3.075,-5.E-02,-0.43));
#5972 = DIRECTION('',(-0.,0.,1.));
#5973 = DIRECTION('',(1.,0.,0.));
#5974 = ADVANCED_FACE('',(#5975),#6000,.T.);
#5975 = FACE_BOUND('',#5976,.T.);
#5976 = EDGE_LOOP('',(#5977,#5978,#5986,#5994));
#5977 = ORIENTED_EDGE('',*,*,#5955,.T.);
#5978 = ORIENTED_EDGE('',*,*,#5979,.F.);
#5979 = EDGE_CURVE('',#5980,#5948,#5982,.T.);
#5980 = VERTEX_POINT('',#5981);
#5981 = CARTESIAN_POINT('',(-3.075,5.E-02,-0.84));
#5982 = LINE('',#5983,#5984);
#5983 = CARTESIAN_POINT('',(-3.075,5.E-02,0.));
#5984 = VECTOR('',#5985,1.);
#5985 = DIRECTION('',(0.,0.,1.));
#5986 = ORIENTED_EDGE('',*,*,#5987,.F.);
#5987 = EDGE_CURVE('',#5988,#5980,#5990,.T.);
#5988 = VERTEX_POINT('',#5989);
#5989 = CARTESIAN_POINT('',(-3.075,-5.E-02,-0.84));
#5990 = LINE('',#5991,#5992);
#5991 = CARTESIAN_POINT('',(-3.075,-5.E-02,-0.84));
#5992 = VECTOR('',#5993,1.);
#5993 = DIRECTION('',(-0.,1.,-0.));
#5994 = ORIENTED_EDGE('',*,*,#5995,.T.);
#5995 = EDGE_CURVE('',#5988,#5956,#5996,.T.);
#5996 = LINE('',#5997,#5998);
#5997 = CARTESIAN_POINT('',(-3.075,-5.E-02,-0.84));
#5998 = VECTOR('',#5999,1.);
#5999 = DIRECTION('',(0.,0.,1.));
#6000 = PLANE('',#6001);
#6001 = AXIS2_PLACEMENT_3D('',#6002,#6003,#6004);
#6002 = CARTESIAN_POINT('',(-3.075,-5.E-02,-0.84));
#6003 = DIRECTION('',(-1.,0.,0.));
#6004 = DIRECTION('',(0.,0.,1.));
#6005 = ADVANCED_FACE('',(#6006),#6031,.F.);
#6006 = FACE_BOUND('',#6007,.T.);
#6007 = EDGE_LOOP('',(#6008,#6009,#6015,#6016,#6017,#6025));
#6008 = ORIENTED_EDGE('',*,*,#5987,.T.);
#6009 = ORIENTED_EDGE('',*,*,#6010,.T.);
#6010 = EDGE_CURVE('',#5980,#4805,#6011,.T.);
#6011 = LINE('',#6012,#6013);
#6012 = CARTESIAN_POINT('',(0.,5.E-02,-0.84));
#6013 = VECTOR('',#6014,1.);
#6014 = DIRECTION('',(1.,-0.,0.));
#6015 = ORIENTED_EDGE('',*,*,#4804,.T.);
#6016 = ORIENTED_EDGE('',*,*,#5173,.T.);
#6017 = ORIENTED_EDGE('',*,*,#6018,.F.);
#6018 = EDGE_CURVE('',#6019,#5166,#6021,.T.);
#6019 = VERTEX_POINT('',#6020);
#6020 = CARTESIAN_POINT('',(-2.79456830551,-5.E-02,-0.84));
#6021 = LINE('',#6022,#6023);
#6022 = CARTESIAN_POINT('',(-2.79456830551,-5.E-02,-0.84));
#6023 = VECTOR('',#6024,1.);
#6024 = DIRECTION('',(-0.,1.,-0.));
#6025 = ORIENTED_EDGE('',*,*,#6026,.F.);
#6026 = EDGE_CURVE('',#5988,#6019,#6027,.T.);
#6027 = LINE('',#6028,#6029);
#6028 = CARTESIAN_POINT('',(-3.075,-5.E-02,-0.84));
#6029 = VECTOR('',#6030,1.);
#6030 = DIRECTION('',(1.,0.,0.));
#6031 = PLANE('',#6032);
#6032 = AXIS2_PLACEMENT_3D('',#6033,#6034,#6035);
#6033 = CARTESIAN_POINT('',(-3.075,-5.E-02,-0.84));
#6034 = DIRECTION('',(-0.,0.,1.));
#6035 = DIRECTION('',(1.,0.,0.));
#6036 = ADVANCED_FACE('',(#6037),#6055,.F.);
#6037 = FACE_BOUND('',#6038,.T.);
#6038 = EDGE_LOOP('',(#6039,#6040,#6048,#6054));
#6039 = ORIENTED_EDGE('',*,*,#5165,.T.);
#6040 = ORIENTED_EDGE('',*,*,#6041,.F.);
#6041 = EDGE_CURVE('',#6042,#5158,#6044,.T.);
#6042 = VERTEX_POINT('',#6043);
#6043 = CARTESIAN_POINT('',(-2.79456830551,-5.E-02,-1.7));
#6044 = LINE('',#6045,#6046);
#6045 = CARTESIAN_POINT('',(-2.79456830551,-5.E-02,-1.7));
#6046 = VECTOR('',#6047,1.);
#6047 = DIRECTION('',(-0.,1.,-0.));
#6048 = ORIENTED_EDGE('',*,*,#6049,.F.);
#6049 = EDGE_CURVE('',#6019,#6042,#6050,.T.);
#6050 = LINE('',#6051,#6052);
#6051 = CARTESIAN_POINT('',(-2.79456830551,-5.E-02,-0.84));
#6052 = VECTOR('',#6053,1.);
#6053 = DIRECTION('',(0.,0.,-1.));
#6054 = ORIENTED_EDGE('',*,*,#6018,.T.);
#6055 = PLANE('',#6056);
#6056 = AXIS2_PLACEMENT_3D('',#6057,#6058,#6059);
#6057 = CARTESIAN_POINT('',(-2.79456830551,-5.E-02,-0.84));
#6058 = DIRECTION('',(1.,0.,0.));
#6059 = DIRECTION('',(0.,0.,-1.));
#6060 = ADVANCED_FACE('',(#6061),#6088,.F.);
#6061 = FACE_BOUND('',#6062,.T.);
#6062 = EDGE_LOOP('',(#6063,#6064,#6065,#6073,#6081,#6087));
#6063 = ORIENTED_EDGE('',*,*,#5157,.T.);
#6064 = ORIENTED_EDGE('',*,*,#4788,.F.);
#6065 = ORIENTED_EDGE('',*,*,#6066,.F.);
#6066 = EDGE_CURVE('',#6067,#4781,#6069,.T.);
#6067 = VERTEX_POINT('',#6068);
#6068 = CARTESIAN_POINT('',(-3.075,5.E-02,-1.7));
#6069 = LINE('',#6070,#6071);
#6070 = CARTESIAN_POINT('',(0.,5.E-02,-1.7));
#6071 = VECTOR('',#6072,1.);
#6072 = DIRECTION('',(1.,-0.,0.));
#6073 = ORIENTED_EDGE('',*,*,#6074,.F.);
#6074 = EDGE_CURVE('',#6075,#6067,#6077,.T.);
#6075 = VERTEX_POINT('',#6076);
#6076 = CARTESIAN_POINT('',(-3.075,-5.E-02,-1.7));
#6077 = LINE('',#6078,#6079);
#6078 = CARTESIAN_POINT('',(-3.075,-5.E-02,-1.7));
#6079 = VECTOR('',#6080,1.);
#6080 = DIRECTION('',(-0.,1.,-0.));
#6081 = ORIENTED_EDGE('',*,*,#6082,.F.);
#6082 = EDGE_CURVE('',#6042,#6075,#6083,.T.);
#6083 = LINE('',#6084,#6085);
#6084 = CARTESIAN_POINT('',(-2.79456830551,-5.E-02,-1.7));
#6085 = VECTOR('',#6086,1.);
#6086 = DIRECTION('',(-1.,0.,0.));
#6087 = ORIENTED_EDGE('',*,*,#6041,.T.);
#6088 = PLANE('',#6089);
#6089 = AXIS2_PLACEMENT_3D('',#6090,#6091,#6092);
#6090 = CARTESIAN_POINT('',(-2.79456830551,-5.E-02,-1.7));
#6091 = DIRECTION('',(-0.,0.,-1.));
#6092 = DIRECTION('',(-1.,0.,0.));
#6093 = ADVANCED_FACE('',(#6094),#6119,.F.);
#6094 = FACE_BOUND('',#6095,.T.);
#6095 = EDGE_LOOP('',(#6096,#6097,#6105,#6113));
#6096 = ORIENTED_EDGE('',*,*,#6074,.T.);
#6097 = ORIENTED_EDGE('',*,*,#6098,.F.);
#6098 = EDGE_CURVE('',#6099,#6067,#6101,.T.);
#6099 = VERTEX_POINT('',#6100);
#6100 = CARTESIAN_POINT('',(-3.075,5.E-02,-2.11));
#6101 = LINE('',#6102,#6103);
#6102 = CARTESIAN_POINT('',(-3.075,5.E-02,0.));
#6103 = VECTOR('',#6104,1.);
#6104 = DIRECTION('',(0.,0.,1.));
#6105 = ORIENTED_EDGE('',*,*,#6106,.F.);
#6106 = EDGE_CURVE('',#6107,#6099,#6109,.T.);
#6107 = VERTEX_POINT('',#6108);
#6108 = CARTESIAN_POINT('',(-3.075,-5.E-02,-2.11));
#6109 = LINE('',#6110,#6111);
#6110 = CARTESIAN_POINT('',(-3.075,-5.E-02,-2.11));
#6111 = VECTOR('',#6112,1.);
#6112 = DIRECTION('',(-0.,1.,-0.));
#6113 = ORIENTED_EDGE('',*,*,#6114,.F.);
#6114 = EDGE_CURVE('',#6075,#6107,#6115,.T.);
#6115 = LINE('',#6116,#6117);
#6116 = CARTESIAN_POINT('',(-3.075,-5.E-02,-1.7));
#6117 = VECTOR('',#6118,1.);
#6118 = DIRECTION('',(0.,0.,-1.));
#6119 = PLANE('',#6120);
#6120 = AXIS2_PLACEMENT_3D('',#6121,#6122,#6123);
#6121 = CARTESIAN_POINT('',(-3.075,-5.E-02,-1.7));
#6122 = DIRECTION('',(1.,0.,0.));
#6123 = DIRECTION('',(0.,0.,-1.));
#6124 = ADVANCED_FACE('',(#6125),#6150,.T.);
#6125 = FACE_BOUND('',#6126,.T.);
#6126 = EDGE_LOOP('',(#6127,#6128,#6136,#6142,#6143,#6149));
#6127 = ORIENTED_EDGE('',*,*,#5220,.F.);
#6128 = ORIENTED_EDGE('',*,*,#6129,.F.);
#6129 = EDGE_CURVE('',#6130,#5213,#6132,.T.);
#6130 = VERTEX_POINT('',#6131);
#6131 = CARTESIAN_POINT('',(-2.5,-5.E-02,-2.11));
#6132 = LINE('',#6133,#6134);
#6133 = CARTESIAN_POINT('',(-2.5,-5.E-02,-2.11));
#6134 = VECTOR('',#6135,1.);
#6135 = DIRECTION('',(-0.,1.,-0.));
#6136 = ORIENTED_EDGE('',*,*,#6137,.T.);
#6137 = EDGE_CURVE('',#6130,#6107,#6138,.T.);
#6138 = LINE('',#6139,#6140);
#6139 = CARTESIAN_POINT('',(-2.5,-5.E-02,-2.11));
#6140 = VECTOR('',#6141,1.);
#6141 = DIRECTION('',(-1.,0.,0.));
#6142 = ORIENTED_EDGE('',*,*,#6106,.T.);
#6143 = ORIENTED_EDGE('',*,*,#6144,.T.);
#6144 = EDGE_CURVE('',#6099,#4773,#6145,.T.);
#6145 = LINE('',#6146,#6147);
#6146 = CARTESIAN_POINT('',(0.,5.E-02,-2.11));
#6147 = VECTOR('',#6148,1.);
#6148 = DIRECTION('',(1.,-0.,0.));
#6149 = ORIENTED_EDGE('',*,*,#4772,.T.);
#6150 = PLANE('',#6151);
#6151 = AXIS2_PLACEMENT_3D('',#6152,#6153,#6154);
#6152 = CARTESIAN_POINT('',(-2.5,-5.E-02,-2.11));
#6153 = DIRECTION('',(-0.,0.,-1.));
#6154 = DIRECTION('',(-1.,0.,0.));
#6155 = ADVANCED_FACE('',(#6156),#6174,.T.);
#6156 = FACE_BOUND('',#6157,.T.);
#6157 = EDGE_LOOP('',(#6158,#6159,#6167,#6173));
#6158 = ORIENTED_EDGE('',*,*,#5212,.F.);
#6159 = ORIENTED_EDGE('',*,*,#6160,.F.);
#6160 = EDGE_CURVE('',#6161,#5205,#6163,.T.);
#6161 = VERTEX_POINT('',#6162);
#6162 = CARTESIAN_POINT('',(-2.5,-5.E-02,-2.));
#6163 = LINE('',#6164,#6165);
#6164 = CARTESIAN_POINT('',(-2.5,-5.E-02,-2.));
#6165 = VECTOR('',#6166,1.);
#6166 = DIRECTION('',(-0.,1.,-0.));
#6167 = ORIENTED_EDGE('',*,*,#6168,.T.);
#6168 = EDGE_CURVE('',#6161,#6130,#6169,.T.);
#6169 = LINE('',#6170,#6171);
#6170 = CARTESIAN_POINT('',(-2.5,-5.E-02,-2.));
#6171 = VECTOR('',#6172,1.);
#6172 = DIRECTION('',(0.,0.,-1.));
#6173 = ORIENTED_EDGE('',*,*,#6129,.T.);
#6174 = PLANE('',#6175);
#6175 = AXIS2_PLACEMENT_3D('',#6176,#6177,#6178);
#6176 = CARTESIAN_POINT('',(-2.5,-5.E-02,-2.));
#6177 = DIRECTION('',(1.,0.,0.));
#6178 = DIRECTION('',(0.,0.,-1.));
#6179 = ADVANCED_FACE('',(#6180),#6198,.F.);
#6180 = FACE_BOUND('',#6181,.T.);
#6181 = EDGE_LOOP('',(#6182,#6183,#6191,#6197));
#6182 = ORIENTED_EDGE('',*,*,#5204,.T.);
#6183 = ORIENTED_EDGE('',*,*,#6184,.F.);
#6184 = EDGE_CURVE('',#6185,#5197,#6187,.T.);
#6185 = VERTEX_POINT('',#6186);
#6186 = CARTESIAN_POINT('',(0.5,-5.E-02,-2.));
#6187 = LINE('',#6188,#6189);
#6188 = CARTESIAN_POINT('',(0.5,-5.E-02,-2.));
#6189 = VECTOR('',#6190,1.);
#6190 = DIRECTION('',(-0.,1.,-0.));
#6191 = ORIENTED_EDGE('',*,*,#6192,.F.);
#6192 = EDGE_CURVE('',#6161,#6185,#6193,.T.);
#6193 = LINE('',#6194,#6195);
#6194 = CARTESIAN_POINT('',(-1.461675214725,-5.E-02,-2.));
#6195 = VECTOR('',#6196,1.);
#6196 = DIRECTION('',(1.,0.,-1.105383974215E-15));
#6197 = ORIENTED_EDGE('',*,*,#6160,.T.);
#6198 = PLANE('',#6199);
#6199 = AXIS2_PLACEMENT_3D('',#6200,#6201,#6202);
#6200 = CARTESIAN_POINT('',(-2.5,-5.E-02,-2.));
#6201 = DIRECTION('',(-0.,0.,1.));
#6202 = DIRECTION('',(1.,0.,0.));
#6203 = ADVANCED_FACE('',(#6204),#6231,.T.);
#6204 = FACE_BOUND('',#6205,.T.);
#6205 = EDGE_LOOP('',(#6206,#6207,#6208,#6216,#6224,#6230));
#6206 = ORIENTED_EDGE('',*,*,#5196,.F.);
#6207 = ORIENTED_EDGE('',*,*,#5330,.F.);
#6208 = ORIENTED_EDGE('',*,*,#6209,.F.);
#6209 = EDGE_CURVE('',#6210,#5323,#6212,.T.);
#6210 = VERTEX_POINT('',#6211);
#6211 = CARTESIAN_POINT('',(0.5,5.E-02,-2.575));
#6212 = LINE('',#6213,#6214);
#6213 = CARTESIAN_POINT('',(0.5,5.E-02,-2.602085213965E-15));
#6214 = VECTOR('',#6215,1.);
#6215 = DIRECTION('',(5.20417042793E-15,0.,1.));
#6216 = ORIENTED_EDGE('',*,*,#6217,.F.);
#6217 = EDGE_CURVE('',#6218,#6210,#6220,.T.);
#6218 = VERTEX_POINT('',#6219);
#6219 = CARTESIAN_POINT('',(0.5,-5.E-02,-2.575));
#6220 = LINE('',#6221,#6222);
#6221 = CARTESIAN_POINT('',(0.5,-5.E-02,-2.575));
#6222 = VECTOR('',#6223,1.);
#6223 = DIRECTION('',(-0.,1.,-0.));
#6224 = ORIENTED_EDGE('',*,*,#6225,.T.);
#6225 = EDGE_CURVE('',#6218,#6185,#6226,.T.);
#6226 = LINE('',#6227,#6228);
#6227 = CARTESIAN_POINT('',(0.5,-5.E-02,-2.575));
#6228 = VECTOR('',#6229,1.);
#6229 = DIRECTION('',(-9.314710838397E-14,0.,1.));
#6230 = ORIENTED_EDGE('',*,*,#6184,.T.);
#6231 = PLANE('',#6232);
#6232 = AXIS2_PLACEMENT_3D('',#6233,#6234,#6235);
#6233 = CARTESIAN_POINT('',(0.5,-5.E-02,-2.575));
#6234 = DIRECTION('',(-1.,0.,-9.314710838397E-14));
#6235 = DIRECTION('',(-9.314710838397E-14,0.,1.));
#6236 = ADVANCED_FACE('',(#6237),#6262,.F.);
#6237 = FACE_BOUND('',#6238,.T.);
#6238 = EDGE_LOOP('',(#6239,#6240,#6248,#6256));
#6239 = ORIENTED_EDGE('',*,*,#6217,.T.);
#6240 = ORIENTED_EDGE('',*,*,#6241,.T.);
#6241 = EDGE_CURVE('',#6210,#6242,#6244,.T.);
#6242 = VERTEX_POINT('',#6243);
#6243 = CARTESIAN_POINT('',(0.91,5.E-02,-2.575));
#6244 = LINE('',#6245,#6246);
#6245 = CARTESIAN_POINT('',(0.,5.E-02,-2.575));
#6246 = VECTOR('',#6247,1.);
#6247 = DIRECTION('',(1.,-0.,0.));
#6248 = ORIENTED_EDGE('',*,*,#6249,.F.);
#6249 = EDGE_CURVE('',#6250,#6242,#6252,.T.);
#6250 = VERTEX_POINT('',#6251);
#6251 = CARTESIAN_POINT('',(0.91,-5.E-02,-2.575));
#6252 = LINE('',#6253,#6254);
#6253 = CARTESIAN_POINT('',(0.91,-5.E-02,-2.575));
#6254 = VECTOR('',#6255,1.);
#6255 = DIRECTION('',(-0.,1.,-0.));
#6256 = ORIENTED_EDGE('',*,*,#6257,.F.);
#6257 = EDGE_CURVE('',#6218,#6250,#6258,.T.);
#6258 = LINE('',#6259,#6260);
#6259 = CARTESIAN_POINT('',(0.5,-5.E-02,-2.575));
#6260 = VECTOR('',#6261,1.);
#6261 = DIRECTION('',(1.,0.,1.057758217059E-14));
#6262 = PLANE('',#6263);
#6263 = AXIS2_PLACEMENT_3D('',#6264,#6265,#6266);
#6264 = CARTESIAN_POINT('',(0.5,-5.E-02,-2.575));
#6265 = DIRECTION('',(-1.057758217059E-14,0.,1.));
#6266 = DIRECTION('',(1.,0.,1.057758217059E-14));
#6267 = ADVANCED_FACE('',(#6268),#6293,.F.);
#6268 = FACE_BOUND('',#6269,.T.);
#6269 = EDGE_LOOP('',(#6270,#6271,#6277,#6278,#6279,#6287));
#6270 = ORIENTED_EDGE('',*,*,#6249,.T.);
#6271 = ORIENTED_EDGE('',*,*,#6272,.T.);
#6272 = EDGE_CURVE('',#6242,#5315,#6273,.T.);
#6273 = LINE('',#6274,#6275);
#6274 = CARTESIAN_POINT('',(0.910000000001,5.E-02,-5.035728778421E-13));
#6275 = VECTOR('',#6276,1.);
#6276 = DIRECTION('',(5.533767888366E-13,0.,1.));
#6277 = ORIENTED_EDGE('',*,*,#5314,.T.);
#6278 = ORIENTED_EDGE('',*,*,#5128,.T.);
#6279 = ORIENTED_EDGE('',*,*,#6280,.F.);
#6280 = EDGE_CURVE('',#6281,#5121,#6283,.T.);
#6281 = VERTEX_POINT('',#6282);
#6282 = CARTESIAN_POINT('',(0.91,-5.E-02,-2.));
#6283 = LINE('',#6284,#6285);
#6284 = CARTESIAN_POINT('',(0.91,-5.E-02,-2.));
#6285 = VECTOR('',#6286,1.);
#6286 = DIRECTION('',(-0.,1.,-0.));
#6287 = ORIENTED_EDGE('',*,*,#6288,.F.);
#6288 = EDGE_CURVE('',#6250,#6281,#6289,.T.);
#6289 = LINE('',#6290,#6291);
#6290 = CARTESIAN_POINT('',(0.91,-5.E-02,-2.575));
#6291 = VECTOR('',#6292,1.);
#6292 = DIRECTION('',(7.184017873339E-14,0.,1.));
#6293 = PLANE('',#6294);
#6294 = AXIS2_PLACEMENT_3D('',#6295,#6296,#6297);
#6295 = CARTESIAN_POINT('',(0.91,-5.E-02,-2.575));
#6296 = DIRECTION('',(-1.,0.,7.184017873339E-14));
#6297 = DIRECTION('',(7.184017873339E-14,0.,1.));
#6298 = ADVANCED_FACE('',(#6299),#6317,.F.);
#6299 = FACE_BOUND('',#6300,.T.);
#6300 = EDGE_LOOP('',(#6301,#6302,#6310,#6316));
#6301 = ORIENTED_EDGE('',*,*,#5120,.T.);
#6302 = ORIENTED_EDGE('',*,*,#6303,.F.);
#6303 = EDGE_CURVE('',#6304,#5113,#6306,.T.);
#6304 = VERTEX_POINT('',#6305);
#6305 = CARTESIAN_POINT('',(1.16,-5.E-02,-2.));
#6306 = LINE('',#6307,#6308);
#6307 = CARTESIAN_POINT('',(1.16,-5.E-02,-2.));
#6308 = VECTOR('',#6309,1.);
#6309 = DIRECTION('',(-0.,1.,-0.));
#6310 = ORIENTED_EDGE('',*,*,#6311,.F.);
#6311 = EDGE_CURVE('',#6281,#6304,#6312,.T.);
#6312 = LINE('',#6313,#6314);
#6313 = CARTESIAN_POINT('',(0.91,-5.E-02,-2.));
#6314 = VECTOR('',#6315,1.);
#6315 = DIRECTION('',(1.,0.,-3.469446951955E-14));
#6316 = ORIENTED_EDGE('',*,*,#6280,.T.);
#6317 = PLANE('',#6318);
#6318 = AXIS2_PLACEMENT_3D('',#6319,#6320,#6321);
#6319 = CARTESIAN_POINT('',(0.91,-5.E-02,-2.));
#6320 = DIRECTION('',(3.469446951955E-14,0.,1.));
#6321 = DIRECTION('',(1.,0.,-3.469446951955E-14));
#6322 = ADVANCED_FACE('',(#6323),#6341,.T.);
#6323 = FACE_BOUND('',#6324,.T.);
#6324 = EDGE_LOOP('',(#6325,#6326,#6334,#6340));
#6325 = ORIENTED_EDGE('',*,*,#5112,.F.);
#6326 = ORIENTED_EDGE('',*,*,#6327,.F.);
#6327 = EDGE_CURVE('',#6328,#5105,#6330,.T.);
#6328 = VERTEX_POINT('',#6329);
#6329 = CARTESIAN_POINT('',(1.16,-5.E-02,2.));
#6330 = LINE('',#6331,#6332);
#6331 = CARTESIAN_POINT('',(1.16,-5.E-02,2.));
#6332 = VECTOR('',#6333,1.);
#6333 = DIRECTION('',(-0.,1.,-0.));
#6334 = ORIENTED_EDGE('',*,*,#6335,.T.);
#6335 = EDGE_CURVE('',#6328,#6304,#6336,.T.);
#6336 = LINE('',#6337,#6338);
#6337 = CARTESIAN_POINT('',(1.16,-5.E-02,2.));
#6338 = VECTOR('',#6339,1.);
#6339 = DIRECTION('',(0.,0.,-1.));
#6340 = ORIENTED_EDGE('',*,*,#6303,.T.);
#6341 = PLANE('',#6342);
#6342 = AXIS2_PLACEMENT_3D('',#6343,#6344,#6345);
#6343 = CARTESIAN_POINT('',(1.16,-5.E-02,2.));
#6344 = DIRECTION('',(1.,0.,0.));
#6345 = DIRECTION('',(0.,0.,-1.));
#6346 = ADVANCED_FACE('',(#6347),#6365,.T.);
#6347 = FACE_BOUND('',#6348,.T.);
#6348 = EDGE_LOOP('',(#6349,#6350,#6358,#6364));
#6349 = ORIENTED_EDGE('',*,*,#5104,.F.);
#6350 = ORIENTED_EDGE('',*,*,#6351,.F.);
#6351 = EDGE_CURVE('',#6352,#5097,#6354,.T.);
#6352 = VERTEX_POINT('',#6353);
#6353 = CARTESIAN_POINT('',(0.91,-5.E-02,2.));
#6354 = LINE('',#6355,#6356);
#6355 = CARTESIAN_POINT('',(0.91,-5.E-02,2.));
#6356 = VECTOR('',#6357,1.);
#6357 = DIRECTION('',(-0.,1.,-0.));
#6358 = ORIENTED_EDGE('',*,*,#6359,.T.);
#6359 = EDGE_CURVE('',#6352,#6328,#6360,.T.);
#6360 = LINE('',#6361,#6362);
#6361 = CARTESIAN_POINT('',(0.91,-5.E-02,2.));
#6362 = VECTOR('',#6363,1.);
#6363 = DIRECTION('',(1.,0.,0.));
#6364 = ORIENTED_EDGE('',*,*,#6327,.T.);
#6365 = PLANE('',#6366);
#6366 = AXIS2_PLACEMENT_3D('',#6367,#6368,#6369);
#6367 = CARTESIAN_POINT('',(0.91,-5.E-02,2.));
#6368 = DIRECTION('',(-0.,0.,1.));
#6369 = DIRECTION('',(1.,0.,0.));
#6370 = ADVANCED_FACE('',(#6371),#6389,.T.);
#6371 = FACE_BOUND('',#6372,.T.);
#6372 = EDGE_LOOP('',(#6373,#6374,#6375,#6381,#6382,#6388));
#6373 = ORIENTED_EDGE('',*,*,#5096,.F.);
#6374 = ORIENTED_EDGE('',*,*,#5370,.F.);
#6375 = ORIENTED_EDGE('',*,*,#6376,.F.);
#6376 = EDGE_CURVE('',#5591,#5363,#6377,.T.);
#6377 = LINE('',#6378,#6379);
#6378 = CARTESIAN_POINT('',(0.91,5.E-02,1.578598363139E-15));
#6379 = VECTOR('',#6380,1.);
#6380 = DIRECTION('',(1.734723475977E-15,0.,-1.));
#6381 = ORIENTED_EDGE('',*,*,#5588,.F.);
#6382 = ORIENTED_EDGE('',*,*,#6383,.T.);
#6383 = EDGE_CURVE('',#5589,#6352,#6384,.T.);
#6384 = LINE('',#6385,#6386);
#6385 = CARTESIAN_POINT('',(0.91,-5.E-02,2.575));
#6386 = VECTOR('',#6387,1.);
#6387 = DIRECTION('',(1.998703135365E-14,0.,-1.));
#6388 = ORIENTED_EDGE('',*,*,#6351,.T.);
#6389 = PLANE('',#6390);
#6390 = AXIS2_PLACEMENT_3D('',#6391,#6392,#6393);
#6391 = CARTESIAN_POINT('',(0.91,-5.E-02,2.575));
#6392 = DIRECTION('',(1.,0.,1.998703135365E-14));
#6393 = DIRECTION('',(1.998703135365E-14,0.,-1.));
#6394 = ADVANCED_FACE('',(#6395),#6425,.F.);
#6395 = FACE_BOUND('',#6396,.T.);
#6396 = EDGE_LOOP('',(#6397,#6398,#6399,#6400,#6401,#6402,#6403,#6404,
    #6405,#6406,#6407,#6408,#6409,#6410,#6411,#6412,#6413,#6414,#6415,
    #6416,#6417,#6418,#6419,#6420,#6421,#6422,#6423,#6424));
#6397 = ORIENTED_EDGE('',*,*,#5614,.F.);
#6398 = ORIENTED_EDGE('',*,*,#5645,.T.);
#6399 = ORIENTED_EDGE('',*,*,#5668,.F.);
#6400 = ORIENTED_EDGE('',*,*,#5692,.F.);
#6401 = ORIENTED_EDGE('',*,*,#5725,.T.);
#6402 = ORIENTED_EDGE('',*,*,#5757,.T.);
#6403 = ORIENTED_EDGE('',*,*,#5780,.F.);
#6404 = ORIENTED_EDGE('',*,*,#5811,.T.);
#6405 = ORIENTED_EDGE('',*,*,#5844,.F.);
#6406 = ORIENTED_EDGE('',*,*,#5876,.T.);
#6407 = ORIENTED_EDGE('',*,*,#5907,.T.);
#6408 = ORIENTED_EDGE('',*,*,#5930,.T.);
#6409 = ORIENTED_EDGE('',*,*,#5963,.F.);
#6410 = ORIENTED_EDGE('',*,*,#5995,.F.);
#6411 = ORIENTED_EDGE('',*,*,#6026,.T.);
#6412 = ORIENTED_EDGE('',*,*,#6049,.T.);
#6413 = ORIENTED_EDGE('',*,*,#6082,.T.);
#6414 = ORIENTED_EDGE('',*,*,#6114,.T.);
#6415 = ORIENTED_EDGE('',*,*,#6137,.F.);
#6416 = ORIENTED_EDGE('',*,*,#6168,.F.);
#6417 = ORIENTED_EDGE('',*,*,#6192,.T.);
#6418 = ORIENTED_EDGE('',*,*,#6225,.F.);
#6419 = ORIENTED_EDGE('',*,*,#6257,.T.);
#6420 = ORIENTED_EDGE('',*,*,#6288,.T.);
#6421 = ORIENTED_EDGE('',*,*,#6311,.T.);
#6422 = ORIENTED_EDGE('',*,*,#6335,.F.);
#6423 = ORIENTED_EDGE('',*,*,#6359,.F.);
#6424 = ORIENTED_EDGE('',*,*,#6383,.F.);
#6425 = PLANE('',#6426);
#6426 = AXIS2_PLACEMENT_3D('',#6427,#6428,#6429);
#6427 = CARTESIAN_POINT('',(0.,-5.E-02,0.));
#6428 = DIRECTION('',(-0.,1.,0.));
#6429 = DIRECTION('',(0.,0.,1.));
#6430 = ADVANCED_FACE('',(#6431),#6465,.T.);
#6431 = FACE_BOUND('',#6432,.T.);
#6432 = EDGE_LOOP('',(#6433,#6434,#6442,#6450,#6458,#6464));
#6433 = ORIENTED_EDGE('',*,*,#5081,.F.);
#6434 = ORIENTED_EDGE('',*,*,#6435,.F.);
#6435 = EDGE_CURVE('',#6436,#5074,#6438,.T.);
#6436 = VERTEX_POINT('',#6437);
#6437 = CARTESIAN_POINT('',(2.5,-5.E-02,2.11));
#6438 = LINE('',#6439,#6440);
#6439 = CARTESIAN_POINT('',(2.5,-5.E-02,2.11));
#6440 = VECTOR('',#6441,1.);
#6441 = DIRECTION('',(-0.,1.,-0.));
#6442 = ORIENTED_EDGE('',*,*,#6443,.T.);
#6443 = EDGE_CURVE('',#6436,#6444,#6446,.T.);
#6444 = VERTEX_POINT('',#6445);
#6445 = CARTESIAN_POINT('',(3.075,-5.E-02,2.11));
#6446 = LINE('',#6447,#6448);
#6447 = CARTESIAN_POINT('',(2.5,-5.E-02,2.11));
#6448 = VECTOR('',#6449,1.);
#6449 = DIRECTION('',(1.,0.,0.));
#6450 = ORIENTED_EDGE('',*,*,#6451,.T.);
#6451 = EDGE_CURVE('',#6444,#6452,#6454,.T.);
#6452 = VERTEX_POINT('',#6453);
#6453 = CARTESIAN_POINT('',(3.075,5.E-02,2.11));
#6454 = LINE('',#6455,#6456);
#6455 = CARTESIAN_POINT('',(3.075,-5.E-02,2.11));
#6456 = VECTOR('',#6457,1.);
#6457 = DIRECTION('',(-0.,1.,-0.));
#6458 = ORIENTED_EDGE('',*,*,#6459,.F.);
#6459 = EDGE_CURVE('',#4837,#6452,#6460,.T.);
#6460 = LINE('',#6461,#6462);
#6461 = CARTESIAN_POINT('',(2.945,5.E-02,2.11));
#6462 = VECTOR('',#6463,1.);
#6463 = DIRECTION('',(1.,0.,0.));
#6464 = ORIENTED_EDGE('',*,*,#4988,.T.);
#6465 = PLANE('',#6466);
#6466 = AXIS2_PLACEMENT_3D('',#6467,#6468,#6469);
#6467 = CARTESIAN_POINT('',(2.5,-5.E-02,2.11));
#6468 = DIRECTION('',(-0.,0.,1.));
#6469 = DIRECTION('',(1.,0.,0.));
#6470 = ADVANCED_FACE('',(#6471),#6489,.F.);
#6471 = FACE_BOUND('',#6472,.T.);
#6472 = EDGE_LOOP('',(#6473,#6474,#6482,#6488));
#6473 = ORIENTED_EDGE('',*,*,#5073,.T.);
#6474 = ORIENTED_EDGE('',*,*,#6475,.F.);
#6475 = EDGE_CURVE('',#6476,#5066,#6478,.T.);
#6476 = VERTEX_POINT('',#6477);
#6477 = CARTESIAN_POINT('',(2.5,-5.E-02,1.7));
#6478 = LINE('',#6479,#6480);
#6479 = CARTESIAN_POINT('',(2.5,-5.E-02,1.7));
#6480 = VECTOR('',#6481,1.);
#6481 = DIRECTION('',(-0.,1.,-0.));
#6482 = ORIENTED_EDGE('',*,*,#6483,.F.);
#6483 = EDGE_CURVE('',#6436,#6476,#6484,.T.);
#6484 = LINE('',#6485,#6486);
#6485 = CARTESIAN_POINT('',(2.5,-5.E-02,2.11));
#6486 = VECTOR('',#6487,1.);
#6487 = DIRECTION('',(0.,0.,-1.));
#6488 = ORIENTED_EDGE('',*,*,#6435,.T.);
#6489 = PLANE('',#6490);
#6490 = AXIS2_PLACEMENT_3D('',#6491,#6492,#6493);
#6491 = CARTESIAN_POINT('',(2.5,-5.E-02,2.11));
#6492 = DIRECTION('',(1.,0.,0.));
#6493 = DIRECTION('',(0.,0.,-1.));
#6494 = ADVANCED_FACE('',(#6495),#6522,.F.);
#6495 = FACE_BOUND('',#6496,.T.);
#6496 = EDGE_LOOP('',(#6497,#6498,#6499,#6507,#6515,#6521));
#6497 = ORIENTED_EDGE('',*,*,#5065,.T.);
#6498 = ORIENTED_EDGE('',*,*,#4844,.F.);
#6499 = ORIENTED_EDGE('',*,*,#6500,.T.);
#6500 = EDGE_CURVE('',#4835,#6501,#6503,.T.);
#6501 = VERTEX_POINT('',#6502);
#6502 = CARTESIAN_POINT('',(3.075,5.E-02,1.7));
#6503 = LINE('',#6504,#6505);
#6504 = CARTESIAN_POINT('',(2.945,5.E-02,1.7));
#6505 = VECTOR('',#6506,1.);
#6506 = DIRECTION('',(1.,0.,0.));
#6507 = ORIENTED_EDGE('',*,*,#6508,.F.);
#6508 = EDGE_CURVE('',#6509,#6501,#6511,.T.);
#6509 = VERTEX_POINT('',#6510);
#6510 = CARTESIAN_POINT('',(3.075,-5.E-02,1.7));
#6511 = LINE('',#6512,#6513);
#6512 = CARTESIAN_POINT('',(3.075,-5.E-02,1.7));
#6513 = VECTOR('',#6514,1.);
#6514 = DIRECTION('',(-0.,1.,-0.));
#6515 = ORIENTED_EDGE('',*,*,#6516,.F.);
#6516 = EDGE_CURVE('',#6476,#6509,#6517,.T.);
#6517 = LINE('',#6518,#6519);
#6518 = CARTESIAN_POINT('',(2.5,-5.E-02,1.7));
#6519 = VECTOR('',#6520,1.);
#6520 = DIRECTION('',(1.,0.,3.771137991254E-16));
#6521 = ORIENTED_EDGE('',*,*,#6475,.T.);
#6522 = PLANE('',#6523);
#6523 = AXIS2_PLACEMENT_3D('',#6524,#6525,#6526);
#6524 = CARTESIAN_POINT('',(2.5,-5.E-02,1.7));
#6525 = DIRECTION('',(-3.771137991254E-16,0.,1.));
#6526 = DIRECTION('',(1.,0.,3.771137991254E-16));
#6527 = ADVANCED_FACE('',(#6528),#6544,.T.);
#6528 = FACE_BOUND('',#6529,.T.);
#6529 = EDGE_LOOP('',(#6530,#6531,#6537,#6538));
#6530 = ORIENTED_EDGE('',*,*,#6508,.T.);
#6531 = ORIENTED_EDGE('',*,*,#6532,.T.);
#6532 = EDGE_CURVE('',#6501,#6452,#6533,.T.);
#6533 = LINE('',#6534,#6535);
#6534 = CARTESIAN_POINT('',(3.075,5.E-02,1.7));
#6535 = VECTOR('',#6536,1.);
#6536 = DIRECTION('',(0.,0.,1.));
#6537 = ORIENTED_EDGE('',*,*,#6451,.F.);
#6538 = ORIENTED_EDGE('',*,*,#6539,.T.);
#6539 = EDGE_CURVE('',#6444,#6509,#6540,.T.);
#6540 = LINE('',#6541,#6542);
#6541 = CARTESIAN_POINT('',(3.075,-5.E-02,2.11));
#6542 = VECTOR('',#6543,1.);
#6543 = DIRECTION('',(0.,0.,-1.));
#6544 = PLANE('',#6545);
#6545 = AXIS2_PLACEMENT_3D('',#6546,#6547,#6548);
#6546 = CARTESIAN_POINT('',(3.075,-5.E-02,2.11));
#6547 = DIRECTION('',(1.,0.,0.));
#6548 = DIRECTION('',(0.,0.,-1.));
#6549 = ADVANCED_FACE('',(#6550),#6556,.F.);
#6550 = FACE_BOUND('',#6551,.T.);
#6551 = EDGE_LOOP('',(#6552,#6553,#6554,#6555));
#6552 = ORIENTED_EDGE('',*,*,#6443,.F.);
#6553 = ORIENTED_EDGE('',*,*,#6483,.T.);
#6554 = ORIENTED_EDGE('',*,*,#6516,.T.);
#6555 = ORIENTED_EDGE('',*,*,#6539,.F.);
#6556 = PLANE('',#6557);
#6557 = AXIS2_PLACEMENT_3D('',#6558,#6559,#6560);
#6558 = CARTESIAN_POINT('',(0.,-5.E-02,0.));
#6559 = DIRECTION('',(-0.,1.,0.));
#6560 = DIRECTION('',(0.,0.,1.));
#6561 = ADVANCED_FACE('',(#6562),#6596,.T.);
#6562 = FACE_BOUND('',#6563,.T.);
#6563 = EDGE_LOOP('',(#6564,#6565,#6573,#6581,#6589,#6595));
#6564 = ORIENTED_EDGE('',*,*,#5058,.F.);
#6565 = ORIENTED_EDGE('',*,*,#6566,.F.);
#6566 = EDGE_CURVE('',#6567,#5051,#6569,.T.);
#6567 = VERTEX_POINT('',#6568);
#6568 = CARTESIAN_POINT('',(2.5,-5.E-02,0.84));
#6569 = LINE('',#6570,#6571);
#6570 = CARTESIAN_POINT('',(2.5,-5.E-02,0.84));
#6571 = VECTOR('',#6572,1.);
#6572 = DIRECTION('',(-0.,1.,-0.));
#6573 = ORIENTED_EDGE('',*,*,#6574,.T.);
#6574 = EDGE_CURVE('',#6567,#6575,#6577,.T.);
#6575 = VERTEX_POINT('',#6576);
#6576 = CARTESIAN_POINT('',(3.075,-5.E-02,0.84));
#6577 = LINE('',#6578,#6579);
#6578 = CARTESIAN_POINT('',(2.5,-5.E-02,0.84));
#6579 = VECTOR('',#6580,1.);
#6580 = DIRECTION('',(1.,0.,0.));
#6581 = ORIENTED_EDGE('',*,*,#6582,.T.);
#6582 = EDGE_CURVE('',#6575,#6583,#6585,.T.);
#6583 = VERTEX_POINT('',#6584);
#6584 = CARTESIAN_POINT('',(3.075,5.E-02,0.84));
#6585 = LINE('',#6586,#6587);
#6586 = CARTESIAN_POINT('',(3.075,-5.E-02,0.84));
#6587 = VECTOR('',#6588,1.);
#6588 = DIRECTION('',(-0.,1.,-0.));
#6589 = ORIENTED_EDGE('',*,*,#6590,.F.);
#6590 = EDGE_CURVE('',#4861,#6583,#6591,.T.);
#6591 = LINE('',#6592,#6593);
#6592 = CARTESIAN_POINT('',(0.,5.E-02,0.84));
#6593 = VECTOR('',#6594,1.);
#6594 = DIRECTION('',(1.,-0.,0.));
#6595 = ORIENTED_EDGE('',*,*,#4860,.T.);
#6596 = PLANE('',#6597);
#6597 = AXIS2_PLACEMENT_3D('',#6598,#6599,#6600);
#6598 = CARTESIAN_POINT('',(2.5,-5.E-02,0.84));
#6599 = DIRECTION('',(-0.,0.,1.));
#6600 = DIRECTION('',(1.,0.,0.));
#6601 = ADVANCED_FACE('',(#6602),#6620,.F.);
#6602 = FACE_BOUND('',#6603,.T.);
#6603 = EDGE_LOOP('',(#6604,#6605,#6613,#6619));
#6604 = ORIENTED_EDGE('',*,*,#5050,.T.);
#6605 = ORIENTED_EDGE('',*,*,#6606,.F.);
#6606 = EDGE_CURVE('',#6607,#5043,#6609,.T.);
#6607 = VERTEX_POINT('',#6608);
#6608 = CARTESIAN_POINT('',(2.5,-5.E-02,0.43));
#6609 = LINE('',#6610,#6611);
#6610 = CARTESIAN_POINT('',(2.5,-5.E-02,0.43));
#6611 = VECTOR('',#6612,1.);
#6612 = DIRECTION('',(-0.,1.,-0.));
#6613 = ORIENTED_EDGE('',*,*,#6614,.F.);
#6614 = EDGE_CURVE('',#6567,#6607,#6615,.T.);
#6615 = LINE('',#6616,#6617);
#6616 = CARTESIAN_POINT('',(2.5,-5.E-02,0.84));
#6617 = VECTOR('',#6618,1.);
#6618 = DIRECTION('',(0.,0.,-1.));
#6619 = ORIENTED_EDGE('',*,*,#6566,.T.);
#6620 = PLANE('',#6621);
#6621 = AXIS2_PLACEMENT_3D('',#6622,#6623,#6624);
#6622 = CARTESIAN_POINT('',(2.5,-5.E-02,0.84));
#6623 = DIRECTION('',(1.,0.,0.));
#6624 = DIRECTION('',(0.,0.,-1.));
#6625 = ADVANCED_FACE('',(#6626),#6653,.F.);
#6626 = FACE_BOUND('',#6627,.T.);
#6627 = EDGE_LOOP('',(#6628,#6629,#6630,#6638,#6646,#6652));
#6628 = ORIENTED_EDGE('',*,*,#5042,.T.);
#6629 = ORIENTED_EDGE('',*,*,#4876,.F.);
#6630 = ORIENTED_EDGE('',*,*,#6631,.T.);
#6631 = EDGE_CURVE('',#4869,#6632,#6634,.T.);
#6632 = VERTEX_POINT('',#6633);
#6633 = CARTESIAN_POINT('',(3.075,5.E-02,0.43));
#6634 = LINE('',#6635,#6636);
#6635 = CARTESIAN_POINT('',(0.,5.E-02,0.43));
#6636 = VECTOR('',#6637,1.);
#6637 = DIRECTION('',(1.,-0.,0.));
#6638 = ORIENTED_EDGE('',*,*,#6639,.F.);
#6639 = EDGE_CURVE('',#6640,#6632,#6642,.T.);
#6640 = VERTEX_POINT('',#6641);
#6641 = CARTESIAN_POINT('',(3.075,-5.E-02,0.43));
#6642 = LINE('',#6643,#6644);
#6643 = CARTESIAN_POINT('',(3.075,-5.E-02,0.43));
#6644 = VECTOR('',#6645,1.);
#6645 = DIRECTION('',(-0.,1.,-0.));
#6646 = ORIENTED_EDGE('',*,*,#6647,.F.);
#6647 = EDGE_CURVE('',#6607,#6640,#6648,.T.);
#6648 = LINE('',#6649,#6650);
#6649 = CARTESIAN_POINT('',(2.5,-5.E-02,0.43));
#6650 = VECTOR('',#6651,1.);
#6651 = DIRECTION('',(1.,0.,3.771137991254E-16));
#6652 = ORIENTED_EDGE('',*,*,#6606,.T.);
#6653 = PLANE('',#6654);
#6654 = AXIS2_PLACEMENT_3D('',#6655,#6656,#6657);
#6655 = CARTESIAN_POINT('',(2.5,-5.E-02,0.43));
#6656 = DIRECTION('',(-3.771137991254E-16,0.,1.));
#6657 = DIRECTION('',(1.,0.,3.771137991254E-16));
#6658 = ADVANCED_FACE('',(#6659),#6675,.T.);
#6659 = FACE_BOUND('',#6660,.T.);
#6660 = EDGE_LOOP('',(#6661,#6662,#6668,#6669));
#6661 = ORIENTED_EDGE('',*,*,#6639,.T.);
#6662 = ORIENTED_EDGE('',*,*,#6663,.T.);
#6663 = EDGE_CURVE('',#6632,#6583,#6664,.T.);
#6664 = LINE('',#6665,#6666);
#6665 = CARTESIAN_POINT('',(3.075,5.E-02,0.));
#6666 = VECTOR('',#6667,1.);
#6667 = DIRECTION('',(0.,0.,1.));
#6668 = ORIENTED_EDGE('',*,*,#6582,.F.);
#6669 = ORIENTED_EDGE('',*,*,#6670,.T.);
#6670 = EDGE_CURVE('',#6575,#6640,#6671,.T.);
#6671 = LINE('',#6672,#6673);
#6672 = CARTESIAN_POINT('',(3.075,-5.E-02,0.84));
#6673 = VECTOR('',#6674,1.);
#6674 = DIRECTION('',(0.,0.,-1.));
#6675 = PLANE('',#6676);
#6676 = AXIS2_PLACEMENT_3D('',#6677,#6678,#6679);
#6677 = CARTESIAN_POINT('',(3.075,-5.E-02,0.84));
#6678 = DIRECTION('',(1.,0.,0.));
#6679 = DIRECTION('',(0.,0.,-1.));
#6680 = ADVANCED_FACE('',(#6681),#6687,.F.);
#6681 = FACE_BOUND('',#6682,.T.);
#6682 = EDGE_LOOP('',(#6683,#6684,#6685,#6686));
#6683 = ORIENTED_EDGE('',*,*,#6574,.F.);
#6684 = ORIENTED_EDGE('',*,*,#6614,.T.);
#6685 = ORIENTED_EDGE('',*,*,#6647,.T.);
#6686 = ORIENTED_EDGE('',*,*,#6670,.F.);
#6687 = PLANE('',#6688);
#6688 = AXIS2_PLACEMENT_3D('',#6689,#6690,#6691);
#6689 = CARTESIAN_POINT('',(0.,-5.E-02,0.));
#6690 = DIRECTION('',(-0.,1.,0.));
#6691 = DIRECTION('',(0.,0.,1.));
#6692 = ADVANCED_FACE('',(#6693),#6727,.T.);
#6693 = FACE_BOUND('',#6694,.T.);
#6694 = EDGE_LOOP('',(#6695,#6696,#6704,#6712,#6720,#6726));
#6695 = ORIENTED_EDGE('',*,*,#5035,.F.);
#6696 = ORIENTED_EDGE('',*,*,#6697,.F.);
#6697 = EDGE_CURVE('',#6698,#5028,#6700,.T.);
#6698 = VERTEX_POINT('',#6699);
#6699 = CARTESIAN_POINT('',(2.5,-5.E-02,-0.43));
#6700 = LINE('',#6701,#6702);
#6701 = CARTESIAN_POINT('',(2.5,-5.E-02,-0.43));
#6702 = VECTOR('',#6703,1.);
#6703 = DIRECTION('',(-0.,1.,-0.));
#6704 = ORIENTED_EDGE('',*,*,#6705,.T.);
#6705 = EDGE_CURVE('',#6698,#6706,#6708,.T.);
#6706 = VERTEX_POINT('',#6707);
#6707 = CARTESIAN_POINT('',(3.075,-5.E-02,-0.43));
#6708 = LINE('',#6709,#6710);
#6709 = CARTESIAN_POINT('',(2.5,-5.E-02,-0.43));
#6710 = VECTOR('',#6711,1.);
#6711 = DIRECTION('',(1.,0.,0.));
#6712 = ORIENTED_EDGE('',*,*,#6713,.T.);
#6713 = EDGE_CURVE('',#6706,#6714,#6716,.T.);
#6714 = VERTEX_POINT('',#6715);
#6715 = CARTESIAN_POINT('',(3.075,5.E-02,-0.43));
#6716 = LINE('',#6717,#6718);
#6717 = CARTESIAN_POINT('',(3.075,-5.E-02,-0.43));
#6718 = VECTOR('',#6719,1.);
#6719 = DIRECTION('',(-0.,1.,-0.));
#6720 = ORIENTED_EDGE('',*,*,#6721,.F.);
#6721 = EDGE_CURVE('',#4893,#6714,#6722,.T.);
#6722 = LINE('',#6723,#6724);
#6723 = CARTESIAN_POINT('',(0.,5.E-02,-0.43));
#6724 = VECTOR('',#6725,1.);
#6725 = DIRECTION('',(1.,-0.,0.));
#6726 = ORIENTED_EDGE('',*,*,#4892,.T.);
#6727 = PLANE('',#6728);
#6728 = AXIS2_PLACEMENT_3D('',#6729,#6730,#6731);
#6729 = CARTESIAN_POINT('',(2.5,-5.E-02,-0.43));
#6730 = DIRECTION('',(-0.,0.,1.));
#6731 = DIRECTION('',(1.,0.,0.));
#6732 = ADVANCED_FACE('',(#6733),#6751,.F.);
#6733 = FACE_BOUND('',#6734,.T.);
#6734 = EDGE_LOOP('',(#6735,#6736,#6744,#6750));
#6735 = ORIENTED_EDGE('',*,*,#5027,.T.);
#6736 = ORIENTED_EDGE('',*,*,#6737,.F.);
#6737 = EDGE_CURVE('',#6738,#5020,#6740,.T.);
#6738 = VERTEX_POINT('',#6739);
#6739 = CARTESIAN_POINT('',(2.5,-5.E-02,-0.84));
#6740 = LINE('',#6741,#6742);
#6741 = CARTESIAN_POINT('',(2.5,-5.E-02,-0.84));
#6742 = VECTOR('',#6743,1.);
#6743 = DIRECTION('',(-0.,1.,-0.));
#6744 = ORIENTED_EDGE('',*,*,#6745,.F.);
#6745 = EDGE_CURVE('',#6698,#6738,#6746,.T.);
#6746 = LINE('',#6747,#6748);
#6747 = CARTESIAN_POINT('',(2.5,-5.E-02,-0.43));
#6748 = VECTOR('',#6749,1.);
#6749 = DIRECTION('',(0.,0.,-1.));
#6750 = ORIENTED_EDGE('',*,*,#6697,.T.);
#6751 = PLANE('',#6752);
#6752 = AXIS2_PLACEMENT_3D('',#6753,#6754,#6755);
#6753 = CARTESIAN_POINT('',(2.5,-5.E-02,-0.43));
#6754 = DIRECTION('',(1.,0.,0.));
#6755 = DIRECTION('',(0.,0.,-1.));
#6756 = ADVANCED_FACE('',(#6757),#6784,.F.);
#6757 = FACE_BOUND('',#6758,.T.);
#6758 = EDGE_LOOP('',(#6759,#6760,#6761,#6769,#6777,#6783));
#6759 = ORIENTED_EDGE('',*,*,#5019,.T.);
#6760 = ORIENTED_EDGE('',*,*,#4908,.F.);
#6761 = ORIENTED_EDGE('',*,*,#6762,.T.);
#6762 = EDGE_CURVE('',#4901,#6763,#6765,.T.);
#6763 = VERTEX_POINT('',#6764);
#6764 = CARTESIAN_POINT('',(3.075,5.E-02,-0.84));
#6765 = LINE('',#6766,#6767);
#6766 = CARTESIAN_POINT('',(0.,5.E-02,-0.84));
#6767 = VECTOR('',#6768,1.);
#6768 = DIRECTION('',(1.,-0.,0.));
#6769 = ORIENTED_EDGE('',*,*,#6770,.F.);
#6770 = EDGE_CURVE('',#6771,#6763,#6773,.T.);
#6771 = VERTEX_POINT('',#6772);
#6772 = CARTESIAN_POINT('',(3.075,-5.E-02,-0.84));
#6773 = LINE('',#6774,#6775);
#6774 = CARTESIAN_POINT('',(3.075,-5.E-02,-0.84));
#6775 = VECTOR('',#6776,1.);
#6776 = DIRECTION('',(-0.,1.,-0.));
#6777 = ORIENTED_EDGE('',*,*,#6778,.F.);
#6778 = EDGE_CURVE('',#6738,#6771,#6779,.T.);
#6779 = LINE('',#6780,#6781);
#6780 = CARTESIAN_POINT('',(2.5,-5.E-02,-0.84));
#6781 = VECTOR('',#6782,1.);
#6782 = DIRECTION('',(1.,0.,3.771137991254E-16));
#6783 = ORIENTED_EDGE('',*,*,#6737,.T.);
#6784 = PLANE('',#6785);
#6785 = AXIS2_PLACEMENT_3D('',#6786,#6787,#6788);
#6786 = CARTESIAN_POINT('',(2.5,-5.E-02,-0.84));
#6787 = DIRECTION('',(-3.771137991254E-16,0.,1.));
#6788 = DIRECTION('',(1.,0.,3.771137991254E-16));
#6789 = ADVANCED_FACE('',(#6790),#6806,.T.);
#6790 = FACE_BOUND('',#6791,.T.);
#6791 = EDGE_LOOP('',(#6792,#6793,#6799,#6800));
#6792 = ORIENTED_EDGE('',*,*,#6770,.T.);
#6793 = ORIENTED_EDGE('',*,*,#6794,.T.);
#6794 = EDGE_CURVE('',#6763,#6714,#6795,.T.);
#6795 = LINE('',#6796,#6797);
#6796 = CARTESIAN_POINT('',(3.075,5.E-02,0.));
#6797 = VECTOR('',#6798,1.);
#6798 = DIRECTION('',(0.,0.,1.));
#6799 = ORIENTED_EDGE('',*,*,#6713,.F.);
#6800 = ORIENTED_EDGE('',*,*,#6801,.T.);
#6801 = EDGE_CURVE('',#6706,#6771,#6802,.T.);
#6802 = LINE('',#6803,#6804);
#6803 = CARTESIAN_POINT('',(3.075,-5.E-02,-0.43));
#6804 = VECTOR('',#6805,1.);
#6805 = DIRECTION('',(0.,0.,-1.));
#6806 = PLANE('',#6807);
#6807 = AXIS2_PLACEMENT_3D('',#6808,#6809,#6810);
#6808 = CARTESIAN_POINT('',(3.075,-5.E-02,-0.43));
#6809 = DIRECTION('',(1.,0.,0.));
#6810 = DIRECTION('',(0.,0.,-1.));
#6811 = ADVANCED_FACE('',(#6812),#6818,.F.);
#6812 = FACE_BOUND('',#6813,.T.);
#6813 = EDGE_LOOP('',(#6814,#6815,#6816,#6817));
#6814 = ORIENTED_EDGE('',*,*,#6705,.F.);
#6815 = ORIENTED_EDGE('',*,*,#6745,.T.);
#6816 = ORIENTED_EDGE('',*,*,#6778,.T.);
#6817 = ORIENTED_EDGE('',*,*,#6801,.F.);
#6818 = PLANE('',#6819);
#6819 = AXIS2_PLACEMENT_3D('',#6820,#6821,#6822);
#6820 = CARTESIAN_POINT('',(0.,-5.E-02,0.));
#6821 = DIRECTION('',(-0.,1.,0.));
#6822 = DIRECTION('',(0.,0.,1.));
#6823 = ADVANCED_FACE('',(#6824),#6858,.T.);
#6824 = FACE_BOUND('',#6825,.T.);
#6825 = EDGE_LOOP('',(#6826,#6827,#6835,#6843,#6851,#6857));
#6826 = ORIENTED_EDGE('',*,*,#5012,.F.);
#6827 = ORIENTED_EDGE('',*,*,#6828,.F.);
#6828 = EDGE_CURVE('',#6829,#5003,#6831,.T.);
#6829 = VERTEX_POINT('',#6830);
#6830 = CARTESIAN_POINT('',(2.5,-5.E-02,-1.7));
#6831 = LINE('',#6832,#6833);
#6832 = CARTESIAN_POINT('',(2.5,-5.E-02,-1.7));
#6833 = VECTOR('',#6834,1.);
#6834 = DIRECTION('',(-0.,1.,-0.));
#6835 = ORIENTED_EDGE('',*,*,#6836,.T.);
#6836 = EDGE_CURVE('',#6829,#6837,#6839,.T.);
#6837 = VERTEX_POINT('',#6838);
#6838 = CARTESIAN_POINT('',(3.075,-5.E-02,-1.7));
#6839 = LINE('',#6840,#6841);
#6840 = CARTESIAN_POINT('',(2.5,-5.E-02,-1.7));
#6841 = VECTOR('',#6842,1.);
#6842 = DIRECTION('',(1.,0.,0.));
#6843 = ORIENTED_EDGE('',*,*,#6844,.T.);
#6844 = EDGE_CURVE('',#6837,#6845,#6847,.T.);
#6845 = VERTEX_POINT('',#6846);
#6846 = CARTESIAN_POINT('',(3.075,5.E-02,-1.7));
#6847 = LINE('',#6848,#6849);
#6848 = CARTESIAN_POINT('',(3.075,-5.E-02,-1.7));
#6849 = VECTOR('',#6850,1.);
#6850 = DIRECTION('',(-0.,1.,-0.));
#6851 = ORIENTED_EDGE('',*,*,#6852,.F.);
#6852 = EDGE_CURVE('',#4925,#6845,#6853,.T.);
#6853 = LINE('',#6854,#6855);
#6854 = CARTESIAN_POINT('',(0.,5.E-02,-1.7));
#6855 = VECTOR('',#6856,1.);
#6856 = DIRECTION('',(1.,-0.,0.));
#6857 = ORIENTED_EDGE('',*,*,#4924,.T.);
#6858 = PLANE('',#6859);
#6859 = AXIS2_PLACEMENT_3D('',#6860,#6861,#6862);
#6860 = CARTESIAN_POINT('',(2.5,-5.E-02,-1.7));
#6861 = DIRECTION('',(-0.,0.,1.));
#6862 = DIRECTION('',(1.,0.,0.));
#6863 = ADVANCED_FACE('',(#6864),#6882,.F.);
#6864 = FACE_BOUND('',#6865,.T.);
#6865 = EDGE_LOOP('',(#6866,#6867,#6875,#6881));
#6866 = ORIENTED_EDGE('',*,*,#5002,.T.);
#6867 = ORIENTED_EDGE('',*,*,#6868,.F.);
#6868 = EDGE_CURVE('',#6869,#5005,#6871,.T.);
#6869 = VERTEX_POINT('',#6870);
#6870 = CARTESIAN_POINT('',(2.5,-5.E-02,-2.11));
#6871 = LINE('',#6872,#6873);
#6872 = CARTESIAN_POINT('',(2.5,-5.E-02,-2.11));
#6873 = VECTOR('',#6874,1.);
#6874 = DIRECTION('',(-0.,1.,-0.));
#6875 = ORIENTED_EDGE('',*,*,#6876,.F.);
#6876 = EDGE_CURVE('',#6829,#6869,#6877,.T.);
#6877 = LINE('',#6878,#6879);
#6878 = CARTESIAN_POINT('',(2.5,-5.E-02,-1.7));
#6879 = VECTOR('',#6880,1.);
#6880 = DIRECTION('',(0.,0.,-1.));
#6881 = ORIENTED_EDGE('',*,*,#6828,.T.);
#6882 = PLANE('',#6883);
#6883 = AXIS2_PLACEMENT_3D('',#6884,#6885,#6886);
#6884 = CARTESIAN_POINT('',(2.5,-5.E-02,-1.7));
#6885 = DIRECTION('',(1.,0.,0.));
#6886 = DIRECTION('',(0.,0.,-1.));
#6887 = ADVANCED_FACE('',(#6888),#6915,.F.);
#6888 = FACE_BOUND('',#6889,.T.);
#6889 = EDGE_LOOP('',(#6890,#6891,#6892,#6900,#6908,#6914));
#6890 = ORIENTED_EDGE('',*,*,#5143,.T.);
#6891 = ORIENTED_EDGE('',*,*,#4940,.F.);
#6892 = ORIENTED_EDGE('',*,*,#6893,.T.);
#6893 = EDGE_CURVE('',#4933,#6894,#6896,.T.);
#6894 = VERTEX_POINT('',#6895);
#6895 = CARTESIAN_POINT('',(3.075,5.E-02,-2.11));
#6896 = LINE('',#6897,#6898);
#6897 = CARTESIAN_POINT('',(0.,5.E-02,-2.11));
#6898 = VECTOR('',#6899,1.);
#6899 = DIRECTION('',(1.,-0.,0.));
#6900 = ORIENTED_EDGE('',*,*,#6901,.F.);
#6901 = EDGE_CURVE('',#6902,#6894,#6904,.T.);
#6902 = VERTEX_POINT('',#6903);
#6903 = CARTESIAN_POINT('',(3.075,-5.E-02,-2.11));
#6904 = LINE('',#6905,#6906);
#6905 = CARTESIAN_POINT('',(3.075,-5.E-02,-2.11));
#6906 = VECTOR('',#6907,1.);
#6907 = DIRECTION('',(-0.,1.,-0.));
#6908 = ORIENTED_EDGE('',*,*,#6909,.F.);
#6909 = EDGE_CURVE('',#6869,#6902,#6910,.T.);
#6910 = LINE('',#6911,#6912);
#6911 = CARTESIAN_POINT('',(2.5,-5.E-02,-2.11));
#6912 = VECTOR('',#6913,1.);
#6913 = DIRECTION('',(1.,0.,0.));
#6914 = ORIENTED_EDGE('',*,*,#6868,.T.);
#6915 = PLANE('',#6916);
#6916 = AXIS2_PLACEMENT_3D('',#6917,#6918,#6919);
#6917 = CARTESIAN_POINT('',(2.5,-5.E-02,-2.11));
#6918 = DIRECTION('',(-0.,0.,1.));
#6919 = DIRECTION('',(1.,0.,0.));
#6920 = ADVANCED_FACE('',(#6921),#6937,.T.);
#6921 = FACE_BOUND('',#6922,.T.);
#6922 = EDGE_LOOP('',(#6923,#6924,#6930,#6931));
#6923 = ORIENTED_EDGE('',*,*,#6901,.T.);
#6924 = ORIENTED_EDGE('',*,*,#6925,.T.);
#6925 = EDGE_CURVE('',#6894,#6845,#6926,.T.);
#6926 = LINE('',#6927,#6928);
#6927 = CARTESIAN_POINT('',(3.075,5.E-02,0.));
#6928 = VECTOR('',#6929,1.);
#6929 = DIRECTION('',(0.,0.,1.));
#6930 = ORIENTED_EDGE('',*,*,#6844,.F.);
#6931 = ORIENTED_EDGE('',*,*,#6932,.T.);
#6932 = EDGE_CURVE('',#6837,#6902,#6933,.T.);
#6933 = LINE('',#6934,#6935);
#6934 = CARTESIAN_POINT('',(3.075,-5.E-02,-1.7));
#6935 = VECTOR('',#6936,1.);
#6936 = DIRECTION('',(0.,0.,-1.));
#6937 = PLANE('',#6938);
#6938 = AXIS2_PLACEMENT_3D('',#6939,#6940,#6941);
#6939 = CARTESIAN_POINT('',(3.075,-5.E-02,-1.7));
#6940 = DIRECTION('',(1.,0.,0.));
#6941 = DIRECTION('',(0.,0.,-1.));
#6942 = ADVANCED_FACE('',(#6943),#6949,.F.);
#6943 = FACE_BOUND('',#6944,.T.);
#6944 = EDGE_LOOP('',(#6945,#6946,#6947,#6948));
#6945 = ORIENTED_EDGE('',*,*,#6836,.F.);
#6946 = ORIENTED_EDGE('',*,*,#6876,.T.);
#6947 = ORIENTED_EDGE('',*,*,#6909,.T.);
#6948 = ORIENTED_EDGE('',*,*,#6932,.F.);
#6949 = PLANE('',#6950);
#6950 = AXIS2_PLACEMENT_3D('',#6951,#6952,#6953);
#6951 = CARTESIAN_POINT('',(0.,-5.E-02,0.));
#6952 = DIRECTION('',(-0.,1.,0.));
#6953 = DIRECTION('',(0.,0.,1.));
#6954 = ADVANCED_FACE('',(#6955),#6961,.T.);
#6955 = FACE_BOUND('',#6956,.T.);
#6956 = EDGE_LOOP('',(#6957,#6958,#6959,#6960));
#6957 = ORIENTED_EDGE('',*,*,#5629,.F.);
#6958 = ORIENTED_EDGE('',*,*,#5598,.T.);
#6959 = ORIENTED_EDGE('',*,*,#6376,.T.);
#6960 = ORIENTED_EDGE('',*,*,#5362,.F.);
#6961 = PLANE('',#6962);
#6962 = AXIS2_PLACEMENT_3D('',#6963,#6964,#6965);
#6963 = CARTESIAN_POINT('',(0.,5.E-02,0.));
#6964 = DIRECTION('',(0.,1.,-0.));
#6965 = DIRECTION('',(0.,0.,1.));
#6966 = ADVANCED_FACE('',(#6967),#6973,.T.);
#6967 = FACE_BOUND('',#6968,.T.);
#6968 = EDGE_LOOP('',(#6969,#6970,#6971,#6972));
#6969 = ORIENTED_EDGE('',*,*,#4868,.T.);
#6970 = ORIENTED_EDGE('',*,*,#6590,.T.);
#6971 = ORIENTED_EDGE('',*,*,#6663,.F.);
#6972 = ORIENTED_EDGE('',*,*,#6631,.F.);
#6973 = PLANE('',#6974);
#6974 = AXIS2_PLACEMENT_3D('',#6975,#6976,#6977);
#6975 = CARTESIAN_POINT('',(0.,5.E-02,0.));
#6976 = DIRECTION('',(0.,1.,-0.));
#6977 = DIRECTION('',(0.,0.,1.));
#6978 = ADVANCED_FACE('',(#6979),#6985,.T.);
#6979 = FACE_BOUND('',#6980,.T.);
#6980 = EDGE_LOOP('',(#6981,#6982,#6983,#6984));
#6981 = ORIENTED_EDGE('',*,*,#4900,.T.);
#6982 = ORIENTED_EDGE('',*,*,#6721,.T.);
#6983 = ORIENTED_EDGE('',*,*,#6794,.F.);
#6984 = ORIENTED_EDGE('',*,*,#6762,.F.);
#6985 = PLANE('',#6986);
#6986 = AXIS2_PLACEMENT_3D('',#6987,#6988,#6989);
#6987 = CARTESIAN_POINT('',(0.,5.E-02,0.));
#6988 = DIRECTION('',(0.,1.,-0.));
#6989 = DIRECTION('',(0.,0.,1.));
#6990 = ADVANCED_FACE('',(#6991),#6997,.T.);
#6991 = FACE_BOUND('',#6992,.T.);
#6992 = EDGE_LOOP('',(#6993,#6994,#6995,#6996));
#6993 = ORIENTED_EDGE('',*,*,#6925,.F.);
#6994 = ORIENTED_EDGE('',*,*,#6893,.F.);
#6995 = ORIENTED_EDGE('',*,*,#4932,.T.);
#6996 = ORIENTED_EDGE('',*,*,#6852,.T.);
#6997 = PLANE('',#6998);
#6998 = AXIS2_PLACEMENT_3D('',#6999,#7000,#7001);
#6999 = CARTESIAN_POINT('',(0.,5.E-02,0.));
#7000 = DIRECTION('',(0.,1.,-0.));
#7001 = DIRECTION('',(0.,0.,1.));
#7002 = ADVANCED_FACE('',(#7003),#7009,.T.);
#7003 = FACE_BOUND('',#7004,.T.);
#7004 = EDGE_LOOP('',(#7005,#7006,#7007,#7008));
#7005 = ORIENTED_EDGE('',*,*,#6272,.F.);
#7006 = ORIENTED_EDGE('',*,*,#6241,.F.);
#7007 = ORIENTED_EDGE('',*,*,#6209,.T.);
#7008 = ORIENTED_EDGE('',*,*,#5322,.T.);
#7009 = PLANE('',#7010);
#7010 = AXIS2_PLACEMENT_3D('',#7011,#7012,#7013);
#7011 = CARTESIAN_POINT('',(0.,5.E-02,0.));
#7012 = DIRECTION('',(0.,1.,-0.));
#7013 = DIRECTION('',(0.,0.,1.));
#7014 = ADVANCED_FACE('',(#7015),#7021,.T.);
#7015 = FACE_BOUND('',#7016,.T.);
#7016 = EDGE_LOOP('',(#7017,#7018,#7019,#7020));
#7017 = ORIENTED_EDGE('',*,*,#4780,.F.);
#7018 = ORIENTED_EDGE('',*,*,#6144,.F.);
#7019 = ORIENTED_EDGE('',*,*,#6098,.T.);
#7020 = ORIENTED_EDGE('',*,*,#6066,.T.);
#7021 = PLANE('',#7022);
#7022 = AXIS2_PLACEMENT_3D('',#7023,#7024,#7025);
#7023 = CARTESIAN_POINT('',(0.,5.E-02,0.));
#7024 = DIRECTION('',(0.,1.,-0.));
#7025 = DIRECTION('',(0.,0.,1.));
#7026 = ADVANCED_FACE('',(#7027),#7033,.T.);
#7027 = FACE_BOUND('',#7028,.T.);
#7028 = EDGE_LOOP('',(#7029,#7030,#7031,#7032));
#7029 = ORIENTED_EDGE('',*,*,#4812,.F.);
#7030 = ORIENTED_EDGE('',*,*,#6010,.F.);
#7031 = ORIENTED_EDGE('',*,*,#5979,.T.);
#7032 = ORIENTED_EDGE('',*,*,#5947,.T.);
#7033 = PLANE('',#7034);
#7034 = AXIS2_PLACEMENT_3D('',#7035,#7036,#7037);
#7035 = CARTESIAN_POINT('',(0.,5.E-02,0.));
#7036 = DIRECTION('',(0.,1.,-0.));
#7037 = DIRECTION('',(0.,0.,1.));
#7038 = ADVANCED_FACE('',(#7039),#7045,.T.);
#7039 = FACE_BOUND('',#7040,.T.);
#7040 = EDGE_LOOP('',(#7041,#7042,#7043,#7044));
#7041 = ORIENTED_EDGE('',*,*,#5741,.F.);
#7042 = ORIENTED_EDGE('',*,*,#5709,.T.);
#7043 = ORIENTED_EDGE('',*,*,#4716,.T.);
#7044 = ORIENTED_EDGE('',*,*,#5787,.F.);
#7045 = PLANE('',#7046);
#7046 = AXIS2_PLACEMENT_3D('',#7047,#7048,#7049);
#7047 = CARTESIAN_POINT('',(0.,5.E-02,0.));
#7048 = DIRECTION('',(0.,1.,-0.));
#7049 = DIRECTION('',(0.,0.,1.));
#7050 = ADVANCED_FACE('',(#7051),#7057,.F.);
#7051 = FACE_BOUND('',#7052,.T.);
#7052 = EDGE_LOOP('',(#7053,#7054,#7055,#7056));
#7053 = ORIENTED_EDGE('',*,*,#6500,.F.);
#7054 = ORIENTED_EDGE('',*,*,#4834,.T.);
#7055 = ORIENTED_EDGE('',*,*,#6459,.T.);
#7056 = ORIENTED_EDGE('',*,*,#6532,.F.);
#7057 = PLANE('',#7058);
#7058 = AXIS2_PLACEMENT_3D('',#7059,#7060,#7061);
#7059 = CARTESIAN_POINT('',(0.,5.E-02,0.));
#7060 = DIRECTION('',(0.,-1.,0.));
#7061 = DIRECTION('',(0.,-0.,-1.));
#7062 = ADVANCED_FACE('',(#7063),#7069,.F.);
#7063 = FACE_BOUND('',#7064,.T.);
#7064 = EDGE_LOOP('',(#7065,#7066,#7067,#7068));
#7065 = ORIENTED_EDGE('',*,*,#5891,.F.);
#7066 = ORIENTED_EDGE('',*,*,#5860,.T.);
#7067 = ORIENTED_EDGE('',*,*,#5828,.T.);
#7068 = ORIENTED_EDGE('',*,*,#4684,.F.);
#7069 = PLANE('',#7070);
#7070 = AXIS2_PLACEMENT_3D('',#7071,#7072,#7073);
#7071 = CARTESIAN_POINT('',(0.,5.E-02,0.));
#7072 = DIRECTION('',(0.,-1.,0.));
#7073 = DIRECTION('',(0.,-0.,-1.));
#7074 = ADVANCED_FACE('',(#7075),#7087,.F.);
#7075 = FACE_BOUND('',#7076,.F.);
#7076 = EDGE_LOOP('',(#7077,#7078,#7079,#7086));
#7077 = ORIENTED_EDGE('',*,*,#5566,.F.);
#7078 = ORIENTED_EDGE('',*,*,#4624,.F.);
#7079 = ORIENTED_EDGE('',*,*,#7080,.T.);
#7080 = EDGE_CURVE('',#4625,#4644,#7081,.T.);
#7081 = CIRCLE('',#7082,0.125);
#7082 = AXIS2_PLACEMENT_3D('',#7083,#7084,#7085);
#7083 = CARTESIAN_POINT('',(2.338428195969,1.,1.858314122998));
#7084 = DIRECTION('',(0.,1.,0.));
#7085 = DIRECTION('',(0.,-0.,1.));
#7086 = ORIENTED_EDGE('',*,*,#4643,.T.);
#7087 = CYLINDRICAL_SURFACE('',#7088,0.125);
#7088 = AXIS2_PLACEMENT_3D('',#7089,#7090,#7091);
#7089 = CARTESIAN_POINT('',(2.338428195969,1.,1.858314122998));
#7090 = DIRECTION('',(-0.,1.,-0.));
#7091 = DIRECTION('',(0.,0.,1.));
#7092 = ADVANCED_FACE('',(#7093),#7097,.T.);
#7093 = FACE_BOUND('',#7094,.T.);
#7094 = EDGE_LOOP('',(#7095,#7096));
#7095 = ORIENTED_EDGE('',*,*,#7080,.T.);
#7096 = ORIENTED_EDGE('',*,*,#4651,.T.);
#7097 = PLANE('',#7098);
#7098 = AXIS2_PLACEMENT_3D('',#7099,#7100,#7101);
#7099 = CARTESIAN_POINT('',(2.338428195969,1.,1.858314122998));
#7100 = DIRECTION('',(0.,1.,0.));
#7101 = DIRECTION('',(0.,-0.,1.));
#7102 = ( GEOMETRIC_REPRESENTATION_CONTEXT(3) 
GLOBAL_UNCERTAINTY_ASSIGNED_CONTEXT((#7106)) 
GLOBAL_UNIT_ASSIGNED_CONTEXT((#7103,#7104,#7105)) REPRESENTATION_CONTEXT
('Context #1','3D Context with UNIT and UNCERTAINTY') );
#7103 = ( LENGTH_UNIT() NAMED_UNIT(*) SI_UNIT(.MILLI.,.METRE.) );
#7104 = ( NAMED_UNIT(*) PLANE_ANGLE_UNIT() SI_UNIT($,.RADIAN.) );
#7105 = ( NAMED_UNIT(*) SI_UNIT($,.STERADIAN.) SOLID_ANGLE_UNIT() );
#7106 = UNCERTAINTY_MEASURE_WITH_UNIT(LENGTH_MEASURE(1.E-07),#7103,
  'distance_accuracy_value','confusion accuracy');
#7107 = CONTEXT_DEPENDENT_SHAPE_REPRESENTATION(#7108,#7110);
#7108 = ( REPRESENTATION_RELATIONSHIP('','',#4617,#10) 
REPRESENTATION_RELATIONSHIP_WITH_TRANSFORMATION(#7109) 
SHAPE_REPRESENTATION_RELATIONSHIP() );
#7109 = ITEM_DEFINED_TRANSFORMATION('','',#11,#23);
#7110 = PRODUCT_DEFINITION_SHAPE('Placement','Placement of an item',
  #7111);
#7111 = NEXT_ASSEMBLY_USAGE_OCCURRENCE('5','Q4','',#5,#4612,$);
#7112 = PRODUCT_RELATED_PRODUCT_CATEGORY('part',$,(#4614));
#7113 = SHAPE_DEFINITION_REPRESENTATION(#7114,#7120);
#7114 = PRODUCT_DEFINITION_SHAPE('','',#7115);
#7115 = PRODUCT_DEFINITION('design','',#7116,#7119);
#7116 = PRODUCT_DEFINITION_FORMATION('','',#7117);
#7117 = PRODUCT('R_0603_1608Metric','R_0603_1608Metric','',(#7118));
#7118 = PRODUCT_CONTEXT('',#2,'mechanical');
#7119 = PRODUCT_DEFINITION_CONTEXT('part definition',#2,'design');
#7120 = ADVANCED_BREP_SHAPE_REPRESENTATION('',(#11,#7121),#7911);
#7121 = MANIFOLD_SOLID_BREP('',#7122);
#7122 = CLOSED_SHELL('',(#7123,#7163,#7246,#7271,#7296,#7363,#7380,#7397
    ,#7446,#7463,#7480,#7529,#7546,#7615,#7646,#7670,#7739,#7763,#7780,
    #7797,#7814,#7831,#7848,#7865,#7882,#7899));
#7123 = ADVANCED_FACE('',(#7124),#7158,.F.);
#7124 = FACE_BOUND('',#7125,.F.);
#7125 = EDGE_LOOP('',(#7126,#7136,#7144,#7152));
#7126 = ORIENTED_EDGE('',*,*,#7127,.F.);
#7127 = EDGE_CURVE('',#7128,#7130,#7132,.T.);
#7128 = VERTEX_POINT('',#7129);
#7129 = CARTESIAN_POINT('',(-0.8,-0.4,4.5E-02));
#7130 = VERTEX_POINT('',#7131);
#7131 = CARTESIAN_POINT('',(-0.8,-0.4,0.405));
#7132 = LINE('',#7133,#7134);
#7133 = CARTESIAN_POINT('',(-0.8,-0.4,0.));
#7134 = VECTOR('',#7135,1.);
#7135 = DIRECTION('',(0.,0.,1.));
#7136 = ORIENTED_EDGE('',*,*,#7137,.T.);
#7137 = EDGE_CURVE('',#7128,#7138,#7140,.T.);
#7138 = VERTEX_POINT('',#7139);
#7139 = CARTESIAN_POINT('',(-0.8,0.4,4.5E-02));
#7140 = LINE('',#7141,#7142);
#7141 = CARTESIAN_POINT('',(-0.8,-0.4,4.5E-02));
#7142 = VECTOR('',#7143,1.);
#7143 = DIRECTION('',(0.,1.,0.));
#7144 = ORIENTED_EDGE('',*,*,#7145,.T.);
#7145 = EDGE_CURVE('',#7138,#7146,#7148,.T.);
#7146 = VERTEX_POINT('',#7147);
#7147 = CARTESIAN_POINT('',(-0.8,0.4,0.405));
#7148 = LINE('',#7149,#7150);
#7149 = CARTESIAN_POINT('',(-0.8,0.4,0.));
#7150 = VECTOR('',#7151,1.);
#7151 = DIRECTION('',(0.,0.,1.));
#7152 = ORIENTED_EDGE('',*,*,#7153,.F.);
#7153 = EDGE_CURVE('',#7130,#7146,#7154,.T.);
#7154 = LINE('',#7155,#7156);
#7155 = CARTESIAN_POINT('',(-0.8,-0.4,0.405));
#7156 = VECTOR('',#7157,1.);
#7157 = DIRECTION('',(0.,1.,0.));
#7158 = PLANE('',#7159);
#7159 = AXIS2_PLACEMENT_3D('',#7160,#7161,#7162);
#7160 = CARTESIAN_POINT('',(-0.8,-0.4,0.));
#7161 = DIRECTION('',(1.,0.,0.));
#7162 = DIRECTION('',(0.,0.,1.));
#7163 = ADVANCED_FACE('',(#7164),#7241,.F.);
#7164 = FACE_BOUND('',#7165,.F.);
#7165 = EDGE_LOOP('',(#7166,#7176,#7183,#7184,#7193,#7201,#7210,#7218,
    #7226,#7234));
#7166 = ORIENTED_EDGE('',*,*,#7167,.F.);
#7167 = EDGE_CURVE('',#7168,#7170,#7172,.T.);
#7168 = VERTEX_POINT('',#7169);
#7169 = CARTESIAN_POINT('',(-0.755,-0.4,-2.775557561563E-17));
#7170 = VERTEX_POINT('',#7171);
#7171 = CARTESIAN_POINT('',(-0.545,-0.4,-2.775557561563E-17));
#7172 = LINE('',#7173,#7174);
#7173 = CARTESIAN_POINT('',(-0.8,-0.4,0.));
#7174 = VECTOR('',#7175,1.);
#7175 = DIRECTION('',(1.,0.,0.));
#7176 = ORIENTED_EDGE('',*,*,#7177,.F.);
#7177 = EDGE_CURVE('',#7128,#7168,#7178,.T.);
#7178 = CIRCLE('',#7179,4.5E-02);
#7179 = AXIS2_PLACEMENT_3D('',#7180,#7181,#7182);
#7180 = CARTESIAN_POINT('',(-0.755,-0.4,4.5E-02));
#7181 = DIRECTION('',(0.,-1.,0.));
#7182 = DIRECTION('',(0.,0.,1.));
#7183 = ORIENTED_EDGE('',*,*,#7127,.T.);
#7184 = ORIENTED_EDGE('',*,*,#7185,.T.);
#7185 = EDGE_CURVE('',#7130,#7186,#7188,.T.);
#7186 = VERTEX_POINT('',#7187);
#7187 = CARTESIAN_POINT('',(-0.755,-0.4,0.45));
#7188 = CIRCLE('',#7189,4.5E-02);
#7189 = AXIS2_PLACEMENT_3D('',#7190,#7191,#7192);
#7190 = CARTESIAN_POINT('',(-0.755,-0.4,0.405));
#7191 = DIRECTION('',(0.,1.,0.));
#7192 = DIRECTION('',(0.,-0.,1.));
#7193 = ORIENTED_EDGE('',*,*,#7194,.T.);
#7194 = EDGE_CURVE('',#7186,#7195,#7197,.T.);
#7195 = VERTEX_POINT('',#7196);
#7196 = CARTESIAN_POINT('',(-0.545,-0.4,0.45));
#7197 = LINE('',#7198,#7199);
#7198 = CARTESIAN_POINT('',(-0.8,-0.4,0.45));
#7199 = VECTOR('',#7200,1.);
#7200 = DIRECTION('',(1.,0.,0.));
#7201 = ORIENTED_EDGE('',*,*,#7202,.F.);
#7202 = EDGE_CURVE('',#7203,#7195,#7205,.T.);
#7203 = VERTEX_POINT('',#7204);
#7204 = CARTESIAN_POINT('',(-0.5,-0.4,0.405));
#7205 = CIRCLE('',#7206,4.5E-02);
#7206 = AXIS2_PLACEMENT_3D('',#7207,#7208,#7209);
#7207 = CARTESIAN_POINT('',(-0.545,-0.4,0.405));
#7208 = DIRECTION('',(0.,-1.,0.));
#7209 = DIRECTION('',(0.,0.,1.));
#7210 = ORIENTED_EDGE('',*,*,#7211,.F.);
#7211 = EDGE_CURVE('',#7212,#7203,#7214,.T.);
#7212 = VERTEX_POINT('',#7213);
#7213 = CARTESIAN_POINT('',(-0.755,-0.4,0.405));
#7214 = LINE('',#7215,#7216);
#7215 = CARTESIAN_POINT('',(-0.755,-0.4,0.405));
#7216 = VECTOR('',#7217,1.);
#7217 = DIRECTION('',(1.,0.,0.));
#7218 = ORIENTED_EDGE('',*,*,#7219,.F.);
#7219 = EDGE_CURVE('',#7220,#7212,#7222,.T.);
#7220 = VERTEX_POINT('',#7221);
#7221 = CARTESIAN_POINT('',(-0.755,-0.4,4.5E-02));
#7222 = LINE('',#7223,#7224);
#7223 = CARTESIAN_POINT('',(-0.755,-0.4,4.5E-02));
#7224 = VECTOR('',#7225,1.);
#7225 = DIRECTION('',(0.,0.,1.));
#7226 = ORIENTED_EDGE('',*,*,#7227,.T.);
#7227 = EDGE_CURVE('',#7220,#7228,#7230,.T.);
#7228 = VERTEX_POINT('',#7229);
#7229 = CARTESIAN_POINT('',(-0.5,-0.4,4.5E-02));
#7230 = LINE('',#7231,#7232);
#7231 = CARTESIAN_POINT('',(-0.755,-0.4,4.5E-02));
#7232 = VECTOR('',#7233,1.);
#7233 = DIRECTION('',(1.,0.,0.));
#7234 = ORIENTED_EDGE('',*,*,#7235,.T.);
#7235 = EDGE_CURVE('',#7228,#7170,#7236,.T.);
#7236 = CIRCLE('',#7237,4.5E-02);
#7237 = AXIS2_PLACEMENT_3D('',#7238,#7239,#7240);
#7238 = CARTESIAN_POINT('',(-0.545,-0.4,4.5E-02));
#7239 = DIRECTION('',(0.,1.,0.));
#7240 = DIRECTION('',(0.,-0.,1.));
#7241 = PLANE('',#7242);
#7242 = AXIS2_PLACEMENT_3D('',#7243,#7244,#7245);
#7243 = CARTESIAN_POINT('',(-0.8,-0.4,0.));
#7244 = DIRECTION('',(0.,1.,0.));
#7245 = DIRECTION('',(0.,-0.,1.));
#7246 = ADVANCED_FACE('',(#7247),#7266,.T.);
#7247 = FACE_BOUND('',#7248,.T.);
#7248 = EDGE_LOOP('',(#7249,#7250,#7259,#7265));
#7249 = ORIENTED_EDGE('',*,*,#7137,.T.);
#7250 = ORIENTED_EDGE('',*,*,#7251,.T.);
#7251 = EDGE_CURVE('',#7138,#7252,#7254,.T.);
#7252 = VERTEX_POINT('',#7253);
#7253 = CARTESIAN_POINT('',(-0.755,0.4,-2.775557561563E-17));
#7254 = CIRCLE('',#7255,4.5E-02);
#7255 = AXIS2_PLACEMENT_3D('',#7256,#7257,#7258);
#7256 = CARTESIAN_POINT('',(-0.755,0.4,4.5E-02));
#7257 = DIRECTION('',(0.,-1.,0.));
#7258 = DIRECTION('',(0.,0.,1.));
#7259 = ORIENTED_EDGE('',*,*,#7260,.F.);
#7260 = EDGE_CURVE('',#7168,#7252,#7261,.T.);
#7261 = LINE('',#7262,#7263);
#7262 = CARTESIAN_POINT('',(-0.755,-0.4,-2.775557561563E-17));
#7263 = VECTOR('',#7264,1.);
#7264 = DIRECTION('',(0.,1.,0.));
#7265 = ORIENTED_EDGE('',*,*,#7177,.F.);
#7266 = CYLINDRICAL_SURFACE('',#7267,4.5E-02);
#7267 = AXIS2_PLACEMENT_3D('',#7268,#7269,#7270);
#7268 = CARTESIAN_POINT('',(-0.755,-0.4,4.5E-02));
#7269 = DIRECTION('',(0.,1.,0.));
#7270 = DIRECTION('',(-1.,0.,0.));
#7271 = ADVANCED_FACE('',(#7272),#7291,.T.);
#7272 = FACE_BOUND('',#7273,.T.);
#7273 = EDGE_LOOP('',(#7274,#7275,#7283,#7290));
#7274 = ORIENTED_EDGE('',*,*,#7185,.T.);
#7275 = ORIENTED_EDGE('',*,*,#7276,.T.);
#7276 = EDGE_CURVE('',#7186,#7277,#7279,.T.);
#7277 = VERTEX_POINT('',#7278);
#7278 = CARTESIAN_POINT('',(-0.755,0.4,0.45));
#7279 = LINE('',#7280,#7281);
#7280 = CARTESIAN_POINT('',(-0.755,-0.4,0.45));
#7281 = VECTOR('',#7282,1.);
#7282 = DIRECTION('',(0.,1.,0.));
#7283 = ORIENTED_EDGE('',*,*,#7284,.F.);
#7284 = EDGE_CURVE('',#7146,#7277,#7285,.T.);
#7285 = CIRCLE('',#7286,4.5E-02);
#7286 = AXIS2_PLACEMENT_3D('',#7287,#7288,#7289);
#7287 = CARTESIAN_POINT('',(-0.755,0.4,0.405));
#7288 = DIRECTION('',(0.,1.,0.));
#7289 = DIRECTION('',(0.,-0.,1.));
#7290 = ORIENTED_EDGE('',*,*,#7153,.F.);
#7291 = CYLINDRICAL_SURFACE('',#7292,4.5E-02);
#7292 = AXIS2_PLACEMENT_3D('',#7293,#7294,#7295);
#7293 = CARTESIAN_POINT('',(-0.755,-0.4,0.405));
#7294 = DIRECTION('',(0.,1.,0.));
#7295 = DIRECTION('',(-1.,0.,0.));
#7296 = ADVANCED_FACE('',(#7297),#7358,.T.);
#7297 = FACE_BOUND('',#7298,.T.);
#7298 = EDGE_LOOP('',(#7299,#7307,#7308,#7309,#7310,#7318,#7327,#7335,
    #7343,#7351));
#7299 = ORIENTED_EDGE('',*,*,#7300,.F.);
#7300 = EDGE_CURVE('',#7252,#7301,#7303,.T.);
#7301 = VERTEX_POINT('',#7302);
#7302 = CARTESIAN_POINT('',(-0.545,0.4,-2.775557561563E-17));
#7303 = LINE('',#7304,#7305);
#7304 = CARTESIAN_POINT('',(-0.8,0.4,0.));
#7305 = VECTOR('',#7306,1.);
#7306 = DIRECTION('',(1.,0.,0.));
#7307 = ORIENTED_EDGE('',*,*,#7251,.F.);
#7308 = ORIENTED_EDGE('',*,*,#7145,.T.);
#7309 = ORIENTED_EDGE('',*,*,#7284,.T.);
#7310 = ORIENTED_EDGE('',*,*,#7311,.T.);
#7311 = EDGE_CURVE('',#7277,#7312,#7314,.T.);
#7312 = VERTEX_POINT('',#7313);
#7313 = CARTESIAN_POINT('',(-0.545,0.4,0.45));
#7314 = LINE('',#7315,#7316);
#7315 = CARTESIAN_POINT('',(-0.8,0.4,0.45));
#7316 = VECTOR('',#7317,1.);
#7317 = DIRECTION('',(1.,0.,0.));
#7318 = ORIENTED_EDGE('',*,*,#7319,.F.);
#7319 = EDGE_CURVE('',#7320,#7312,#7322,.T.);
#7320 = VERTEX_POINT('',#7321);
#7321 = CARTESIAN_POINT('',(-0.5,0.4,0.405));
#7322 = CIRCLE('',#7323,4.5E-02);
#7323 = AXIS2_PLACEMENT_3D('',#7324,#7325,#7326);
#7324 = CARTESIAN_POINT('',(-0.545,0.4,0.405));
#7325 = DIRECTION('',(0.,-1.,0.));
#7326 = DIRECTION('',(0.,0.,1.));
#7327 = ORIENTED_EDGE('',*,*,#7328,.F.);
#7328 = EDGE_CURVE('',#7329,#7320,#7331,.T.);
#7329 = VERTEX_POINT('',#7330);
#7330 = CARTESIAN_POINT('',(-0.755,0.4,0.405));
#7331 = LINE('',#7332,#7333);
#7332 = CARTESIAN_POINT('',(-0.755,0.4,0.405));
#7333 = VECTOR('',#7334,1.);
#7334 = DIRECTION('',(1.,0.,0.));
#7335 = ORIENTED_EDGE('',*,*,#7336,.F.);
#7336 = EDGE_CURVE('',#7337,#7329,#7339,.T.);
#7337 = VERTEX_POINT('',#7338);
#7338 = CARTESIAN_POINT('',(-0.755,0.4,4.5E-02));
#7339 = LINE('',#7340,#7341);
#7340 = CARTESIAN_POINT('',(-0.755,0.4,4.5E-02));
#7341 = VECTOR('',#7342,1.);
#7342 = DIRECTION('',(0.,0.,1.));
#7343 = ORIENTED_EDGE('',*,*,#7344,.T.);
#7344 = EDGE_CURVE('',#7337,#7345,#7347,.T.);
#7345 = VERTEX_POINT('',#7346);
#7346 = CARTESIAN_POINT('',(-0.5,0.4,4.5E-02));
#7347 = LINE('',#7348,#7349);
#7348 = CARTESIAN_POINT('',(-0.755,0.4,4.5E-02));
#7349 = VECTOR('',#7350,1.);
#7350 = DIRECTION('',(1.,0.,0.));
#7351 = ORIENTED_EDGE('',*,*,#7352,.T.);
#7352 = EDGE_CURVE('',#7345,#7301,#7353,.T.);
#7353 = CIRCLE('',#7354,4.5E-02);
#7354 = AXIS2_PLACEMENT_3D('',#7355,#7356,#7357);
#7355 = CARTESIAN_POINT('',(-0.545,0.4,4.5E-02));
#7356 = DIRECTION('',(0.,1.,0.));
#7357 = DIRECTION('',(0.,-0.,1.));
#7358 = PLANE('',#7359);
#7359 = AXIS2_PLACEMENT_3D('',#7360,#7361,#7362);
#7360 = CARTESIAN_POINT('',(-0.8,0.4,0.));
#7361 = DIRECTION('',(0.,1.,0.));
#7362 = DIRECTION('',(0.,-0.,1.));
#7363 = ADVANCED_FACE('',(#7364),#7375,.F.);
#7364 = FACE_BOUND('',#7365,.F.);
#7365 = EDGE_LOOP('',(#7366,#7367,#7368,#7369));
#7366 = ORIENTED_EDGE('',*,*,#7300,.F.);
#7367 = ORIENTED_EDGE('',*,*,#7260,.F.);
#7368 = ORIENTED_EDGE('',*,*,#7167,.T.);
#7369 = ORIENTED_EDGE('',*,*,#7370,.T.);
#7370 = EDGE_CURVE('',#7170,#7301,#7371,.T.);
#7371 = LINE('',#7372,#7373);
#7372 = CARTESIAN_POINT('',(-0.545,-0.4,-2.775557561563E-17));
#7373 = VECTOR('',#7374,1.);
#7374 = DIRECTION('',(0.,1.,0.));
#7375 = PLANE('',#7376);
#7376 = AXIS2_PLACEMENT_3D('',#7377,#7378,#7379);
#7377 = CARTESIAN_POINT('',(-0.8,-0.4,0.));
#7378 = DIRECTION('',(0.,0.,1.));
#7379 = DIRECTION('',(1.,0.,-0.));
#7380 = ADVANCED_FACE('',(#7381),#7392,.T.);
#7381 = FACE_BOUND('',#7382,.T.);
#7382 = EDGE_LOOP('',(#7383,#7384,#7385,#7386));
#7383 = ORIENTED_EDGE('',*,*,#7235,.T.);
#7384 = ORIENTED_EDGE('',*,*,#7370,.T.);
#7385 = ORIENTED_EDGE('',*,*,#7352,.F.);
#7386 = ORIENTED_EDGE('',*,*,#7387,.F.);
#7387 = EDGE_CURVE('',#7228,#7345,#7388,.T.);
#7388 = LINE('',#7389,#7390);
#7389 = CARTESIAN_POINT('',(-0.5,-0.4,4.5E-02));
#7390 = VECTOR('',#7391,1.);
#7391 = DIRECTION('',(0.,1.,0.));
#7392 = CYLINDRICAL_SURFACE('',#7393,4.5E-02);
#7393 = AXIS2_PLACEMENT_3D('',#7394,#7395,#7396);
#7394 = CARTESIAN_POINT('',(-0.545,-0.4,4.5E-02));
#7395 = DIRECTION('',(0.,1.,0.));
#7396 = DIRECTION('',(1.,0.,0.));
#7397 = ADVANCED_FACE('',(#7398),#7441,.F.);
#7398 = FACE_BOUND('',#7399,.F.);
#7399 = EDGE_LOOP('',(#7400,#7401,#7402,#7403,#7411,#7419,#7427,#7435));
#7400 = ORIENTED_EDGE('',*,*,#7227,.F.);
#7401 = ORIENTED_EDGE('',*,*,#7219,.T.);
#7402 = ORIENTED_EDGE('',*,*,#7211,.T.);
#7403 = ORIENTED_EDGE('',*,*,#7404,.T.);
#7404 = EDGE_CURVE('',#7203,#7405,#7407,.T.);
#7405 = VERTEX_POINT('',#7406);
#7406 = CARTESIAN_POINT('',(0.5,-0.4,0.405));
#7407 = LINE('',#7408,#7409);
#7408 = CARTESIAN_POINT('',(-0.5,-0.4,0.405));
#7409 = VECTOR('',#7410,1.);
#7410 = DIRECTION('',(1.,0.,0.));
#7411 = ORIENTED_EDGE('',*,*,#7412,.T.);
#7412 = EDGE_CURVE('',#7405,#7413,#7415,.T.);
#7413 = VERTEX_POINT('',#7414);
#7414 = CARTESIAN_POINT('',(0.755,-0.4,0.405));
#7415 = LINE('',#7416,#7417);
#7416 = CARTESIAN_POINT('',(-0.755,-0.4,0.405));
#7417 = VECTOR('',#7418,1.);
#7418 = DIRECTION('',(1.,0.,0.));
#7419 = ORIENTED_EDGE('',*,*,#7420,.F.);
#7420 = EDGE_CURVE('',#7421,#7413,#7423,.T.);
#7421 = VERTEX_POINT('',#7422);
#7422 = CARTESIAN_POINT('',(0.755,-0.4,4.5E-02));
#7423 = LINE('',#7424,#7425);
#7424 = CARTESIAN_POINT('',(0.755,-0.4,4.5E-02));
#7425 = VECTOR('',#7426,1.);
#7426 = DIRECTION('',(0.,0.,1.));
#7427 = ORIENTED_EDGE('',*,*,#7428,.F.);
#7428 = EDGE_CURVE('',#7429,#7421,#7431,.T.);
#7429 = VERTEX_POINT('',#7430);
#7430 = CARTESIAN_POINT('',(0.5,-0.4,4.5E-02));
#7431 = LINE('',#7432,#7433);
#7432 = CARTESIAN_POINT('',(-0.755,-0.4,4.5E-02));
#7433 = VECTOR('',#7434,1.);
#7434 = DIRECTION('',(1.,0.,0.));
#7435 = ORIENTED_EDGE('',*,*,#7436,.F.);
#7436 = EDGE_CURVE('',#7228,#7429,#7437,.T.);
#7437 = LINE('',#7438,#7439);
#7438 = CARTESIAN_POINT('',(-0.755,-0.4,4.5E-02));
#7439 = VECTOR('',#7440,1.);
#7440 = DIRECTION('',(1.,0.,0.));
#7441 = PLANE('',#7442);
#7442 = AXIS2_PLACEMENT_3D('',#7443,#7444,#7445);
#7443 = CARTESIAN_POINT('',(-0.755,-0.4,4.5E-02));
#7444 = DIRECTION('',(0.,1.,0.));
#7445 = DIRECTION('',(0.,-0.,1.));
#7446 = ADVANCED_FACE('',(#7447),#7458,.T.);
#7447 = FACE_BOUND('',#7448,.T.);
#7448 = EDGE_LOOP('',(#7449,#7450,#7451,#7452));
#7449 = ORIENTED_EDGE('',*,*,#7311,.F.);
#7450 = ORIENTED_EDGE('',*,*,#7276,.F.);
#7451 = ORIENTED_EDGE('',*,*,#7194,.T.);
#7452 = ORIENTED_EDGE('',*,*,#7453,.T.);
#7453 = EDGE_CURVE('',#7195,#7312,#7454,.T.);
#7454 = LINE('',#7455,#7456);
#7455 = CARTESIAN_POINT('',(-0.545,-0.4,0.45));
#7456 = VECTOR('',#7457,1.);
#7457 = DIRECTION('',(0.,1.,0.));
#7458 = PLANE('',#7459);
#7459 = AXIS2_PLACEMENT_3D('',#7460,#7461,#7462);
#7460 = CARTESIAN_POINT('',(-0.8,-0.4,0.45));
#7461 = DIRECTION('',(0.,0.,1.));
#7462 = DIRECTION('',(1.,0.,-0.));
#7463 = ADVANCED_FACE('',(#7464),#7475,.T.);
#7464 = FACE_BOUND('',#7465,.T.);
#7465 = EDGE_LOOP('',(#7466,#7472,#7473,#7474));
#7466 = ORIENTED_EDGE('',*,*,#7467,.T.);
#7467 = EDGE_CURVE('',#7203,#7320,#7468,.T.);
#7468 = LINE('',#7469,#7470);
#7469 = CARTESIAN_POINT('',(-0.5,-0.4,0.405));
#7470 = VECTOR('',#7471,1.);
#7471 = DIRECTION('',(0.,1.,0.));
#7472 = ORIENTED_EDGE('',*,*,#7319,.T.);
#7473 = ORIENTED_EDGE('',*,*,#7453,.F.);
#7474 = ORIENTED_EDGE('',*,*,#7202,.F.);
#7475 = CYLINDRICAL_SURFACE('',#7476,4.5E-02);
#7476 = AXIS2_PLACEMENT_3D('',#7477,#7478,#7479);
#7477 = CARTESIAN_POINT('',(-0.545,-0.4,0.405));
#7478 = DIRECTION('',(0.,1.,0.));
#7479 = DIRECTION('',(1.,0.,0.));
#7480 = ADVANCED_FACE('',(#7481),#7524,.T.);
#7481 = FACE_BOUND('',#7482,.T.);
#7482 = EDGE_LOOP('',(#7483,#7484,#7485,#7486,#7494,#7502,#7510,#7518));
#7483 = ORIENTED_EDGE('',*,*,#7344,.F.);
#7484 = ORIENTED_EDGE('',*,*,#7336,.T.);
#7485 = ORIENTED_EDGE('',*,*,#7328,.T.);
#7486 = ORIENTED_EDGE('',*,*,#7487,.T.);
#7487 = EDGE_CURVE('',#7320,#7488,#7490,.T.);
#7488 = VERTEX_POINT('',#7489);
#7489 = CARTESIAN_POINT('',(0.5,0.4,0.405));
#7490 = LINE('',#7491,#7492);
#7491 = CARTESIAN_POINT('',(-0.5,0.4,0.405));
#7492 = VECTOR('',#7493,1.);
#7493 = DIRECTION('',(1.,0.,0.));
#7494 = ORIENTED_EDGE('',*,*,#7495,.T.);
#7495 = EDGE_CURVE('',#7488,#7496,#7498,.T.);
#7496 = VERTEX_POINT('',#7497);
#7497 = CARTESIAN_POINT('',(0.755,0.4,0.405));
#7498 = LINE('',#7499,#7500);
#7499 = CARTESIAN_POINT('',(-0.755,0.4,0.405));
#7500 = VECTOR('',#7501,1.);
#7501 = DIRECTION('',(1.,0.,0.));
#7502 = ORIENTED_EDGE('',*,*,#7503,.F.);
#7503 = EDGE_CURVE('',#7504,#7496,#7506,.T.);
#7504 = VERTEX_POINT('',#7505);
#7505 = CARTESIAN_POINT('',(0.755,0.4,4.5E-02));
#7506 = LINE('',#7507,#7508);
#7507 = CARTESIAN_POINT('',(0.755,0.4,4.5E-02));
#7508 = VECTOR('',#7509,1.);
#7509 = DIRECTION('',(0.,0.,1.));
#7510 = ORIENTED_EDGE('',*,*,#7511,.F.);
#7511 = EDGE_CURVE('',#7512,#7504,#7514,.T.);
#7512 = VERTEX_POINT('',#7513);
#7513 = CARTESIAN_POINT('',(0.5,0.4,4.5E-02));
#7514 = LINE('',#7515,#7516);
#7515 = CARTESIAN_POINT('',(-0.755,0.4,4.5E-02));
#7516 = VECTOR('',#7517,1.);
#7517 = DIRECTION('',(1.,0.,0.));
#7518 = ORIENTED_EDGE('',*,*,#7519,.F.);
#7519 = EDGE_CURVE('',#7345,#7512,#7520,.T.);
#7520 = LINE('',#7521,#7522);
#7521 = CARTESIAN_POINT('',(-0.755,0.4,4.5E-02));
#7522 = VECTOR('',#7523,1.);
#7523 = DIRECTION('',(1.,0.,0.));
#7524 = PLANE('',#7525);
#7525 = AXIS2_PLACEMENT_3D('',#7526,#7527,#7528);
#7526 = CARTESIAN_POINT('',(-0.755,0.4,4.5E-02));
#7527 = DIRECTION('',(0.,1.,0.));
#7528 = DIRECTION('',(0.,-0.,1.));
#7529 = ADVANCED_FACE('',(#7530),#7541,.F.);
#7530 = FACE_BOUND('',#7531,.F.);
#7531 = EDGE_LOOP('',(#7532,#7533,#7534,#7540));
#7532 = ORIENTED_EDGE('',*,*,#7387,.F.);
#7533 = ORIENTED_EDGE('',*,*,#7436,.T.);
#7534 = ORIENTED_EDGE('',*,*,#7535,.T.);
#7535 = EDGE_CURVE('',#7429,#7512,#7536,.T.);
#7536 = LINE('',#7537,#7538);
#7537 = CARTESIAN_POINT('',(0.5,-0.4,4.5E-02));
#7538 = VECTOR('',#7539,1.);
#7539 = DIRECTION('',(0.,1.,0.));
#7540 = ORIENTED_EDGE('',*,*,#7519,.F.);
#7541 = PLANE('',#7542);
#7542 = AXIS2_PLACEMENT_3D('',#7543,#7544,#7545);
#7543 = CARTESIAN_POINT('',(-0.755,-0.4,4.5E-02));
#7544 = DIRECTION('',(0.,0.,1.));
#7545 = DIRECTION('',(1.,0.,-0.));
#7546 = ADVANCED_FACE('',(#7547),#7610,.F.);
#7547 = FACE_BOUND('',#7548,.F.);
#7548 = EDGE_LOOP('',(#7549,#7559,#7566,#7567,#7568,#7569,#7578,#7586,
    #7595,#7603));
#7549 = ORIENTED_EDGE('',*,*,#7550,.F.);
#7550 = EDGE_CURVE('',#7551,#7553,#7555,.T.);
#7551 = VERTEX_POINT('',#7552);
#7552 = CARTESIAN_POINT('',(0.545,-0.4,-2.775557561563E-17));
#7553 = VERTEX_POINT('',#7554);
#7554 = CARTESIAN_POINT('',(0.755,-0.4,-2.775557561563E-17));
#7555 = LINE('',#7556,#7557);
#7556 = CARTESIAN_POINT('',(0.5,-0.4,0.));
#7557 = VECTOR('',#7558,1.);
#7558 = DIRECTION('',(1.,0.,0.));
#7559 = ORIENTED_EDGE('',*,*,#7560,.F.);
#7560 = EDGE_CURVE('',#7429,#7551,#7561,.T.);
#7561 = CIRCLE('',#7562,4.5E-02);
#7562 = AXIS2_PLACEMENT_3D('',#7563,#7564,#7565);
#7563 = CARTESIAN_POINT('',(0.545,-0.4,4.5E-02));
#7564 = DIRECTION('',(0.,-1.,0.));
#7565 = DIRECTION('',(0.,0.,1.));
#7566 = ORIENTED_EDGE('',*,*,#7428,.T.);
#7567 = ORIENTED_EDGE('',*,*,#7420,.T.);
#7568 = ORIENTED_EDGE('',*,*,#7412,.F.);
#7569 = ORIENTED_EDGE('',*,*,#7570,.T.);
#7570 = EDGE_CURVE('',#7405,#7571,#7573,.T.);
#7571 = VERTEX_POINT('',#7572);
#7572 = CARTESIAN_POINT('',(0.545,-0.4,0.45));
#7573 = CIRCLE('',#7574,4.5E-02);
#7574 = AXIS2_PLACEMENT_3D('',#7575,#7576,#7577);
#7575 = CARTESIAN_POINT('',(0.545,-0.4,0.405));
#7576 = DIRECTION('',(0.,1.,0.));
#7577 = DIRECTION('',(0.,-0.,1.));
#7578 = ORIENTED_EDGE('',*,*,#7579,.T.);
#7579 = EDGE_CURVE('',#7571,#7580,#7582,.T.);
#7580 = VERTEX_POINT('',#7581);
#7581 = CARTESIAN_POINT('',(0.755,-0.4,0.45));
#7582 = LINE('',#7583,#7584);
#7583 = CARTESIAN_POINT('',(0.5,-0.4,0.45));
#7584 = VECTOR('',#7585,1.);
#7585 = DIRECTION('',(1.,0.,0.));
#7586 = ORIENTED_EDGE('',*,*,#7587,.F.);
#7587 = EDGE_CURVE('',#7588,#7580,#7590,.T.);
#7588 = VERTEX_POINT('',#7589);
#7589 = CARTESIAN_POINT('',(0.8,-0.4,0.405));
#7590 = CIRCLE('',#7591,4.5E-02);
#7591 = AXIS2_PLACEMENT_3D('',#7592,#7593,#7594);
#7592 = CARTESIAN_POINT('',(0.755,-0.4,0.405));
#7593 = DIRECTION('',(0.,-1.,0.));
#7594 = DIRECTION('',(0.,0.,1.));
#7595 = ORIENTED_EDGE('',*,*,#7596,.F.);
#7596 = EDGE_CURVE('',#7597,#7588,#7599,.T.);
#7597 = VERTEX_POINT('',#7598);
#7598 = CARTESIAN_POINT('',(0.8,-0.4,4.5E-02));
#7599 = LINE('',#7600,#7601);
#7600 = CARTESIAN_POINT('',(0.8,-0.4,0.));
#7601 = VECTOR('',#7602,1.);
#7602 = DIRECTION('',(0.,0.,1.));
#7603 = ORIENTED_EDGE('',*,*,#7604,.T.);
#7604 = EDGE_CURVE('',#7597,#7553,#7605,.T.);
#7605 = CIRCLE('',#7606,4.5E-02);
#7606 = AXIS2_PLACEMENT_3D('',#7607,#7608,#7609);
#7607 = CARTESIAN_POINT('',(0.755,-0.4,4.5E-02));
#7608 = DIRECTION('',(0.,1.,0.));
#7609 = DIRECTION('',(0.,-0.,1.));
#7610 = PLANE('',#7611);
#7611 = AXIS2_PLACEMENT_3D('',#7612,#7613,#7614);
#7612 = CARTESIAN_POINT('',(0.5,-0.4,0.));
#7613 = DIRECTION('',(0.,1.,0.));
#7614 = DIRECTION('',(0.,-0.,1.));
#7615 = ADVANCED_FACE('',(#7616),#7641,.F.);
#7616 = FACE_BOUND('',#7617,.F.);
#7617 = EDGE_LOOP('',(#7618,#7619,#7627,#7635));
#7618 = ORIENTED_EDGE('',*,*,#7404,.F.);
#7619 = ORIENTED_EDGE('',*,*,#7620,.T.);
#7620 = EDGE_CURVE('',#7203,#7621,#7623,.T.);
#7621 = VERTEX_POINT('',#7622);
#7622 = CARTESIAN_POINT('',(-0.5,-0.4,0.45));
#7623 = LINE('',#7624,#7625);
#7624 = CARTESIAN_POINT('',(-0.5,-0.4,0.405));
#7625 = VECTOR('',#7626,1.);
#7626 = DIRECTION('',(0.,0.,1.));
#7627 = ORIENTED_EDGE('',*,*,#7628,.T.);
#7628 = EDGE_CURVE('',#7621,#7629,#7631,.T.);
#7629 = VERTEX_POINT('',#7630);
#7630 = CARTESIAN_POINT('',(0.5,-0.4,0.45));
#7631 = LINE('',#7632,#7633);
#7632 = CARTESIAN_POINT('',(-0.5,-0.4,0.45));
#7633 = VECTOR('',#7634,1.);
#7634 = DIRECTION('',(1.,0.,0.));
#7635 = ORIENTED_EDGE('',*,*,#7636,.F.);
#7636 = EDGE_CURVE('',#7405,#7629,#7637,.T.);
#7637 = LINE('',#7638,#7639);
#7638 = CARTESIAN_POINT('',(0.5,-0.4,0.405));
#7639 = VECTOR('',#7640,1.);
#7640 = DIRECTION('',(0.,0.,1.));
#7641 = PLANE('',#7642);
#7642 = AXIS2_PLACEMENT_3D('',#7643,#7644,#7645);
#7643 = CARTESIAN_POINT('',(-0.5,-0.4,0.405));
#7644 = DIRECTION('',(0.,1.,0.));
#7645 = DIRECTION('',(0.,-0.,1.));
#7646 = ADVANCED_FACE('',(#7647),#7665,.F.);
#7647 = FACE_BOUND('',#7648,.F.);
#7648 = EDGE_LOOP('',(#7649,#7650,#7651,#7659));
#7649 = ORIENTED_EDGE('',*,*,#7620,.F.);
#7650 = ORIENTED_EDGE('',*,*,#7467,.T.);
#7651 = ORIENTED_EDGE('',*,*,#7652,.T.);
#7652 = EDGE_CURVE('',#7320,#7653,#7655,.T.);
#7653 = VERTEX_POINT('',#7654);
#7654 = CARTESIAN_POINT('',(-0.5,0.4,0.45));
#7655 = LINE('',#7656,#7657);
#7656 = CARTESIAN_POINT('',(-0.5,0.4,0.405));
#7657 = VECTOR('',#7658,1.);
#7658 = DIRECTION('',(0.,0.,1.));
#7659 = ORIENTED_EDGE('',*,*,#7660,.F.);
#7660 = EDGE_CURVE('',#7621,#7653,#7661,.T.);
#7661 = LINE('',#7662,#7663);
#7662 = CARTESIAN_POINT('',(-0.5,-0.4,0.45));
#7663 = VECTOR('',#7664,1.);
#7664 = DIRECTION('',(0.,1.,0.));
#7665 = PLANE('',#7666);
#7666 = AXIS2_PLACEMENT_3D('',#7667,#7668,#7669);
#7667 = CARTESIAN_POINT('',(-0.5,-0.4,0.405));
#7668 = DIRECTION('',(1.,0.,0.));
#7669 = DIRECTION('',(0.,0.,1.));
#7670 = ADVANCED_FACE('',(#7671),#7734,.T.);
#7671 = FACE_BOUND('',#7672,.T.);
#7672 = EDGE_LOOP('',(#7673,#7683,#7690,#7691,#7692,#7693,#7702,#7710,
    #7719,#7727));
#7673 = ORIENTED_EDGE('',*,*,#7674,.F.);
#7674 = EDGE_CURVE('',#7675,#7677,#7679,.T.);
#7675 = VERTEX_POINT('',#7676);
#7676 = CARTESIAN_POINT('',(0.545,0.4,-2.775557561563E-17));
#7677 = VERTEX_POINT('',#7678);
#7678 = CARTESIAN_POINT('',(0.755,0.4,-2.775557561563E-17));
#7679 = LINE('',#7680,#7681);
#7680 = CARTESIAN_POINT('',(0.5,0.4,0.));
#7681 = VECTOR('',#7682,1.);
#7682 = DIRECTION('',(1.,0.,0.));
#7683 = ORIENTED_EDGE('',*,*,#7684,.F.);
#7684 = EDGE_CURVE('',#7512,#7675,#7685,.T.);
#7685 = CIRCLE('',#7686,4.5E-02);
#7686 = AXIS2_PLACEMENT_3D('',#7687,#7688,#7689);
#7687 = CARTESIAN_POINT('',(0.545,0.4,4.5E-02));
#7688 = DIRECTION('',(0.,-1.,0.));
#7689 = DIRECTION('',(0.,0.,1.));
#7690 = ORIENTED_EDGE('',*,*,#7511,.T.);
#7691 = ORIENTED_EDGE('',*,*,#7503,.T.);
#7692 = ORIENTED_EDGE('',*,*,#7495,.F.);
#7693 = ORIENTED_EDGE('',*,*,#7694,.T.);
#7694 = EDGE_CURVE('',#7488,#7695,#7697,.T.);
#7695 = VERTEX_POINT('',#7696);
#7696 = CARTESIAN_POINT('',(0.545,0.4,0.45));
#7697 = CIRCLE('',#7698,4.5E-02);
#7698 = AXIS2_PLACEMENT_3D('',#7699,#7700,#7701);
#7699 = CARTESIAN_POINT('',(0.545,0.4,0.405));
#7700 = DIRECTION('',(0.,1.,0.));
#7701 = DIRECTION('',(0.,-0.,1.));
#7702 = ORIENTED_EDGE('',*,*,#7703,.T.);
#7703 = EDGE_CURVE('',#7695,#7704,#7706,.T.);
#7704 = VERTEX_POINT('',#7705);
#7705 = CARTESIAN_POINT('',(0.755,0.4,0.45));
#7706 = LINE('',#7707,#7708);
#7707 = CARTESIAN_POINT('',(0.5,0.4,0.45));
#7708 = VECTOR('',#7709,1.);
#7709 = DIRECTION('',(1.,0.,0.));
#7710 = ORIENTED_EDGE('',*,*,#7711,.F.);
#7711 = EDGE_CURVE('',#7712,#7704,#7714,.T.);
#7712 = VERTEX_POINT('',#7713);
#7713 = CARTESIAN_POINT('',(0.8,0.4,0.405));
#7714 = CIRCLE('',#7715,4.5E-02);
#7715 = AXIS2_PLACEMENT_3D('',#7716,#7717,#7718);
#7716 = CARTESIAN_POINT('',(0.755,0.4,0.405));
#7717 = DIRECTION('',(0.,-1.,0.));
#7718 = DIRECTION('',(0.,0.,1.));
#7719 = ORIENTED_EDGE('',*,*,#7720,.F.);
#7720 = EDGE_CURVE('',#7721,#7712,#7723,.T.);
#7721 = VERTEX_POINT('',#7722);
#7722 = CARTESIAN_POINT('',(0.8,0.4,4.5E-02));
#7723 = LINE('',#7724,#7725);
#7724 = CARTESIAN_POINT('',(0.8,0.4,0.));
#7725 = VECTOR('',#7726,1.);
#7726 = DIRECTION('',(0.,0.,1.));
#7727 = ORIENTED_EDGE('',*,*,#7728,.T.);
#7728 = EDGE_CURVE('',#7721,#7677,#7729,.T.);
#7729 = CIRCLE('',#7730,4.5E-02);
#7730 = AXIS2_PLACEMENT_3D('',#7731,#7732,#7733);
#7731 = CARTESIAN_POINT('',(0.755,0.4,4.5E-02));
#7732 = DIRECTION('',(0.,1.,0.));
#7733 = DIRECTION('',(0.,-0.,1.));
#7734 = PLANE('',#7735);
#7735 = AXIS2_PLACEMENT_3D('',#7736,#7737,#7738);
#7736 = CARTESIAN_POINT('',(0.5,0.4,0.));
#7737 = DIRECTION('',(0.,1.,0.));
#7738 = DIRECTION('',(0.,-0.,1.));
#7739 = ADVANCED_FACE('',(#7740),#7758,.T.);
#7740 = FACE_BOUND('',#7741,.T.);
#7741 = EDGE_LOOP('',(#7742,#7743,#7744,#7752));
#7742 = ORIENTED_EDGE('',*,*,#7487,.F.);
#7743 = ORIENTED_EDGE('',*,*,#7652,.T.);
#7744 = ORIENTED_EDGE('',*,*,#7745,.T.);
#7745 = EDGE_CURVE('',#7653,#7746,#7748,.T.);
#7746 = VERTEX_POINT('',#7747);
#7747 = CARTESIAN_POINT('',(0.5,0.4,0.45));
#7748 = LINE('',#7749,#7750);
#7749 = CARTESIAN_POINT('',(-0.5,0.4,0.45));
#7750 = VECTOR('',#7751,1.);
#7751 = DIRECTION('',(1.,0.,0.));
#7752 = ORIENTED_EDGE('',*,*,#7753,.F.);
#7753 = EDGE_CURVE('',#7488,#7746,#7754,.T.);
#7754 = LINE('',#7755,#7756);
#7755 = CARTESIAN_POINT('',(0.5,0.4,0.405));
#7756 = VECTOR('',#7757,1.);
#7757 = DIRECTION('',(0.,0.,1.));
#7758 = PLANE('',#7759);
#7759 = AXIS2_PLACEMENT_3D('',#7760,#7761,#7762);
#7760 = CARTESIAN_POINT('',(-0.5,0.4,0.405));
#7761 = DIRECTION('',(0.,1.,0.));
#7762 = DIRECTION('',(0.,-0.,1.));
#7763 = ADVANCED_FACE('',(#7764),#7775,.T.);
#7764 = FACE_BOUND('',#7765,.T.);
#7765 = EDGE_LOOP('',(#7766,#7767,#7768,#7774));
#7766 = ORIENTED_EDGE('',*,*,#7535,.T.);
#7767 = ORIENTED_EDGE('',*,*,#7684,.T.);
#7768 = ORIENTED_EDGE('',*,*,#7769,.F.);
#7769 = EDGE_CURVE('',#7551,#7675,#7770,.T.);
#7770 = LINE('',#7771,#7772);
#7771 = CARTESIAN_POINT('',(0.545,-0.4,-2.775557561563E-17));
#7772 = VECTOR('',#7773,1.);
#7773 = DIRECTION('',(0.,1.,0.));
#7774 = ORIENTED_EDGE('',*,*,#7560,.F.);
#7775 = CYLINDRICAL_SURFACE('',#7776,4.5E-02);
#7776 = AXIS2_PLACEMENT_3D('',#7777,#7778,#7779);
#7777 = CARTESIAN_POINT('',(0.545,-0.4,4.5E-02));
#7778 = DIRECTION('',(0.,1.,0.));
#7779 = DIRECTION('',(-1.,0.,0.));
#7780 = ADVANCED_FACE('',(#7781),#7792,.F.);
#7781 = FACE_BOUND('',#7782,.F.);
#7782 = EDGE_LOOP('',(#7783,#7784,#7785,#7786));
#7783 = ORIENTED_EDGE('',*,*,#7674,.F.);
#7784 = ORIENTED_EDGE('',*,*,#7769,.F.);
#7785 = ORIENTED_EDGE('',*,*,#7550,.T.);
#7786 = ORIENTED_EDGE('',*,*,#7787,.T.);
#7787 = EDGE_CURVE('',#7553,#7677,#7788,.T.);
#7788 = LINE('',#7789,#7790);
#7789 = CARTESIAN_POINT('',(0.755,-0.4,-2.775557561563E-17));
#7790 = VECTOR('',#7791,1.);
#7791 = DIRECTION('',(0.,1.,0.));
#7792 = PLANE('',#7793);
#7793 = AXIS2_PLACEMENT_3D('',#7794,#7795,#7796);
#7794 = CARTESIAN_POINT('',(0.5,-0.4,0.));
#7795 = DIRECTION('',(0.,0.,1.));
#7796 = DIRECTION('',(1.,0.,-0.));
#7797 = ADVANCED_FACE('',(#7798),#7809,.T.);
#7798 = FACE_BOUND('',#7799,.T.);
#7799 = EDGE_LOOP('',(#7800,#7801,#7802,#7803));
#7800 = ORIENTED_EDGE('',*,*,#7604,.T.);
#7801 = ORIENTED_EDGE('',*,*,#7787,.T.);
#7802 = ORIENTED_EDGE('',*,*,#7728,.F.);
#7803 = ORIENTED_EDGE('',*,*,#7804,.F.);
#7804 = EDGE_CURVE('',#7597,#7721,#7805,.T.);
#7805 = LINE('',#7806,#7807);
#7806 = CARTESIAN_POINT('',(0.8,-0.4,4.5E-02));
#7807 = VECTOR('',#7808,1.);
#7808 = DIRECTION('',(0.,1.,0.));
#7809 = CYLINDRICAL_SURFACE('',#7810,4.5E-02);
#7810 = AXIS2_PLACEMENT_3D('',#7811,#7812,#7813);
#7811 = CARTESIAN_POINT('',(0.755,-0.4,4.5E-02));
#7812 = DIRECTION('',(0.,1.,0.));
#7813 = DIRECTION('',(1.,0.,0.));
#7814 = ADVANCED_FACE('',(#7815),#7826,.T.);
#7815 = FACE_BOUND('',#7816,.T.);
#7816 = EDGE_LOOP('',(#7817,#7818,#7819,#7820));
#7817 = ORIENTED_EDGE('',*,*,#7596,.F.);
#7818 = ORIENTED_EDGE('',*,*,#7804,.T.);
#7819 = ORIENTED_EDGE('',*,*,#7720,.T.);
#7820 = ORIENTED_EDGE('',*,*,#7821,.F.);
#7821 = EDGE_CURVE('',#7588,#7712,#7822,.T.);
#7822 = LINE('',#7823,#7824);
#7823 = CARTESIAN_POINT('',(0.8,-0.4,0.405));
#7824 = VECTOR('',#7825,1.);
#7825 = DIRECTION('',(0.,1.,0.));
#7826 = PLANE('',#7827);
#7827 = AXIS2_PLACEMENT_3D('',#7828,#7829,#7830);
#7828 = CARTESIAN_POINT('',(0.8,-0.4,0.));
#7829 = DIRECTION('',(1.,0.,0.));
#7830 = DIRECTION('',(0.,0.,1.));
#7831 = ADVANCED_FACE('',(#7832),#7843,.T.);
#7832 = FACE_BOUND('',#7833,.T.);
#7833 = EDGE_LOOP('',(#7834,#7835,#7836,#7842));
#7834 = ORIENTED_EDGE('',*,*,#7821,.T.);
#7835 = ORIENTED_EDGE('',*,*,#7711,.T.);
#7836 = ORIENTED_EDGE('',*,*,#7837,.F.);
#7837 = EDGE_CURVE('',#7580,#7704,#7838,.T.);
#7838 = LINE('',#7839,#7840);
#7839 = CARTESIAN_POINT('',(0.755,-0.4,0.45));
#7840 = VECTOR('',#7841,1.);
#7841 = DIRECTION('',(0.,1.,0.));
#7842 = ORIENTED_EDGE('',*,*,#7587,.F.);
#7843 = CYLINDRICAL_SURFACE('',#7844,4.5E-02);
#7844 = AXIS2_PLACEMENT_3D('',#7845,#7846,#7847);
#7845 = CARTESIAN_POINT('',(0.755,-0.4,0.405));
#7846 = DIRECTION('',(0.,1.,0.));
#7847 = DIRECTION('',(1.,0.,0.));
#7848 = ADVANCED_FACE('',(#7849),#7860,.T.);
#7849 = FACE_BOUND('',#7850,.T.);
#7850 = EDGE_LOOP('',(#7851,#7852,#7858,#7859));
#7851 = ORIENTED_EDGE('',*,*,#7703,.F.);
#7852 = ORIENTED_EDGE('',*,*,#7853,.F.);
#7853 = EDGE_CURVE('',#7571,#7695,#7854,.T.);
#7854 = LINE('',#7855,#7856);
#7855 = CARTESIAN_POINT('',(0.545,-0.4,0.45));
#7856 = VECTOR('',#7857,1.);
#7857 = DIRECTION('',(0.,1.,0.));
#7858 = ORIENTED_EDGE('',*,*,#7579,.T.);
#7859 = ORIENTED_EDGE('',*,*,#7837,.T.);
#7860 = PLANE('',#7861);
#7861 = AXIS2_PLACEMENT_3D('',#7862,#7863,#7864);
#7862 = CARTESIAN_POINT('',(0.5,-0.4,0.45));
#7863 = DIRECTION('',(0.,0.,1.));
#7864 = DIRECTION('',(1.,0.,-0.));
#7865 = ADVANCED_FACE('',(#7866),#7877,.T.);
#7866 = FACE_BOUND('',#7867,.T.);
#7867 = EDGE_LOOP('',(#7868,#7869,#7870,#7871));
#7868 = ORIENTED_EDGE('',*,*,#7570,.T.);
#7869 = ORIENTED_EDGE('',*,*,#7853,.T.);
#7870 = ORIENTED_EDGE('',*,*,#7694,.F.);
#7871 = ORIENTED_EDGE('',*,*,#7872,.F.);
#7872 = EDGE_CURVE('',#7405,#7488,#7873,.T.);
#7873 = LINE('',#7874,#7875);
#7874 = CARTESIAN_POINT('',(0.5,-0.4,0.405));
#7875 = VECTOR('',#7876,1.);
#7876 = DIRECTION('',(0.,1.,0.));
#7877 = CYLINDRICAL_SURFACE('',#7878,4.5E-02);
#7878 = AXIS2_PLACEMENT_3D('',#7879,#7880,#7881);
#7879 = CARTESIAN_POINT('',(0.545,-0.4,0.405));
#7880 = DIRECTION('',(0.,1.,0.));
#7881 = DIRECTION('',(-1.,0.,0.));
#7882 = ADVANCED_FACE('',(#7883),#7894,.T.);
#7883 = FACE_BOUND('',#7884,.T.);
#7884 = EDGE_LOOP('',(#7885,#7886,#7887,#7888));
#7885 = ORIENTED_EDGE('',*,*,#7636,.F.);
#7886 = ORIENTED_EDGE('',*,*,#7872,.T.);
#7887 = ORIENTED_EDGE('',*,*,#7753,.T.);
#7888 = ORIENTED_EDGE('',*,*,#7889,.F.);
#7889 = EDGE_CURVE('',#7629,#7746,#7890,.T.);
#7890 = LINE('',#7891,#7892);
#7891 = CARTESIAN_POINT('',(0.5,-0.4,0.45));
#7892 = VECTOR('',#7893,1.);
#7893 = DIRECTION('',(0.,1.,0.));
#7894 = PLANE('',#7895);
#7895 = AXIS2_PLACEMENT_3D('',#7896,#7897,#7898);
#7896 = CARTESIAN_POINT('',(0.5,-0.4,0.405));
#7897 = DIRECTION('',(1.,0.,0.));
#7898 = DIRECTION('',(0.,0.,1.));
#7899 = ADVANCED_FACE('',(#7900),#7906,.T.);
#7900 = FACE_BOUND('',#7901,.T.);
#7901 = EDGE_LOOP('',(#7902,#7903,#7904,#7905));
#7902 = ORIENTED_EDGE('',*,*,#7660,.F.);
#7903 = ORIENTED_EDGE('',*,*,#7628,.T.);
#7904 = ORIENTED_EDGE('',*,*,#7889,.T.);
#7905 = ORIENTED_EDGE('',*,*,#7745,.F.);
#7906 = PLANE('',#7907);
#7907 = AXIS2_PLACEMENT_3D('',#7908,#7909,#7910);
#7908 = CARTESIAN_POINT('',(-0.5,-0.4,0.45));
#7909 = DIRECTION('',(0.,0.,1.));
#7910 = DIRECTION('',(1.,0.,-0.));
#7911 = ( GEOMETRIC_REPRESENTATION_CONTEXT(3) 
GLOBAL_UNCERTAINTY_ASSIGNED_CONTEXT((#7915)) 
GLOBAL_UNIT_ASSIGNED_CONTEXT((#7912,#7913,#7914)) REPRESENTATION_CONTEXT
('Context #1','3D Context with UNIT and UNCERTAINTY') );
#7912 = ( LENGTH_UNIT() NAMED_UNIT(*) SI_UNIT(.MILLI.,.METRE.) );
#7913 = ( NAMED_UNIT(*) PLANE_ANGLE_UNIT() SI_UNIT($,.RADIAN.) );
#7914 = ( NAMED_UNIT(*) SI_UNIT($,.STERADIAN.) SOLID_ANGLE_UNIT() );
#7915 = UNCERTAINTY_MEASURE_WITH_UNIT(LENGTH_MEASURE(1.E-07),#7912,
  'distance_accuracy_value','confusion accuracy');
#7916 = CONTEXT_DEPENDENT_SHAPE_REPRESENTATION(#7917,#7919);
#7917 = ( REPRESENTATION_RELATIONSHIP('','',#7120,#10) 
REPRESENTATION_RELATIONSHIP_WITH_TRANSFORMATION(#7918) 
SHAPE_REPRESENTATION_RELATIONSHIP() );
#7918 = ITEM_DEFINED_TRANSFORMATION('','',#11,#27);
#7919 = PRODUCT_DEFINITION_SHAPE('Placement','Placement of an item',
  #7920);
#7920 = NEXT_ASSEMBLY_USAGE_OCCURRENCE('6','R9','',#5,#7115,$);
#7921 = PRODUCT_RELATED_PRODUCT_CATEGORY('part',$,(#7117));
#7922 = SHAPE_DEFINITION_REPRESENTATION(#7923,#7929);
#7923 = PRODUCT_DEFINITION_SHAPE('','',#7924);
#7924 = PRODUCT_DEFINITION('design','',#7925,#7928);
#7925 = PRODUCT_DEFINITION_FORMATION('','',#7926);
#7926 = PRODUCT('STPS5L60S','STPS5L60S','',(#7927));
#7927 = PRODUCT_CONTEXT('',#2,'mechanical');
#7928 = PRODUCT_DEFINITION_CONTEXT('part definition',#2,'design');
#7929 = SHAPE_REPRESENTATION('',(#11,#7930,#7934,#7938),#7942);
#7930 = AXIS2_PLACEMENT_3D('',#7931,#7932,#7933);
#7931 = CARTESIAN_POINT('',(0.,0.,0.));
#7932 = DIRECTION('',(0.,0.,1.));
#7933 = DIRECTION('',(1.,0.,0.));
#7934 = AXIS2_PLACEMENT_3D('',#7935,#7936,#7937);
#7935 = CARTESIAN_POINT('',(0.,0.,0.));
#7936 = DIRECTION('',(0.,0.,1.));
#7937 = DIRECTION('',(1.,0.,0.));
#7938 = AXIS2_PLACEMENT_3D('',#7939,#7940,#7941);
#7939 = CARTESIAN_POINT('',(0.,0.,0.));
#7940 = DIRECTION('',(0.,0.,1.));
#7941 = DIRECTION('',(1.,0.,0.));
#7942 = ( GEOMETRIC_REPRESENTATION_CONTEXT(3) 
GLOBAL_UNCERTAINTY_ASSIGNED_CONTEXT((#7946)) 
GLOBAL_UNIT_ASSIGNED_CONTEXT((#7943,#7944,#7945)) REPRESENTATION_CONTEXT
('Context #1','3D Context with UNIT and UNCERTAINTY') );
#7943 = ( LENGTH_UNIT() NAMED_UNIT(*) SI_UNIT(.MILLI.,.METRE.) );
#7944 = ( NAMED_UNIT(*) PLANE_ANGLE_UNIT() SI_UNIT($,.RADIAN.) );
#7945 = ( NAMED_UNIT(*) SI_UNIT($,.STERADIAN.) SOLID_ANGLE_UNIT() );
#7946 = UNCERTAINTY_MEASURE_WITH_UNIT(LENGTH_MEASURE(1.E-07),#7943,
  'distance_accuracy_value','confusion accuracy');
#7947 = CONTEXT_DEPENDENT_SHAPE_REPRESENTATION(#7948,#7950);
#7948 = ( REPRESENTATION_RELATIONSHIP('','',#7929,#10) 
REPRESENTATION_RELATIONSHIP_WITH_TRANSFORMATION(#7949) 
SHAPE_REPRESENTATION_RELATIONSHIP() );
#7949 = ITEM_DEFINED_TRANSFORMATION('','',#11,#31);
#7950 = PRODUCT_DEFINITION_SHAPE('Placement','Placement of an item',
  #7951);
#7951 = NEXT_ASSEMBLY_USAGE_OCCURRENCE('10','D2','',#5,#7924,$);
#7952 = PRODUCT_RELATED_PRODUCT_CATEGORY('part',$,(#7926));
#7953 = SHAPE_DEFINITION_REPRESENTATION(#7954,#7960);
#7954 = PRODUCT_DEFINITION_SHAPE('','',#7955);
#7955 = PRODUCT_DEFINITION('design','',#7956,#7959);
#7956 = PRODUCT_DEFINITION_FORMATION('','',#7957);
#7957 = PRODUCT('Body','Body','',(#7958));
#7958 = PRODUCT_CONTEXT('',#2,'mechanical');
#7959 = PRODUCT_DEFINITION_CONTEXT('part definition',#2,'design');
#7960 = ADVANCED_BREP_SHAPE_REPRESENTATION('',(#11,#7961),#8336);
#7961 = MANIFOLD_SOLID_BREP('',#7962);
#7962 = CLOSED_SHELL('',(#7963,#8003,#8042,#8066,#8097,#8129,#8153,#8170
    ,#8187,#8218,#8242,#8259,#8283,#8307,#8324));
#7963 = ADVANCED_FACE('',(#7964),#7998,.F.);
#7964 = FACE_BOUND('',#7965,.F.);
#7965 = EDGE_LOOP('',(#7966,#7976,#7984,#7992));
#7966 = ORIENTED_EDGE('',*,*,#7967,.F.);
#7967 = EDGE_CURVE('',#7968,#7970,#7972,.T.);
#7968 = VERTEX_POINT('',#7969);
#7969 = CARTESIAN_POINT('',(-3.875,-2.95,1.2575));
#7970 = VERTEX_POINT('',#7971);
#7971 = CARTESIAN_POINT('',(-3.840785940177,-2.915785940177,
    2.00484240477));
#7972 = LINE('',#7973,#7974);
#7973 = CARTESIAN_POINT('',(-3.843191527851,-2.918191527851,
    1.952296823017));
#7974 = VECTOR('',#7975,1.);
#7975 = DIRECTION('',(4.568531788418E-02,4.568531788418E-02,
    0.997910669078));
#7976 = ORIENTED_EDGE('',*,*,#7977,.T.);
#7977 = EDGE_CURVE('',#7968,#7978,#7980,.T.);
#7978 = VERTEX_POINT('',#7979);
#7979 = CARTESIAN_POINT('',(-3.875,2.95,1.2575));
#7980 = LINE('',#7981,#7982);
#7981 = CARTESIAN_POINT('',(-3.875,-2.95,1.2575));
#7982 = VECTOR('',#7983,1.);
#7983 = DIRECTION('',(0.,1.,0.));
#7984 = ORIENTED_EDGE('',*,*,#7985,.T.);
#7985 = EDGE_CURVE('',#7978,#7986,#7988,.T.);
#7986 = VERTEX_POINT('',#7987);
#7987 = CARTESIAN_POINT('',(-3.840785940177,2.915785940177,2.00484240477
    ));
#7988 = LINE('',#7989,#7990);
#7989 = CARTESIAN_POINT('',(-3.837034440454,2.912034440454,
    2.086786928121));
#7990 = VECTOR('',#7991,1.);
#7991 = DIRECTION('',(4.568531788418E-02,-4.568531788418E-02,
    0.997910669078));
#7992 = ORIENTED_EDGE('',*,*,#7993,.F.);
#7993 = EDGE_CURVE('',#7970,#7986,#7994,.T.);
#7994 = LINE('',#7995,#7996);
#7995 = CARTESIAN_POINT('',(-3.840785940177,-2.88625,2.00484240477));
#7996 = VECTOR('',#7997,1.);
#7997 = DIRECTION('',(0.,1.,0.));
#7998 = PLANE('',#7999);
#7999 = AXIS2_PLACEMENT_3D('',#8000,#8001,#8002);
#8000 = CARTESIAN_POINT('',(-3.843125,-2.95,1.95375));
#8001 = DIRECTION('',(0.998953695839,0.,-4.573306866051E-02));
#8002 = DIRECTION('',(0.,1.,0.));
#8003 = ADVANCED_FACE('',(#8004),#8037,.F.);
#8004 = FACE_BOUND('',#8005,.T.);
#8005 = EDGE_LOOP('',(#8006,#8007,#8015,#8023,#8031));
#8006 = ORIENTED_EDGE('',*,*,#7967,.F.);
#8007 = ORIENTED_EDGE('',*,*,#8008,.T.);
#8008 = EDGE_CURVE('',#7968,#8009,#8011,.T.);
#8009 = VERTEX_POINT('',#8010);
#8010 = CARTESIAN_POINT('',(3.875,-2.95,1.2575));
#8011 = LINE('',#8012,#8013);
#8012 = CARTESIAN_POINT('',(-3.875,-2.95,1.2575));
#8013 = VECTOR('',#8014,1.);
#8014 = DIRECTION('',(1.,0.,0.));
#8015 = ORIENTED_EDGE('',*,*,#8016,.T.);
#8016 = EDGE_CURVE('',#8009,#8017,#8019,.T.);
#8017 = VERTEX_POINT('',#8018);
#8018 = CARTESIAN_POINT('',(3.81125,-2.88625,2.65));
#8019 = LINE('',#8020,#8021);
#8020 = CARTESIAN_POINT('',(3.835103828304,-2.910103828304,
    2.128957554297));
#8021 = VECTOR('',#8022,1.);
#8022 = DIRECTION('',(-4.568531788418E-02,4.568531788418E-02,
    0.997910669078));
#8023 = ORIENTED_EDGE('',*,*,#8024,.F.);
#8024 = EDGE_CURVE('',#8025,#8017,#8027,.T.);
#8025 = VERTEX_POINT('',#8026);
#8026 = CARTESIAN_POINT('',(-3.165416666667,-2.88625,2.65));
#8027 = LINE('',#8028,#8029);
#8028 = CARTESIAN_POINT('',(-3.875,-2.88625,2.65));
#8029 = VECTOR('',#8030,1.);
#8030 = DIRECTION('',(1.,0.,0.));
#8031 = ORIENTED_EDGE('',*,*,#8032,.F.);
#8032 = EDGE_CURVE('',#7970,#8025,#8033,.T.);
#8033 = LINE('',#8034,#8035);
#8034 = CARTESIAN_POINT('',(-3.69348440756,-2.909343998818,
    2.145554614053));
#8035 = VECTOR('',#8036,1.);
#8036 = DIRECTION('',(0.722733822583,3.160733510494E-02,0.690403358959)
  );
#8037 = PLANE('',#8038);
#8038 = AXIS2_PLACEMENT_3D('',#8039,#8040,#8041);
#8039 = CARTESIAN_POINT('',(-3.875,-2.918125,1.95375));
#8040 = DIRECTION('',(0.,0.998953695839,-4.573306866051E-02));
#8041 = DIRECTION('',(-1.,0.,-0.));
#8042 = ADVANCED_FACE('',(#8043),#8061,.F.);
#8043 = FACE_BOUND('',#8044,.F.);
#8044 = EDGE_LOOP('',(#8045,#8046,#8047,#8055));
#8045 = ORIENTED_EDGE('',*,*,#8032,.F.);
#8046 = ORIENTED_EDGE('',*,*,#7993,.T.);
#8047 = ORIENTED_EDGE('',*,*,#8048,.T.);
#8048 = EDGE_CURVE('',#7986,#8049,#8051,.T.);
#8049 = VERTEX_POINT('',#8050);
#8050 = CARTESIAN_POINT('',(-3.165416666667,2.88625,2.65));
#8051 = LINE('',#8052,#8053);
#8052 = CARTESIAN_POINT('',(-3.627551806945,2.906460566859,
    2.208537814101));
#8053 = VECTOR('',#8054,1.);
#8054 = DIRECTION('',(0.722733822583,-3.160733510494E-02,0.690403358959)
  );
#8055 = ORIENTED_EDGE('',*,*,#8056,.F.);
#8056 = EDGE_CURVE('',#8025,#8049,#8057,.T.);
#8057 = LINE('',#8058,#8059);
#8058 = CARTESIAN_POINT('',(-3.165416666667,-2.88625,2.65));
#8059 = VECTOR('',#8060,1.);
#8060 = DIRECTION('',(0.,1.,0.));
#8061 = PLANE('',#8062);
#8062 = AXIS2_PLACEMENT_3D('',#8063,#8064,#8065);
#8063 = CARTESIAN_POINT('',(-3.503101303422,-2.88625,2.327421202385));
#8064 = DIRECTION('',(0.690748482206,0.,-0.723095107389));
#8065 = DIRECTION('',(0.,1.,0.));
#8066 = ADVANCED_FACE('',(#8067),#8092,.F.);
#8067 = FACE_BOUND('',#8068,.F.);
#8068 = EDGE_LOOP('',(#8069,#8077,#8085,#8091));
#8069 = ORIENTED_EDGE('',*,*,#8070,.F.);
#8070 = EDGE_CURVE('',#8071,#7968,#8073,.T.);
#8071 = VERTEX_POINT('',#8072);
#8072 = CARTESIAN_POINT('',(-3.875,-2.95,1.2475));
#8073 = LINE('',#8074,#8075);
#8074 = CARTESIAN_POINT('',(-3.875,-2.95,0.1));
#8075 = VECTOR('',#8076,1.);
#8076 = DIRECTION('',(0.,0.,1.));
#8077 = ORIENTED_EDGE('',*,*,#8078,.T.);
#8078 = EDGE_CURVE('',#8071,#8079,#8081,.T.);
#8079 = VERTEX_POINT('',#8080);
#8080 = CARTESIAN_POINT('',(-3.875,2.95,1.2475));
#8081 = LINE('',#8082,#8083);
#8082 = CARTESIAN_POINT('',(-3.875,-2.95,1.2475));
#8083 = VECTOR('',#8084,1.);
#8084 = DIRECTION('',(0.,1.,0.));
#8085 = ORIENTED_EDGE('',*,*,#8086,.T.);
#8086 = EDGE_CURVE('',#8079,#7978,#8087,.T.);
#8087 = LINE('',#8088,#8089);
#8088 = CARTESIAN_POINT('',(-3.875,2.95,0.1));
#8089 = VECTOR('',#8090,1.);
#8090 = DIRECTION('',(0.,0.,1.));
#8091 = ORIENTED_EDGE('',*,*,#7977,.F.);
#8092 = PLANE('',#8093);
#8093 = AXIS2_PLACEMENT_3D('',#8094,#8095,#8096);
#8094 = CARTESIAN_POINT('',(-3.875,-2.95,0.1));
#8095 = DIRECTION('',(1.,0.,0.));
#8096 = DIRECTION('',(0.,0.,1.));
#8097 = ADVANCED_FACE('',(#8098),#8124,.T.);
#8098 = FACE_BOUND('',#8099,.F.);
#8099 = EDGE_LOOP('',(#8100,#8101,#8109,#8117,#8123));
#8100 = ORIENTED_EDGE('',*,*,#7985,.F.);
#8101 = ORIENTED_EDGE('',*,*,#8102,.T.);
#8102 = EDGE_CURVE('',#7978,#8103,#8105,.T.);
#8103 = VERTEX_POINT('',#8104);
#8104 = CARTESIAN_POINT('',(3.875,2.95,1.2575));
#8105 = LINE('',#8106,#8107);
#8106 = CARTESIAN_POINT('',(-3.875,2.95,1.2575));
#8107 = VECTOR('',#8108,1.);
#8108 = DIRECTION('',(1.,0.,0.));
#8109 = ORIENTED_EDGE('',*,*,#8110,.T.);
#8110 = EDGE_CURVE('',#8103,#8111,#8113,.T.);
#8111 = VERTEX_POINT('',#8112);
#8112 = CARTESIAN_POINT('',(3.81125,2.88625,2.65));
#8113 = LINE('',#8114,#8115);
#8114 = CARTESIAN_POINT('',(3.828946740907,2.903946740907,2.263447659401
    ));
#8115 = VECTOR('',#8116,1.);
#8116 = DIRECTION('',(-4.568531788418E-02,-4.568531788418E-02,
    0.997910669078));
#8117 = ORIENTED_EDGE('',*,*,#8118,.F.);
#8118 = EDGE_CURVE('',#8049,#8111,#8119,.T.);
#8119 = LINE('',#8120,#8121);
#8120 = CARTESIAN_POINT('',(-3.875,2.88625,2.65));
#8121 = VECTOR('',#8122,1.);
#8122 = DIRECTION('',(1.,0.,0.));
#8123 = ORIENTED_EDGE('',*,*,#8048,.F.);
#8124 = PLANE('',#8125);
#8125 = AXIS2_PLACEMENT_3D('',#8126,#8127,#8128);
#8126 = CARTESIAN_POINT('',(-3.875,2.918125,1.95375));
#8127 = DIRECTION('',(0.,0.998953695839,4.573306866051E-02));
#8128 = DIRECTION('',(-1.,0.,0.));
#8129 = ADVANCED_FACE('',(#8130),#8148,.F.);
#8130 = FACE_BOUND('',#8131,.F.);
#8131 = EDGE_LOOP('',(#8132,#8140,#8146,#8147));
#8132 = ORIENTED_EDGE('',*,*,#8133,.F.);
#8133 = EDGE_CURVE('',#8134,#8009,#8136,.T.);
#8134 = VERTEX_POINT('',#8135);
#8135 = CARTESIAN_POINT('',(3.875,-2.95,1.2475));
#8136 = LINE('',#8137,#8138);
#8137 = CARTESIAN_POINT('',(3.875,-2.95,0.1));
#8138 = VECTOR('',#8139,1.);
#8139 = DIRECTION('',(0.,0.,1.));
#8140 = ORIENTED_EDGE('',*,*,#8141,.F.);
#8141 = EDGE_CURVE('',#8071,#8134,#8142,.T.);
#8142 = LINE('',#8143,#8144);
#8143 = CARTESIAN_POINT('',(-3.875,-2.95,1.2475));
#8144 = VECTOR('',#8145,1.);
#8145 = DIRECTION('',(1.,0.,0.));
#8146 = ORIENTED_EDGE('',*,*,#8070,.T.);
#8147 = ORIENTED_EDGE('',*,*,#8008,.T.);
#8148 = PLANE('',#8149);
#8149 = AXIS2_PLACEMENT_3D('',#8150,#8151,#8152);
#8150 = CARTESIAN_POINT('',(-3.875,-2.95,0.1));
#8151 = DIRECTION('',(0.,1.,0.));
#8152 = DIRECTION('',(0.,-0.,1.));
#8153 = ADVANCED_FACE('',(#8154),#8165,.T.);
#8154 = FACE_BOUND('',#8155,.T.);
#8155 = EDGE_LOOP('',(#8156,#8157,#8163,#8164));
#8156 = ORIENTED_EDGE('',*,*,#8024,.T.);
#8157 = ORIENTED_EDGE('',*,*,#8158,.T.);
#8158 = EDGE_CURVE('',#8017,#8111,#8159,.T.);
#8159 = LINE('',#8160,#8161);
#8160 = CARTESIAN_POINT('',(3.81125,-2.95,2.65));
#8161 = VECTOR('',#8162,1.);
#8162 = DIRECTION('',(0.,1.,0.));
#8163 = ORIENTED_EDGE('',*,*,#8118,.F.);
#8164 = ORIENTED_EDGE('',*,*,#8056,.F.);
#8165 = PLANE('',#8166);
#8166 = AXIS2_PLACEMENT_3D('',#8167,#8168,#8169);
#8167 = CARTESIAN_POINT('',(-3.875,-2.95,2.65));
#8168 = DIRECTION('',(0.,0.,1.));
#8169 = DIRECTION('',(1.,0.,-0.));
#8170 = ADVANCED_FACE('',(#8171),#8182,.T.);
#8171 = FACE_BOUND('',#8172,.T.);
#8172 = EDGE_LOOP('',(#8173,#8174,#8180,#8181));
#8173 = ORIENTED_EDGE('',*,*,#8016,.F.);
#8174 = ORIENTED_EDGE('',*,*,#8175,.T.);
#8175 = EDGE_CURVE('',#8009,#8103,#8176,.T.);
#8176 = LINE('',#8177,#8178);
#8177 = CARTESIAN_POINT('',(3.875,-2.95,1.2575));
#8178 = VECTOR('',#8179,1.);
#8179 = DIRECTION('',(0.,1.,0.));
#8180 = ORIENTED_EDGE('',*,*,#8110,.T.);
#8181 = ORIENTED_EDGE('',*,*,#8158,.F.);
#8182 = PLANE('',#8183);
#8183 = AXIS2_PLACEMENT_3D('',#8184,#8185,#8186);
#8184 = CARTESIAN_POINT('',(3.843125,-2.95,1.95375));
#8185 = DIRECTION('',(0.998953695839,0.,4.573306866051E-02));
#8186 = DIRECTION('',(-0.,1.,0.));
#8187 = ADVANCED_FACE('',(#8188),#8213,.T.);
#8188 = FACE_BOUND('',#8189,.T.);
#8189 = EDGE_LOOP('',(#8190,#8198,#8199,#8207));
#8190 = ORIENTED_EDGE('',*,*,#8191,.F.);
#8191 = EDGE_CURVE('',#8071,#8192,#8194,.T.);
#8192 = VERTEX_POINT('',#8193);
#8193 = CARTESIAN_POINT('',(-3.81125,-2.88625,0.1));
#8194 = LINE('',#8195,#8196);
#8195 = CARTESIAN_POINT('',(-3.843222776074,-2.918222776074,
    0.675509969325));
#8196 = VECTOR('',#8197,1.);
#8197 = DIRECTION('',(5.538487756217E-02,5.538487756217E-02,
    -0.996927796119));
#8198 = ORIENTED_EDGE('',*,*,#8078,.T.);
#8199 = ORIENTED_EDGE('',*,*,#8200,.T.);
#8200 = EDGE_CURVE('',#8079,#8201,#8203,.T.);
#8201 = VERTEX_POINT('',#8202);
#8202 = CARTESIAN_POINT('',(-3.81125,2.88625,0.1));
#8203 = LINE('',#8204,#8205);
#8204 = CARTESIAN_POINT('',(-3.834173696319,2.909173696319,
    0.512626533742));
#8205 = VECTOR('',#8206,1.);
#8206 = DIRECTION('',(5.538487756217E-02,-5.538487756217E-02,
    -0.996927796119));
#8207 = ORIENTED_EDGE('',*,*,#8208,.F.);
#8208 = EDGE_CURVE('',#8192,#8201,#8209,.T.);
#8209 = LINE('',#8210,#8211);
#8210 = CARTESIAN_POINT('',(-3.81125,-2.95,0.1));
#8211 = VECTOR('',#8212,1.);
#8212 = DIRECTION('',(0.,1.,0.));
#8213 = PLANE('',#8214);
#8214 = AXIS2_PLACEMENT_3D('',#8215,#8216,#8217);
#8215 = CARTESIAN_POINT('',(-3.843125,-2.95,0.67375));
#8216 = DIRECTION('',(-0.998460353205,0.,-5.547001962254E-02));
#8217 = DIRECTION('',(0.,1.,0.));
#8218 = ADVANCED_FACE('',(#8219),#8237,.T.);
#8219 = FACE_BOUND('',#8220,.T.);
#8220 = EDGE_LOOP('',(#8221,#8229,#8235,#8236));
#8221 = ORIENTED_EDGE('',*,*,#8222,.F.);
#8222 = EDGE_CURVE('',#8223,#8103,#8225,.T.);
#8223 = VERTEX_POINT('',#8224);
#8224 = CARTESIAN_POINT('',(3.875,2.95,1.2475));
#8225 = LINE('',#8226,#8227);
#8226 = CARTESIAN_POINT('',(3.875,2.95,0.1));
#8227 = VECTOR('',#8228,1.);
#8228 = DIRECTION('',(0.,0.,1.));
#8229 = ORIENTED_EDGE('',*,*,#8230,.F.);
#8230 = EDGE_CURVE('',#8079,#8223,#8231,.T.);
#8231 = LINE('',#8232,#8233);
#8232 = CARTESIAN_POINT('',(-3.875,2.95,1.2475));
#8233 = VECTOR('',#8234,1.);
#8234 = DIRECTION('',(1.,0.,0.));
#8235 = ORIENTED_EDGE('',*,*,#8086,.T.);
#8236 = ORIENTED_EDGE('',*,*,#8102,.T.);
#8237 = PLANE('',#8238);
#8238 = AXIS2_PLACEMENT_3D('',#8239,#8240,#8241);
#8239 = CARTESIAN_POINT('',(-3.875,2.95,0.1));
#8240 = DIRECTION('',(0.,1.,0.));
#8241 = DIRECTION('',(0.,-0.,1.));
#8242 = ADVANCED_FACE('',(#8243),#8254,.T.);
#8243 = FACE_BOUND('',#8244,.T.);
#8244 = EDGE_LOOP('',(#8245,#8246,#8252,#8253));
#8245 = ORIENTED_EDGE('',*,*,#8133,.F.);
#8246 = ORIENTED_EDGE('',*,*,#8247,.T.);
#8247 = EDGE_CURVE('',#8134,#8223,#8248,.T.);
#8248 = LINE('',#8249,#8250);
#8249 = CARTESIAN_POINT('',(3.875,-2.95,1.2475));
#8250 = VECTOR('',#8251,1.);
#8251 = DIRECTION('',(0.,1.,0.));
#8252 = ORIENTED_EDGE('',*,*,#8222,.T.);
#8253 = ORIENTED_EDGE('',*,*,#8175,.F.);
#8254 = PLANE('',#8255);
#8255 = AXIS2_PLACEMENT_3D('',#8256,#8257,#8258);
#8256 = CARTESIAN_POINT('',(3.875,-2.95,0.1));
#8257 = DIRECTION('',(1.,0.,0.));
#8258 = DIRECTION('',(0.,0.,1.));
#8259 = ADVANCED_FACE('',(#8260),#8278,.T.);
#8260 = FACE_BOUND('',#8261,.F.);
#8261 = EDGE_LOOP('',(#8262,#8263,#8264,#8272));
#8262 = ORIENTED_EDGE('',*,*,#8191,.F.);
#8263 = ORIENTED_EDGE('',*,*,#8141,.T.);
#8264 = ORIENTED_EDGE('',*,*,#8265,.T.);
#8265 = EDGE_CURVE('',#8134,#8266,#8268,.T.);
#8266 = VERTEX_POINT('',#8267);
#8267 = CARTESIAN_POINT('',(3.81125,-2.88625,0.1));
#8268 = LINE('',#8269,#8270);
#8269 = CARTESIAN_POINT('',(3.831336273006,-2.906336273006,0.46155291411
    ));
#8270 = VECTOR('',#8271,1.);
#8271 = DIRECTION('',(-5.538487756217E-02,5.538487756217E-02,
    -0.996927796119));
#8272 = ORIENTED_EDGE('',*,*,#8273,.F.);
#8273 = EDGE_CURVE('',#8192,#8266,#8274,.T.);
#8274 = LINE('',#8275,#8276);
#8275 = CARTESIAN_POINT('',(-3.875,-2.88625,0.1));
#8276 = VECTOR('',#8277,1.);
#8277 = DIRECTION('',(1.,0.,0.));
#8278 = PLANE('',#8279);
#8279 = AXIS2_PLACEMENT_3D('',#8280,#8281,#8282);
#8280 = CARTESIAN_POINT('',(-3.875,-2.918125,0.67375));
#8281 = DIRECTION('',(0.,-0.998460353205,-5.547001962254E-02));
#8282 = DIRECTION('',(-1.,-0.,0.));
#8283 = ADVANCED_FACE('',(#8284),#8302,.F.);
#8284 = FACE_BOUND('',#8285,.F.);
#8285 = EDGE_LOOP('',(#8286,#8287,#8288,#8296));
#8286 = ORIENTED_EDGE('',*,*,#8208,.F.);
#8287 = ORIENTED_EDGE('',*,*,#8273,.T.);
#8288 = ORIENTED_EDGE('',*,*,#8289,.T.);
#8289 = EDGE_CURVE('',#8266,#8290,#8292,.T.);
#8290 = VERTEX_POINT('',#8291);
#8291 = CARTESIAN_POINT('',(3.81125,2.88625,0.1));
#8292 = LINE('',#8293,#8294);
#8293 = CARTESIAN_POINT('',(3.81125,-2.95,0.1));
#8294 = VECTOR('',#8295,1.);
#8295 = DIRECTION('',(0.,1.,0.));
#8296 = ORIENTED_EDGE('',*,*,#8297,.F.);
#8297 = EDGE_CURVE('',#8201,#8290,#8298,.T.);
#8298 = LINE('',#8299,#8300);
#8299 = CARTESIAN_POINT('',(-3.875,2.88625,0.1));
#8300 = VECTOR('',#8301,1.);
#8301 = DIRECTION('',(1.,0.,0.));
#8302 = PLANE('',#8303);
#8303 = AXIS2_PLACEMENT_3D('',#8304,#8305,#8306);
#8304 = CARTESIAN_POINT('',(-3.875,-2.95,0.1));
#8305 = DIRECTION('',(0.,0.,1.));
#8306 = DIRECTION('',(1.,0.,-0.));
#8307 = ADVANCED_FACE('',(#8308),#8319,.F.);
#8308 = FACE_BOUND('',#8309,.T.);
#8309 = EDGE_LOOP('',(#8310,#8311,#8312,#8318));
#8310 = ORIENTED_EDGE('',*,*,#8200,.F.);
#8311 = ORIENTED_EDGE('',*,*,#8230,.T.);
#8312 = ORIENTED_EDGE('',*,*,#8313,.T.);
#8313 = EDGE_CURVE('',#8223,#8290,#8314,.T.);
#8314 = LINE('',#8315,#8316);
#8315 = CARTESIAN_POINT('',(3.822287193252,2.897287193252,0.298669478528
    ));
#8316 = VECTOR('',#8317,1.);
#8317 = DIRECTION('',(-5.538487756217E-02,-5.538487756217E-02,
    -0.996927796119));
#8318 = ORIENTED_EDGE('',*,*,#8297,.F.);
#8319 = PLANE('',#8320);
#8320 = AXIS2_PLACEMENT_3D('',#8321,#8322,#8323);
#8321 = CARTESIAN_POINT('',(-3.875,2.918125,0.67375));
#8322 = DIRECTION('',(0.,-0.998460353205,5.547001962254E-02));
#8323 = DIRECTION('',(-1.,0.,0.));
#8324 = ADVANCED_FACE('',(#8325),#8331,.F.);
#8325 = FACE_BOUND('',#8326,.F.);
#8326 = EDGE_LOOP('',(#8327,#8328,#8329,#8330));
#8327 = ORIENTED_EDGE('',*,*,#8265,.F.);
#8328 = ORIENTED_EDGE('',*,*,#8247,.T.);
#8329 = ORIENTED_EDGE('',*,*,#8313,.T.);
#8330 = ORIENTED_EDGE('',*,*,#8289,.F.);
#8331 = PLANE('',#8332);
#8332 = AXIS2_PLACEMENT_3D('',#8333,#8334,#8335);
#8333 = CARTESIAN_POINT('',(3.843125,-2.95,0.67375));
#8334 = DIRECTION('',(-0.998460353205,0.,5.547001962254E-02));
#8335 = DIRECTION('',(0.,1.,0.));
#8336 = ( GEOMETRIC_REPRESENTATION_CONTEXT(3) 
GLOBAL_UNCERTAINTY_ASSIGNED_CONTEXT((#8340)) 
GLOBAL_UNIT_ASSIGNED_CONTEXT((#8337,#8338,#8339)) REPRESENTATION_CONTEXT
('Context #1','3D Context with UNIT and UNCERTAINTY') );
#8337 = ( LENGTH_UNIT() NAMED_UNIT(*) SI_UNIT(.MILLI.,.METRE.) );
#8338 = ( NAMED_UNIT(*) PLANE_ANGLE_UNIT() SI_UNIT($,.RADIAN.) );
#8339 = ( NAMED_UNIT(*) SI_UNIT($,.STERADIAN.) SOLID_ANGLE_UNIT() );
#8340 = UNCERTAINTY_MEASURE_WITH_UNIT(LENGTH_MEASURE(1.E-07),#8337,
  'distance_accuracy_value','confusion accuracy');
#8341 = CONTEXT_DEPENDENT_SHAPE_REPRESENTATION(#8342,#8344);
#8342 = ( REPRESENTATION_RELATIONSHIP('','',#7960,#7929) 
REPRESENTATION_RELATIONSHIP_WITH_TRANSFORMATION(#8343) 
SHAPE_REPRESENTATION_RELATIONSHIP() );
#8343 = ITEM_DEFINED_TRANSFORMATION('','',#11,#7930);
#8344 = PRODUCT_DEFINITION_SHAPE('Placement','Placement of an item',
  #8345);
#8345 = NEXT_ASSEMBLY_USAGE_OCCURRENCE('7','=>[0:1:1:2]','',#7924,#7955,
  $);
#8346 = PRODUCT_RELATED_PRODUCT_CATEGORY('part',$,(#7957));
#8347 = SHAPE_DEFINITION_REPRESENTATION(#8348,#8354);
#8348 = PRODUCT_DEFINITION_SHAPE('','',#8349);
#8349 = PRODUCT_DEFINITION('design','',#8350,#8353);
#8350 = PRODUCT_DEFINITION_FORMATION('','',#8351);
#8351 = PRODUCT('FilletPin1','FilletPin1','',(#8352));
#8352 = PRODUCT_CONTEXT('',#2,'mechanical');
#8353 = PRODUCT_DEFINITION_CONTEXT('part definition',#2,'design');
#8354 = ADVANCED_BREP_SHAPE_REPRESENTATION('',(#11,#8355),#8707);
#8355 = MANIFOLD_SOLID_BREP('',#8356);
#8356 = CLOSED_SHELL('',(#8357,#8447,#8478,#8503,#8527,#8551,#8575,#8600
    ,#8624,#8648,#8672,#8689));
#8357 = ADVANCED_FACE('',(#8358),#8442,.T.);
#8358 = FACE_BOUND('',#8359,.T.);
#8359 = EDGE_LOOP('',(#8360,#8370,#8379,#8387,#8396,#8404,#8412,#8420,
    #8428,#8436));
#8360 = ORIENTED_EDGE('',*,*,#8361,.F.);
#8361 = EDGE_CURVE('',#8362,#8364,#8366,.T.);
#8362 = VERTEX_POINT('',#8363);
#8363 = CARTESIAN_POINT('',(-3.875,-1.525,1.2475));
#8364 = VERTEX_POINT('',#8365);
#8365 = CARTESIAN_POINT('',(-2.95,-1.525,1.2475));
#8366 = LINE('',#8367,#8368);
#8367 = CARTESIAN_POINT('',(-3.975,-1.525,1.2475));
#8368 = VECTOR('',#8369,1.);
#8369 = DIRECTION('',(1.,0.,0.));
#8370 = ORIENTED_EDGE('',*,*,#8371,.T.);
#8371 = EDGE_CURVE('',#8362,#8372,#8374,.T.);
#8372 = VERTEX_POINT('',#8373);
#8373 = CARTESIAN_POINT('',(-3.975,-1.525,1.1475));
#8374 = CIRCLE('',#8375,0.1);
#8375 = AXIS2_PLACEMENT_3D('',#8376,#8377,#8378);
#8376 = CARTESIAN_POINT('',(-3.875,-1.525,1.1475));
#8377 = DIRECTION('',(0.,-1.,0.));
#8378 = DIRECTION('',(0.,0.,1.));
#8379 = ORIENTED_EDGE('',*,*,#8380,.F.);
#8380 = EDGE_CURVE('',#8381,#8372,#8383,.T.);
#8381 = VERTEX_POINT('',#8382);
#8382 = CARTESIAN_POINT('',(-3.975,-1.525,0.1));
#8383 = LINE('',#8384,#8385);
#8384 = CARTESIAN_POINT('',(-3.975,-1.525,0.));
#8385 = VECTOR('',#8386,1.);
#8386 = DIRECTION('',(0.,0.,1.));
#8387 = ORIENTED_EDGE('',*,*,#8388,.T.);
#8388 = EDGE_CURVE('',#8381,#8389,#8391,.T.);
#8389 = VERTEX_POINT('',#8390);
#8390 = CARTESIAN_POINT('',(-3.875,-1.525,-1.387778780781E-17));
#8391 = CIRCLE('',#8392,0.1);
#8392 = AXIS2_PLACEMENT_3D('',#8393,#8394,#8395);
#8393 = CARTESIAN_POINT('',(-3.875,-1.525,0.1));
#8394 = DIRECTION('',(0.,-1.,0.));
#8395 = DIRECTION('',(0.,0.,1.));
#8396 = ORIENTED_EDGE('',*,*,#8397,.T.);
#8397 = EDGE_CURVE('',#8389,#8398,#8400,.T.);
#8398 = VERTEX_POINT('',#8399);
#8399 = CARTESIAN_POINT('',(-2.85,-1.525,0.));
#8400 = LINE('',#8401,#8402);
#8401 = CARTESIAN_POINT('',(-3.975,-1.525,0.));
#8402 = VECTOR('',#8403,1.);
#8403 = DIRECTION('',(1.,0.,0.));
#8404 = ORIENTED_EDGE('',*,*,#8405,.T.);
#8405 = EDGE_CURVE('',#8398,#8406,#8408,.T.);
#8406 = VERTEX_POINT('',#8407);
#8407 = CARTESIAN_POINT('',(-2.85,-1.525,0.1));
#8408 = LINE('',#8409,#8410);
#8409 = CARTESIAN_POINT('',(-2.85,-1.525,0.));
#8410 = VECTOR('',#8411,1.);
#8411 = DIRECTION('',(0.,0.,1.));
#8412 = ORIENTED_EDGE('',*,*,#8413,.F.);
#8413 = EDGE_CURVE('',#8414,#8406,#8416,.T.);
#8414 = VERTEX_POINT('',#8415);
#8415 = CARTESIAN_POINT('',(-3.875,-1.525,0.1));
#8416 = LINE('',#8417,#8418);
#8417 = CARTESIAN_POINT('',(-3.975,-1.525,0.1));
#8418 = VECTOR('',#8419,1.);
#8419 = DIRECTION('',(1.,0.,0.));
#8420 = ORIENTED_EDGE('',*,*,#8421,.T.);
#8421 = EDGE_CURVE('',#8414,#8422,#8424,.T.);
#8422 = VERTEX_POINT('',#8423);
#8423 = CARTESIAN_POINT('',(-3.875,-1.525,1.1475));
#8424 = LINE('',#8425,#8426);
#8425 = CARTESIAN_POINT('',(-3.875,-1.525,0.));
#8426 = VECTOR('',#8427,1.);
#8427 = DIRECTION('',(0.,0.,1.));
#8428 = ORIENTED_EDGE('',*,*,#8429,.T.);
#8429 = EDGE_CURVE('',#8422,#8430,#8432,.T.);
#8430 = VERTEX_POINT('',#8431);
#8431 = CARTESIAN_POINT('',(-2.95,-1.525,1.1475));
#8432 = LINE('',#8433,#8434);
#8433 = CARTESIAN_POINT('',(-3.975,-1.525,1.1475));
#8434 = VECTOR('',#8435,1.);
#8435 = DIRECTION('',(1.,0.,0.));
#8436 = ORIENTED_EDGE('',*,*,#8437,.T.);
#8437 = EDGE_CURVE('',#8430,#8364,#8438,.T.);
#8438 = LINE('',#8439,#8440);
#8439 = CARTESIAN_POINT('',(-2.95,-1.525,1.1475));
#8440 = VECTOR('',#8441,1.);
#8441 = DIRECTION('',(0.,0.,1.));
#8442 = PLANE('',#8443);
#8443 = AXIS2_PLACEMENT_3D('',#8444,#8445,#8446);
#8444 = CARTESIAN_POINT('',(-3.576819560273,-1.525,0.60635045489));
#8445 = DIRECTION('',(-5.938873570013E-31,-1.,-5.493581155167E-32));
#8446 = DIRECTION('',(-1.,5.938873570013E-31,0.));
#8447 = ADVANCED_FACE('',(#8448),#8473,.T.);
#8448 = FACE_BOUND('',#8449,.T.);
#8449 = EDGE_LOOP('',(#8450,#8460,#8466,#8467));
#8450 = ORIENTED_EDGE('',*,*,#8451,.F.);
#8451 = EDGE_CURVE('',#8452,#8454,#8456,.T.);
#8452 = VERTEX_POINT('',#8453);
#8453 = CARTESIAN_POINT('',(-3.875,1.525,1.2475));
#8454 = VERTEX_POINT('',#8455);
#8455 = CARTESIAN_POINT('',(-2.95,1.525,1.2475));
#8456 = LINE('',#8457,#8458);
#8457 = CARTESIAN_POINT('',(-3.975,1.525,1.2475));
#8458 = VECTOR('',#8459,1.);
#8459 = DIRECTION('',(1.,0.,0.));
#8460 = ORIENTED_EDGE('',*,*,#8461,.F.);
#8461 = EDGE_CURVE('',#8362,#8452,#8462,.T.);
#8462 = LINE('',#8463,#8464);
#8463 = CARTESIAN_POINT('',(-3.875,-1.525,1.2475));
#8464 = VECTOR('',#8465,1.);
#8465 = DIRECTION('',(0.,1.,0.));
#8466 = ORIENTED_EDGE('',*,*,#8361,.T.);
#8467 = ORIENTED_EDGE('',*,*,#8468,.T.);
#8468 = EDGE_CURVE('',#8364,#8454,#8469,.T.);
#8469 = LINE('',#8470,#8471);
#8470 = CARTESIAN_POINT('',(-2.95,-1.525,1.2475));
#8471 = VECTOR('',#8472,1.);
#8472 = DIRECTION('',(0.,1.,0.));
#8473 = PLANE('',#8474);
#8474 = AXIS2_PLACEMENT_3D('',#8475,#8476,#8477);
#8475 = CARTESIAN_POINT('',(-3.975,-1.525,1.2475));
#8476 = DIRECTION('',(0.,0.,1.));
#8477 = DIRECTION('',(1.,0.,-0.));
#8478 = ADVANCED_FACE('',(#8479),#8498,.T.);
#8479 = FACE_BOUND('',#8480,.T.);
#8480 = EDGE_LOOP('',(#8481,#8482,#8491,#8497));
#8481 = ORIENTED_EDGE('',*,*,#8461,.T.);
#8482 = ORIENTED_EDGE('',*,*,#8483,.T.);
#8483 = EDGE_CURVE('',#8452,#8484,#8486,.T.);
#8484 = VERTEX_POINT('',#8485);
#8485 = CARTESIAN_POINT('',(-3.975,1.525,1.1475));
#8486 = CIRCLE('',#8487,0.1);
#8487 = AXIS2_PLACEMENT_3D('',#8488,#8489,#8490);
#8488 = CARTESIAN_POINT('',(-3.875,1.525,1.1475));
#8489 = DIRECTION('',(0.,-1.,0.));
#8490 = DIRECTION('',(0.,0.,1.));
#8491 = ORIENTED_EDGE('',*,*,#8492,.F.);
#8492 = EDGE_CURVE('',#8372,#8484,#8493,.T.);
#8493 = LINE('',#8494,#8495);
#8494 = CARTESIAN_POINT('',(-3.975,-1.525,1.1475));
#8495 = VECTOR('',#8496,1.);
#8496 = DIRECTION('',(0.,1.,0.));
#8497 = ORIENTED_EDGE('',*,*,#8371,.F.);
#8498 = CYLINDRICAL_SURFACE('',#8499,0.1);
#8499 = AXIS2_PLACEMENT_3D('',#8500,#8501,#8502);
#8500 = CARTESIAN_POINT('',(-3.875,-1.525,1.1475));
#8501 = DIRECTION('',(0.,1.,0.));
#8502 = DIRECTION('',(0.,-0.,1.));
#8503 = ADVANCED_FACE('',(#8504),#8522,.T.);
#8504 = FACE_BOUND('',#8505,.T.);
#8505 = EDGE_LOOP('',(#8506,#8507,#8515,#8521));
#8506 = ORIENTED_EDGE('',*,*,#8437,.F.);
#8507 = ORIENTED_EDGE('',*,*,#8508,.T.);
#8508 = EDGE_CURVE('',#8430,#8509,#8511,.T.);
#8509 = VERTEX_POINT('',#8510);
#8510 = CARTESIAN_POINT('',(-2.95,1.525,1.1475));
#8511 = LINE('',#8512,#8513);
#8512 = CARTESIAN_POINT('',(-2.95,-1.525,1.1475));
#8513 = VECTOR('',#8514,1.);
#8514 = DIRECTION('',(0.,1.,0.));
#8515 = ORIENTED_EDGE('',*,*,#8516,.T.);
#8516 = EDGE_CURVE('',#8509,#8454,#8517,.T.);
#8517 = LINE('',#8518,#8519);
#8518 = CARTESIAN_POINT('',(-2.95,1.525,1.1475));
#8519 = VECTOR('',#8520,1.);
#8520 = DIRECTION('',(0.,0.,1.));
#8521 = ORIENTED_EDGE('',*,*,#8468,.F.);
#8522 = PLANE('',#8523);
#8523 = AXIS2_PLACEMENT_3D('',#8524,#8525,#8526);
#8524 = CARTESIAN_POINT('',(-2.95,-1.525,1.1475));
#8525 = DIRECTION('',(1.,0.,0.));
#8526 = DIRECTION('',(0.,0.,1.));
#8527 = ADVANCED_FACE('',(#8528),#8546,.F.);
#8528 = FACE_BOUND('',#8529,.F.);
#8529 = EDGE_LOOP('',(#8530,#8531,#8539,#8545));
#8530 = ORIENTED_EDGE('',*,*,#8380,.F.);
#8531 = ORIENTED_EDGE('',*,*,#8532,.T.);
#8532 = EDGE_CURVE('',#8381,#8533,#8535,.T.);
#8533 = VERTEX_POINT('',#8534);
#8534 = CARTESIAN_POINT('',(-3.975,1.525,0.1));
#8535 = LINE('',#8536,#8537);
#8536 = CARTESIAN_POINT('',(-3.975,-1.525,0.1));
#8537 = VECTOR('',#8538,1.);
#8538 = DIRECTION('',(0.,1.,0.));
#8539 = ORIENTED_EDGE('',*,*,#8540,.T.);
#8540 = EDGE_CURVE('',#8533,#8484,#8541,.T.);
#8541 = LINE('',#8542,#8543);
#8542 = CARTESIAN_POINT('',(-3.975,1.525,0.));
#8543 = VECTOR('',#8544,1.);
#8544 = DIRECTION('',(0.,0.,1.));
#8545 = ORIENTED_EDGE('',*,*,#8492,.F.);
#8546 = PLANE('',#8547);
#8547 = AXIS2_PLACEMENT_3D('',#8548,#8549,#8550);
#8548 = CARTESIAN_POINT('',(-3.975,-1.525,0.));
#8549 = DIRECTION('',(1.,0.,0.));
#8550 = DIRECTION('',(0.,0.,1.));
#8551 = ADVANCED_FACE('',(#8552),#8570,.F.);
#8552 = FACE_BOUND('',#8553,.F.);
#8553 = EDGE_LOOP('',(#8554,#8562,#8568,#8569));
#8554 = ORIENTED_EDGE('',*,*,#8555,.F.);
#8555 = EDGE_CURVE('',#8556,#8509,#8558,.T.);
#8556 = VERTEX_POINT('',#8557);
#8557 = CARTESIAN_POINT('',(-3.875,1.525,1.1475));
#8558 = LINE('',#8559,#8560);
#8559 = CARTESIAN_POINT('',(-3.975,1.525,1.1475));
#8560 = VECTOR('',#8561,1.);
#8561 = DIRECTION('',(1.,0.,0.));
#8562 = ORIENTED_EDGE('',*,*,#8563,.F.);
#8563 = EDGE_CURVE('',#8422,#8556,#8564,.T.);
#8564 = LINE('',#8565,#8566);
#8565 = CARTESIAN_POINT('',(-3.875,-1.525,1.1475));
#8566 = VECTOR('',#8567,1.);
#8567 = DIRECTION('',(0.,1.,0.));
#8568 = ORIENTED_EDGE('',*,*,#8429,.T.);
#8569 = ORIENTED_EDGE('',*,*,#8508,.T.);
#8570 = PLANE('',#8571);
#8571 = AXIS2_PLACEMENT_3D('',#8572,#8573,#8574);
#8572 = CARTESIAN_POINT('',(-3.975,-1.525,1.1475));
#8573 = DIRECTION('',(0.,0.,1.));
#8574 = DIRECTION('',(1.,0.,-0.));
#8575 = ADVANCED_FACE('',(#8576),#8595,.T.);
#8576 = FACE_BOUND('',#8577,.T.);
#8577 = EDGE_LOOP('',(#8578,#8579,#8588,#8594));
#8578 = ORIENTED_EDGE('',*,*,#8532,.T.);
#8579 = ORIENTED_EDGE('',*,*,#8580,.T.);
#8580 = EDGE_CURVE('',#8533,#8581,#8583,.T.);
#8581 = VERTEX_POINT('',#8582);
#8582 = CARTESIAN_POINT('',(-3.875,1.525,-1.387778780781E-17));
#8583 = CIRCLE('',#8584,0.1);
#8584 = AXIS2_PLACEMENT_3D('',#8585,#8586,#8587);
#8585 = CARTESIAN_POINT('',(-3.875,1.525,0.1));
#8586 = DIRECTION('',(0.,-1.,0.));
#8587 = DIRECTION('',(0.,0.,1.));
#8588 = ORIENTED_EDGE('',*,*,#8589,.F.);
#8589 = EDGE_CURVE('',#8389,#8581,#8590,.T.);
#8590 = LINE('',#8591,#8592);
#8591 = CARTESIAN_POINT('',(-3.875,-1.525,-1.387778780781E-17));
#8592 = VECTOR('',#8593,1.);
#8593 = DIRECTION('',(0.,1.,0.));
#8594 = ORIENTED_EDGE('',*,*,#8388,.F.);
#8595 = CYLINDRICAL_SURFACE('',#8596,0.1);
#8596 = AXIS2_PLACEMENT_3D('',#8597,#8598,#8599);
#8597 = CARTESIAN_POINT('',(-3.875,-1.525,0.1));
#8598 = DIRECTION('',(0.,1.,0.));
#8599 = DIRECTION('',(-1.,0.,0.));
#8600 = ADVANCED_FACE('',(#8601),#8619,.T.);
#8601 = FACE_BOUND('',#8602,.T.);
#8602 = EDGE_LOOP('',(#8603,#8604,#8612,#8618));
#8603 = ORIENTED_EDGE('',*,*,#8421,.F.);
#8604 = ORIENTED_EDGE('',*,*,#8605,.F.);
#8605 = EDGE_CURVE('',#8606,#8414,#8608,.T.);
#8606 = VERTEX_POINT('',#8607);
#8607 = CARTESIAN_POINT('',(-3.875,1.525,0.1));
#8608 = LINE('',#8609,#8610);
#8609 = CARTESIAN_POINT('',(-3.875,-1.525,0.1));
#8610 = VECTOR('',#8611,1.);
#8611 = DIRECTION('',(0.,-1.,0.));
#8612 = ORIENTED_EDGE('',*,*,#8613,.T.);
#8613 = EDGE_CURVE('',#8606,#8556,#8614,.T.);
#8614 = LINE('',#8615,#8616);
#8615 = CARTESIAN_POINT('',(-3.875,1.525,0.));
#8616 = VECTOR('',#8617,1.);
#8617 = DIRECTION('',(0.,0.,1.));
#8618 = ORIENTED_EDGE('',*,*,#8563,.F.);
#8619 = PLANE('',#8620);
#8620 = AXIS2_PLACEMENT_3D('',#8621,#8622,#8623);
#8621 = CARTESIAN_POINT('',(-3.875,-1.525,0.));
#8622 = DIRECTION('',(1.,0.,0.));
#8623 = DIRECTION('',(0.,0.,1.));
#8624 = ADVANCED_FACE('',(#8625),#8643,.F.);
#8625 = FACE_BOUND('',#8626,.F.);
#8626 = EDGE_LOOP('',(#8627,#8635,#8636,#8637));
#8627 = ORIENTED_EDGE('',*,*,#8628,.F.);
#8628 = EDGE_CURVE('',#8581,#8629,#8631,.T.);
#8629 = VERTEX_POINT('',#8630);
#8630 = CARTESIAN_POINT('',(-2.85,1.525,0.));
#8631 = LINE('',#8632,#8633);
#8632 = CARTESIAN_POINT('',(-3.975,1.525,0.));
#8633 = VECTOR('',#8634,1.);
#8634 = DIRECTION('',(1.,0.,0.));
#8635 = ORIENTED_EDGE('',*,*,#8589,.F.);
#8636 = ORIENTED_EDGE('',*,*,#8397,.T.);
#8637 = ORIENTED_EDGE('',*,*,#8638,.T.);
#8638 = EDGE_CURVE('',#8398,#8629,#8639,.T.);
#8639 = LINE('',#8640,#8641);
#8640 = CARTESIAN_POINT('',(-2.85,-1.525,0.));
#8641 = VECTOR('',#8642,1.);
#8642 = DIRECTION('',(0.,1.,0.));
#8643 = PLANE('',#8644);
#8644 = AXIS2_PLACEMENT_3D('',#8645,#8646,#8647);
#8645 = CARTESIAN_POINT('',(-3.975,-1.525,0.));
#8646 = DIRECTION('',(0.,0.,1.));
#8647 = DIRECTION('',(1.,0.,-0.));
#8648 = ADVANCED_FACE('',(#8649),#8667,.T.);
#8649 = FACE_BOUND('',#8650,.T.);
#8650 = EDGE_LOOP('',(#8651,#8659,#8660,#8661));
#8651 = ORIENTED_EDGE('',*,*,#8652,.F.);
#8652 = EDGE_CURVE('',#8606,#8653,#8655,.T.);
#8653 = VERTEX_POINT('',#8654);
#8654 = CARTESIAN_POINT('',(-2.85,1.525,0.1));
#8655 = LINE('',#8656,#8657);
#8656 = CARTESIAN_POINT('',(-3.975,1.525,0.1));
#8657 = VECTOR('',#8658,1.);
#8658 = DIRECTION('',(1.,0.,0.));
#8659 = ORIENTED_EDGE('',*,*,#8605,.T.);
#8660 = ORIENTED_EDGE('',*,*,#8413,.T.);
#8661 = ORIENTED_EDGE('',*,*,#8662,.T.);
#8662 = EDGE_CURVE('',#8406,#8653,#8663,.T.);
#8663 = LINE('',#8664,#8665);
#8664 = CARTESIAN_POINT('',(-2.85,-1.525,0.1));
#8665 = VECTOR('',#8666,1.);
#8666 = DIRECTION('',(0.,1.,0.));
#8667 = PLANE('',#8668);
#8668 = AXIS2_PLACEMENT_3D('',#8669,#8670,#8671);
#8669 = CARTESIAN_POINT('',(-3.975,-1.525,0.1));
#8670 = DIRECTION('',(0.,0.,1.));
#8671 = DIRECTION('',(1.,0.,-0.));
#8672 = ADVANCED_FACE('',(#8673),#8684,.T.);
#8673 = FACE_BOUND('',#8674,.T.);
#8674 = EDGE_LOOP('',(#8675,#8676,#8677,#8683));
#8675 = ORIENTED_EDGE('',*,*,#8405,.F.);
#8676 = ORIENTED_EDGE('',*,*,#8638,.T.);
#8677 = ORIENTED_EDGE('',*,*,#8678,.T.);
#8678 = EDGE_CURVE('',#8629,#8653,#8679,.T.);
#8679 = LINE('',#8680,#8681);
#8680 = CARTESIAN_POINT('',(-2.85,1.525,0.));
#8681 = VECTOR('',#8682,1.);
#8682 = DIRECTION('',(0.,0.,1.));
#8683 = ORIENTED_EDGE('',*,*,#8662,.F.);
#8684 = PLANE('',#8685);
#8685 = AXIS2_PLACEMENT_3D('',#8686,#8687,#8688);
#8686 = CARTESIAN_POINT('',(-2.85,-1.525,0.));
#8687 = DIRECTION('',(1.,0.,0.));
#8688 = DIRECTION('',(0.,0.,1.));
#8689 = ADVANCED_FACE('',(#8690),#8702,.T.);
#8690 = FACE_BOUND('',#8691,.T.);
#8691 = EDGE_LOOP('',(#8692,#8693,#8694,#8695,#8696,#8697,#8698,#8699,
    #8700,#8701));
#8692 = ORIENTED_EDGE('',*,*,#8628,.F.);
#8693 = ORIENTED_EDGE('',*,*,#8580,.F.);
#8694 = ORIENTED_EDGE('',*,*,#8540,.T.);
#8695 = ORIENTED_EDGE('',*,*,#8483,.F.);
#8696 = ORIENTED_EDGE('',*,*,#8451,.T.);
#8697 = ORIENTED_EDGE('',*,*,#8516,.F.);
#8698 = ORIENTED_EDGE('',*,*,#8555,.F.);
#8699 = ORIENTED_EDGE('',*,*,#8613,.F.);
#8700 = ORIENTED_EDGE('',*,*,#8652,.T.);
#8701 = ORIENTED_EDGE('',*,*,#8678,.F.);
#8702 = PLANE('',#8703);
#8703 = AXIS2_PLACEMENT_3D('',#8704,#8705,#8706);
#8704 = CARTESIAN_POINT('',(-3.576819560273,1.525,0.60635045489));
#8705 = DIRECTION('',(1.918916920247E-30,1.,5.60806556022E-32));
#8706 = DIRECTION('',(1.,-1.918916920247E-30,0.));
#8707 = ( GEOMETRIC_REPRESENTATION_CONTEXT(3) 
GLOBAL_UNCERTAINTY_ASSIGNED_CONTEXT((#8711)) 
GLOBAL_UNIT_ASSIGNED_CONTEXT((#8708,#8709,#8710)) REPRESENTATION_CONTEXT
('Context #1','3D Context with UNIT and UNCERTAINTY') );
#8708 = ( LENGTH_UNIT() NAMED_UNIT(*) SI_UNIT(.MILLI.,.METRE.) );
#8709 = ( NAMED_UNIT(*) PLANE_ANGLE_UNIT() SI_UNIT($,.RADIAN.) );
#8710 = ( NAMED_UNIT(*) SI_UNIT($,.STERADIAN.) SOLID_ANGLE_UNIT() );
#8711 = UNCERTAINTY_MEASURE_WITH_UNIT(LENGTH_MEASURE(1.E-07),#8708,
  'distance_accuracy_value','confusion accuracy');
#8712 = CONTEXT_DEPENDENT_SHAPE_REPRESENTATION(#8713,#8715);
#8713 = ( REPRESENTATION_RELATIONSHIP('','',#8354,#7929) 
REPRESENTATION_RELATIONSHIP_WITH_TRANSFORMATION(#8714) 
SHAPE_REPRESENTATION_RELATIONSHIP() );
#8714 = ITEM_DEFINED_TRANSFORMATION('','',#11,#7934);
#8715 = PRODUCT_DEFINITION_SHAPE('Placement','Placement of an item',
  #8716);
#8716 = NEXT_ASSEMBLY_USAGE_OCCURRENCE('8','=>[0:1:1:3]','',#7924,#8349,
  $);
#8717 = PRODUCT_RELATED_PRODUCT_CATEGORY('part',$,(#8351));
#8718 = SHAPE_DEFINITION_REPRESENTATION(#8719,#8725);
#8719 = PRODUCT_DEFINITION_SHAPE('','',#8720);
#8720 = PRODUCT_DEFINITION('design','',#8721,#8724);
#8721 = PRODUCT_DEFINITION_FORMATION('','',#8722);
#8722 = PRODUCT('FilletPin2','FilletPin2','',(#8723));
#8723 = PRODUCT_CONTEXT('',#2,'mechanical');
#8724 = PRODUCT_DEFINITION_CONTEXT('part definition',#2,'design');
#8725 = ADVANCED_BREP_SHAPE_REPRESENTATION('',(#11,#8726),#9078);
#8726 = MANIFOLD_SOLID_BREP('',#8727);
#8727 = CLOSED_SHELL('',(#8728,#8818,#8849,#8874,#8898,#8922,#8946,#8971
    ,#8995,#9019,#9043,#9060));
#8728 = ADVANCED_FACE('',(#8729),#8813,.T.);
#8729 = FACE_BOUND('',#8730,.T.);
#8730 = EDGE_LOOP('',(#8731,#8741,#8750,#8758,#8767,#8775,#8783,#8791,
    #8799,#8807));
#8731 = ORIENTED_EDGE('',*,*,#8732,.T.);
#8732 = EDGE_CURVE('',#8733,#8735,#8737,.T.);
#8733 = VERTEX_POINT('',#8734);
#8734 = CARTESIAN_POINT('',(2.75,-1.525,0.));
#8735 = VERTEX_POINT('',#8736);
#8736 = CARTESIAN_POINT('',(3.875,-1.525,-1.387778780781E-17));
#8737 = LINE('',#8738,#8739);
#8738 = CARTESIAN_POINT('',(2.75,-1.525,0.));
#8739 = VECTOR('',#8740,1.);
#8740 = DIRECTION('',(1.,0.,0.));
#8741 = ORIENTED_EDGE('',*,*,#8742,.F.);
#8742 = EDGE_CURVE('',#8743,#8735,#8745,.T.);
#8743 = VERTEX_POINT('',#8744);
#8744 = CARTESIAN_POINT('',(3.975,-1.525,0.1));
#8745 = CIRCLE('',#8746,0.1);
#8746 = AXIS2_PLACEMENT_3D('',#8747,#8748,#8749);
#8747 = CARTESIAN_POINT('',(3.875,-1.525,0.1));
#8748 = DIRECTION('',(0.,1.,0.));
#8749 = DIRECTION('',(0.,-0.,1.));
#8750 = ORIENTED_EDGE('',*,*,#8751,.T.);
#8751 = EDGE_CURVE('',#8743,#8752,#8754,.T.);
#8752 = VERTEX_POINT('',#8753);
#8753 = CARTESIAN_POINT('',(3.975,-1.525,1.1475));
#8754 = LINE('',#8755,#8756);
#8755 = CARTESIAN_POINT('',(3.975,-1.525,0.));
#8756 = VECTOR('',#8757,1.);
#8757 = DIRECTION('',(0.,0.,1.));
#8758 = ORIENTED_EDGE('',*,*,#8759,.T.);
#8759 = EDGE_CURVE('',#8752,#8760,#8762,.T.);
#8760 = VERTEX_POINT('',#8761);
#8761 = CARTESIAN_POINT('',(3.875,-1.525,1.2475));
#8762 = CIRCLE('',#8763,0.1);
#8763 = AXIS2_PLACEMENT_3D('',#8764,#8765,#8766);
#8764 = CARTESIAN_POINT('',(3.875,-1.525,1.1475));
#8765 = DIRECTION('',(0.,-1.,0.));
#8766 = DIRECTION('',(0.,0.,1.));
#8767 = ORIENTED_EDGE('',*,*,#8768,.F.);
#8768 = EDGE_CURVE('',#8769,#8760,#8771,.T.);
#8769 = VERTEX_POINT('',#8770);
#8770 = CARTESIAN_POINT('',(2.85,-1.525,1.2475));
#8771 = LINE('',#8772,#8773);
#8772 = CARTESIAN_POINT('',(3.875,-1.525,1.2475));
#8773 = VECTOR('',#8774,1.);
#8774 = DIRECTION('',(1.,0.,0.));
#8775 = ORIENTED_EDGE('',*,*,#8776,.F.);
#8776 = EDGE_CURVE('',#8777,#8769,#8779,.T.);
#8777 = VERTEX_POINT('',#8778);
#8778 = CARTESIAN_POINT('',(2.85,-1.525,1.1475));
#8779 = LINE('',#8780,#8781);
#8780 = CARTESIAN_POINT('',(2.85,-1.525,1.1475));
#8781 = VECTOR('',#8782,1.);
#8782 = DIRECTION('',(0.,0.,1.));
#8783 = ORIENTED_EDGE('',*,*,#8784,.T.);
#8784 = EDGE_CURVE('',#8777,#8785,#8787,.T.);
#8785 = VERTEX_POINT('',#8786);
#8786 = CARTESIAN_POINT('',(3.875,-1.525,1.1475));
#8787 = LINE('',#8788,#8789);
#8788 = CARTESIAN_POINT('',(2.85,-1.525,1.1475));
#8789 = VECTOR('',#8790,1.);
#8790 = DIRECTION('',(1.,0.,0.));
#8791 = ORIENTED_EDGE('',*,*,#8792,.F.);
#8792 = EDGE_CURVE('',#8793,#8785,#8795,.T.);
#8793 = VERTEX_POINT('',#8794);
#8794 = CARTESIAN_POINT('',(3.875,-1.525,0.1));
#8795 = LINE('',#8796,#8797);
#8796 = CARTESIAN_POINT('',(3.875,-1.525,0.));
#8797 = VECTOR('',#8798,1.);
#8798 = DIRECTION('',(0.,0.,1.));
#8799 = ORIENTED_EDGE('',*,*,#8800,.F.);
#8800 = EDGE_CURVE('',#8801,#8793,#8803,.T.);
#8801 = VERTEX_POINT('',#8802);
#8802 = CARTESIAN_POINT('',(2.75,-1.525,0.1));
#8803 = LINE('',#8804,#8805);
#8804 = CARTESIAN_POINT('',(2.75,-1.525,0.1));
#8805 = VECTOR('',#8806,1.);
#8806 = DIRECTION('',(1.,0.,0.));
#8807 = ORIENTED_EDGE('',*,*,#8808,.F.);
#8808 = EDGE_CURVE('',#8733,#8801,#8809,.T.);
#8809 = LINE('',#8810,#8811);
#8810 = CARTESIAN_POINT('',(2.75,-1.525,0.));
#8811 = VECTOR('',#8812,1.);
#8812 = DIRECTION('',(0.,0.,1.));
#8813 = PLANE('',#8814);
#8814 = AXIS2_PLACEMENT_3D('',#8815,#8816,#8817);
#8815 = CARTESIAN_POINT('',(3.53239814153,-1.525,0.607345425304));
#8816 = DIRECTION('',(4.178484248344E-31,-1.,7.6335549657E-32));
#8817 = DIRECTION('',(-1.,-4.178484248344E-31,0.));
#8818 = ADVANCED_FACE('',(#8819),#8844,.T.);
#8819 = FACE_BOUND('',#8820,.T.);
#8820 = EDGE_LOOP('',(#8821,#8822,#8830,#8838));
#8821 = ORIENTED_EDGE('',*,*,#8732,.F.);
#8822 = ORIENTED_EDGE('',*,*,#8823,.T.);
#8823 = EDGE_CURVE('',#8733,#8824,#8826,.T.);
#8824 = VERTEX_POINT('',#8825);
#8825 = CARTESIAN_POINT('',(2.75,1.525,0.));
#8826 = LINE('',#8827,#8828);
#8827 = CARTESIAN_POINT('',(2.75,-1.525,0.));
#8828 = VECTOR('',#8829,1.);
#8829 = DIRECTION('',(0.,1.,0.));
#8830 = ORIENTED_EDGE('',*,*,#8831,.T.);
#8831 = EDGE_CURVE('',#8824,#8832,#8834,.T.);
#8832 = VERTEX_POINT('',#8833);
#8833 = CARTESIAN_POINT('',(3.875,1.525,-1.387778780781E-17));
#8834 = LINE('',#8835,#8836);
#8835 = CARTESIAN_POINT('',(3.875,1.525,0.));
#8836 = VECTOR('',#8837,1.);
#8837 = DIRECTION('',(1.,0.,0.));
#8838 = ORIENTED_EDGE('',*,*,#8839,.F.);
#8839 = EDGE_CURVE('',#8735,#8832,#8840,.T.);
#8840 = LINE('',#8841,#8842);
#8841 = CARTESIAN_POINT('',(3.875,-1.525,-1.387778780781E-17));
#8842 = VECTOR('',#8843,1.);
#8843 = DIRECTION('',(0.,1.,0.));
#8844 = PLANE('',#8845);
#8845 = AXIS2_PLACEMENT_3D('',#8846,#8847,#8848);
#8846 = CARTESIAN_POINT('',(3.3625,0.,0.));
#8847 = DIRECTION('',(-0.,-0.,-1.));
#8848 = DIRECTION('',(-1.,0.,0.));
#8849 = ADVANCED_FACE('',(#8850),#8869,.T.);
#8850 = FACE_BOUND('',#8851,.T.);
#8851 = EDGE_LOOP('',(#8852,#8853,#8854,#8863));
#8852 = ORIENTED_EDGE('',*,*,#8742,.T.);
#8853 = ORIENTED_EDGE('',*,*,#8839,.T.);
#8854 = ORIENTED_EDGE('',*,*,#8855,.F.);
#8855 = EDGE_CURVE('',#8856,#8832,#8858,.T.);
#8856 = VERTEX_POINT('',#8857);
#8857 = CARTESIAN_POINT('',(3.975,1.525,0.1));
#8858 = CIRCLE('',#8859,0.1);
#8859 = AXIS2_PLACEMENT_3D('',#8860,#8861,#8862);
#8860 = CARTESIAN_POINT('',(3.875,1.525,0.1));
#8861 = DIRECTION('',(0.,1.,0.));
#8862 = DIRECTION('',(0.,-0.,1.));
#8863 = ORIENTED_EDGE('',*,*,#8864,.F.);
#8864 = EDGE_CURVE('',#8743,#8856,#8865,.T.);
#8865 = LINE('',#8866,#8867);
#8866 = CARTESIAN_POINT('',(3.975,-1.525,0.1));
#8867 = VECTOR('',#8868,1.);
#8868 = DIRECTION('',(0.,1.,0.));
#8869 = CYLINDRICAL_SURFACE('',#8870,0.1);
#8870 = AXIS2_PLACEMENT_3D('',#8871,#8872,#8873);
#8871 = CARTESIAN_POINT('',(3.875,-1.525,0.1));
#8872 = DIRECTION('',(0.,1.,0.));
#8873 = DIRECTION('',(1.,0.,-0.));
#8874 = ADVANCED_FACE('',(#8875),#8893,.F.);
#8875 = FACE_BOUND('',#8876,.F.);
#8876 = EDGE_LOOP('',(#8877,#8878,#8879,#8887));
#8877 = ORIENTED_EDGE('',*,*,#8808,.F.);
#8878 = ORIENTED_EDGE('',*,*,#8823,.T.);
#8879 = ORIENTED_EDGE('',*,*,#8880,.T.);
#8880 = EDGE_CURVE('',#8824,#8881,#8883,.T.);
#8881 = VERTEX_POINT('',#8882);
#8882 = CARTESIAN_POINT('',(2.75,1.525,0.1));
#8883 = LINE('',#8884,#8885);
#8884 = CARTESIAN_POINT('',(2.75,1.525,0.));
#8885 = VECTOR('',#8886,1.);
#8886 = DIRECTION('',(0.,0.,1.));
#8887 = ORIENTED_EDGE('',*,*,#8888,.F.);
#8888 = EDGE_CURVE('',#8801,#8881,#8889,.T.);
#8889 = LINE('',#8890,#8891);
#8890 = CARTESIAN_POINT('',(2.75,-1.525,0.1));
#8891 = VECTOR('',#8892,1.);
#8892 = DIRECTION('',(0.,1.,0.));
#8893 = PLANE('',#8894);
#8894 = AXIS2_PLACEMENT_3D('',#8895,#8896,#8897);
#8895 = CARTESIAN_POINT('',(2.75,-1.525,0.));
#8896 = DIRECTION('',(1.,0.,0.));
#8897 = DIRECTION('',(0.,0.,1.));
#8898 = ADVANCED_FACE('',(#8899),#8917,.T.);
#8899 = FACE_BOUND('',#8900,.T.);
#8900 = EDGE_LOOP('',(#8901,#8902,#8903,#8911));
#8901 = ORIENTED_EDGE('',*,*,#8751,.F.);
#8902 = ORIENTED_EDGE('',*,*,#8864,.T.);
#8903 = ORIENTED_EDGE('',*,*,#8904,.T.);
#8904 = EDGE_CURVE('',#8856,#8905,#8907,.T.);
#8905 = VERTEX_POINT('',#8906);
#8906 = CARTESIAN_POINT('',(3.975,1.525,1.1475));
#8907 = LINE('',#8908,#8909);
#8908 = CARTESIAN_POINT('',(3.975,1.525,0.));
#8909 = VECTOR('',#8910,1.);
#8910 = DIRECTION('',(0.,0.,1.));
#8911 = ORIENTED_EDGE('',*,*,#8912,.F.);
#8912 = EDGE_CURVE('',#8752,#8905,#8913,.T.);
#8913 = LINE('',#8914,#8915);
#8914 = CARTESIAN_POINT('',(3.975,-1.525,1.1475));
#8915 = VECTOR('',#8916,1.);
#8916 = DIRECTION('',(0.,1.,0.));
#8917 = PLANE('',#8918);
#8918 = AXIS2_PLACEMENT_3D('',#8919,#8920,#8921);
#8919 = CARTESIAN_POINT('',(3.975,-1.525,0.));
#8920 = DIRECTION('',(1.,0.,0.));
#8921 = DIRECTION('',(0.,0.,1.));
#8922 = ADVANCED_FACE('',(#8923),#8941,.T.);
#8923 = FACE_BOUND('',#8924,.T.);
#8924 = EDGE_LOOP('',(#8925,#8926,#8927,#8935));
#8925 = ORIENTED_EDGE('',*,*,#8888,.F.);
#8926 = ORIENTED_EDGE('',*,*,#8800,.T.);
#8927 = ORIENTED_EDGE('',*,*,#8928,.T.);
#8928 = EDGE_CURVE('',#8793,#8929,#8931,.T.);
#8929 = VERTEX_POINT('',#8930);
#8930 = CARTESIAN_POINT('',(3.875,1.525,0.1));
#8931 = LINE('',#8932,#8933);
#8932 = CARTESIAN_POINT('',(3.875,-1.525,0.1));
#8933 = VECTOR('',#8934,1.);
#8934 = DIRECTION('',(0.,1.,0.));
#8935 = ORIENTED_EDGE('',*,*,#8936,.F.);
#8936 = EDGE_CURVE('',#8881,#8929,#8937,.T.);
#8937 = LINE('',#8938,#8939);
#8938 = CARTESIAN_POINT('',(2.75,1.525,0.1));
#8939 = VECTOR('',#8940,1.);
#8940 = DIRECTION('',(1.,0.,0.));
#8941 = PLANE('',#8942);
#8942 = AXIS2_PLACEMENT_3D('',#8943,#8944,#8945);
#8943 = CARTESIAN_POINT('',(2.75,-1.525,0.1));
#8944 = DIRECTION('',(0.,0.,1.));
#8945 = DIRECTION('',(1.,0.,-0.));
#8946 = ADVANCED_FACE('',(#8947),#8966,.T.);
#8947 = FACE_BOUND('',#8948,.T.);
#8948 = EDGE_LOOP('',(#8949,#8950,#8959,#8965));
#8949 = ORIENTED_EDGE('',*,*,#8912,.T.);
#8950 = ORIENTED_EDGE('',*,*,#8951,.T.);
#8951 = EDGE_CURVE('',#8905,#8952,#8954,.T.);
#8952 = VERTEX_POINT('',#8953);
#8953 = CARTESIAN_POINT('',(3.875,1.525,1.2475));
#8954 = CIRCLE('',#8955,0.1);
#8955 = AXIS2_PLACEMENT_3D('',#8956,#8957,#8958);
#8956 = CARTESIAN_POINT('',(3.875,1.525,1.1475));
#8957 = DIRECTION('',(0.,-1.,0.));
#8958 = DIRECTION('',(0.,0.,1.));
#8959 = ORIENTED_EDGE('',*,*,#8960,.F.);
#8960 = EDGE_CURVE('',#8760,#8952,#8961,.T.);
#8961 = LINE('',#8962,#8963);
#8962 = CARTESIAN_POINT('',(3.875,-1.525,1.2475));
#8963 = VECTOR('',#8964,1.);
#8964 = DIRECTION('',(0.,1.,0.));
#8965 = ORIENTED_EDGE('',*,*,#8759,.F.);
#8966 = CYLINDRICAL_SURFACE('',#8967,0.1);
#8967 = AXIS2_PLACEMENT_3D('',#8968,#8969,#8970);
#8968 = CARTESIAN_POINT('',(3.875,-1.525,1.1475));
#8969 = DIRECTION('',(0.,1.,0.));
#8970 = DIRECTION('',(1.,0.,-0.));
#8971 = ADVANCED_FACE('',(#8972),#8990,.F.);
#8972 = FACE_BOUND('',#8973,.F.);
#8973 = EDGE_LOOP('',(#8974,#8975,#8976,#8984));
#8974 = ORIENTED_EDGE('',*,*,#8792,.F.);
#8975 = ORIENTED_EDGE('',*,*,#8928,.T.);
#8976 = ORIENTED_EDGE('',*,*,#8977,.T.);
#8977 = EDGE_CURVE('',#8929,#8978,#8980,.T.);
#8978 = VERTEX_POINT('',#8979);
#8979 = CARTESIAN_POINT('',(3.875,1.525,1.1475));
#8980 = LINE('',#8981,#8982);
#8981 = CARTESIAN_POINT('',(3.875,1.525,0.));
#8982 = VECTOR('',#8983,1.);
#8983 = DIRECTION('',(0.,0.,1.));
#8984 = ORIENTED_EDGE('',*,*,#8985,.F.);
#8985 = EDGE_CURVE('',#8785,#8978,#8986,.T.);
#8986 = LINE('',#8987,#8988);
#8987 = CARTESIAN_POINT('',(3.875,-1.525,1.1475));
#8988 = VECTOR('',#8989,1.);
#8989 = DIRECTION('',(0.,1.,0.));
#8990 = PLANE('',#8991);
#8991 = AXIS2_PLACEMENT_3D('',#8992,#8993,#8994);
#8992 = CARTESIAN_POINT('',(3.875,-1.525,0.));
#8993 = DIRECTION('',(1.,0.,0.));
#8994 = DIRECTION('',(0.,0.,1.));
#8995 = ADVANCED_FACE('',(#8996),#9014,.T.);
#8996 = FACE_BOUND('',#8997,.T.);
#8997 = EDGE_LOOP('',(#8998,#8999,#9000,#9008));
#8998 = ORIENTED_EDGE('',*,*,#8768,.T.);
#8999 = ORIENTED_EDGE('',*,*,#8960,.T.);
#9000 = ORIENTED_EDGE('',*,*,#9001,.F.);
#9001 = EDGE_CURVE('',#9002,#8952,#9004,.T.);
#9002 = VERTEX_POINT('',#9003);
#9003 = CARTESIAN_POINT('',(2.85,1.525,1.2475));
#9004 = LINE('',#9005,#9006);
#9005 = CARTESIAN_POINT('',(3.875,1.525,1.2475));
#9006 = VECTOR('',#9007,1.);
#9007 = DIRECTION('',(1.,0.,0.));
#9008 = ORIENTED_EDGE('',*,*,#9009,.F.);
#9009 = EDGE_CURVE('',#8769,#9002,#9010,.T.);
#9010 = LINE('',#9011,#9012);
#9011 = CARTESIAN_POINT('',(2.85,-1.525,1.2475));
#9012 = VECTOR('',#9013,1.);
#9013 = DIRECTION('',(0.,1.,0.));
#9014 = PLANE('',#9015);
#9015 = AXIS2_PLACEMENT_3D('',#9016,#9017,#9018);
#9016 = CARTESIAN_POINT('',(3.4125,0.,1.2475));
#9017 = DIRECTION('',(0.,0.,1.));
#9018 = DIRECTION('',(1.,0.,-0.));
#9019 = ADVANCED_FACE('',(#9020),#9038,.F.);
#9020 = FACE_BOUND('',#9021,.F.);
#9021 = EDGE_LOOP('',(#9022,#9030,#9031,#9032));
#9022 = ORIENTED_EDGE('',*,*,#9023,.F.);
#9023 = EDGE_CURVE('',#8777,#9024,#9026,.T.);
#9024 = VERTEX_POINT('',#9025);
#9025 = CARTESIAN_POINT('',(2.85,1.525,1.1475));
#9026 = LINE('',#9027,#9028);
#9027 = CARTESIAN_POINT('',(2.85,-1.525,1.1475));
#9028 = VECTOR('',#9029,1.);
#9029 = DIRECTION('',(0.,1.,0.));
#9030 = ORIENTED_EDGE('',*,*,#8784,.T.);
#9031 = ORIENTED_EDGE('',*,*,#8985,.T.);
#9032 = ORIENTED_EDGE('',*,*,#9033,.F.);
#9033 = EDGE_CURVE('',#9024,#8978,#9034,.T.);
#9034 = LINE('',#9035,#9036);
#9035 = CARTESIAN_POINT('',(2.85,1.525,1.1475));
#9036 = VECTOR('',#9037,1.);
#9037 = DIRECTION('',(1.,0.,0.));
#9038 = PLANE('',#9039);
#9039 = AXIS2_PLACEMENT_3D('',#9040,#9041,#9042);
#9040 = CARTESIAN_POINT('',(2.85,-1.525,1.1475));
#9041 = DIRECTION('',(0.,0.,1.));
#9042 = DIRECTION('',(1.,0.,-0.));
#9043 = ADVANCED_FACE('',(#9044),#9055,.F.);
#9044 = FACE_BOUND('',#9045,.F.);
#9045 = EDGE_LOOP('',(#9046,#9047,#9048,#9054));
#9046 = ORIENTED_EDGE('',*,*,#8776,.F.);
#9047 = ORIENTED_EDGE('',*,*,#9023,.T.);
#9048 = ORIENTED_EDGE('',*,*,#9049,.T.);
#9049 = EDGE_CURVE('',#9024,#9002,#9050,.T.);
#9050 = LINE('',#9051,#9052);
#9051 = CARTESIAN_POINT('',(2.85,1.525,1.1475));
#9052 = VECTOR('',#9053,1.);
#9053 = DIRECTION('',(0.,0.,1.));
#9054 = ORIENTED_EDGE('',*,*,#9009,.F.);
#9055 = PLANE('',#9056);
#9056 = AXIS2_PLACEMENT_3D('',#9057,#9058,#9059);
#9057 = CARTESIAN_POINT('',(2.85,-1.525,1.1475));
#9058 = DIRECTION('',(1.,0.,0.));
#9059 = DIRECTION('',(0.,0.,1.));
#9060 = ADVANCED_FACE('',(#9061),#9073,.T.);
#9061 = FACE_BOUND('',#9062,.T.);
#9062 = EDGE_LOOP('',(#9063,#9064,#9065,#9066,#9067,#9068,#9069,#9070,
    #9071,#9072));
#9063 = ORIENTED_EDGE('',*,*,#9001,.T.);
#9064 = ORIENTED_EDGE('',*,*,#8951,.F.);
#9065 = ORIENTED_EDGE('',*,*,#8904,.F.);
#9066 = ORIENTED_EDGE('',*,*,#8855,.T.);
#9067 = ORIENTED_EDGE('',*,*,#8831,.F.);
#9068 = ORIENTED_EDGE('',*,*,#8880,.T.);
#9069 = ORIENTED_EDGE('',*,*,#8936,.T.);
#9070 = ORIENTED_EDGE('',*,*,#8977,.T.);
#9071 = ORIENTED_EDGE('',*,*,#9033,.F.);
#9072 = ORIENTED_EDGE('',*,*,#9049,.T.);
#9073 = PLANE('',#9074);
#9074 = AXIS2_PLACEMENT_3D('',#9075,#9076,#9077);
#9075 = CARTESIAN_POINT('',(3.53239814153,1.525,0.607345425304));
#9076 = DIRECTION('',(0.,1.,0.));
#9077 = DIRECTION('',(0.,-0.,1.));
#9078 = ( GEOMETRIC_REPRESENTATION_CONTEXT(3) 
GLOBAL_UNCERTAINTY_ASSIGNED_CONTEXT((#9082)) 
GLOBAL_UNIT_ASSIGNED_CONTEXT((#9079,#9080,#9081)) REPRESENTATION_CONTEXT
('Context #1','3D Context with UNIT and UNCERTAINTY') );
#9079 = ( LENGTH_UNIT() NAMED_UNIT(*) SI_UNIT(.MILLI.,.METRE.) );
#9080 = ( NAMED_UNIT(*) PLANE_ANGLE_UNIT() SI_UNIT($,.RADIAN.) );
#9081 = ( NAMED_UNIT(*) SI_UNIT($,.STERADIAN.) SOLID_ANGLE_UNIT() );
#9082 = UNCERTAINTY_MEASURE_WITH_UNIT(LENGTH_MEASURE(1.E-07),#9079,
  'distance_accuracy_value','confusion accuracy');
#9083 = CONTEXT_DEPENDENT_SHAPE_REPRESENTATION(#9084,#9086);
#9084 = ( REPRESENTATION_RELATIONSHIP('','',#8725,#7929) 
REPRESENTATION_RELATIONSHIP_WITH_TRANSFORMATION(#9085) 
SHAPE_REPRESENTATION_RELATIONSHIP() );
#9085 = ITEM_DEFINED_TRANSFORMATION('','',#11,#7938);
#9086 = PRODUCT_DEFINITION_SHAPE('Placement','Placement of an item',
  #9087);
#9087 = NEXT_ASSEMBLY_USAGE_OCCURRENCE('9','=>[0:1:1:4]','',#7924,#8720,
  $);
#9088 = PRODUCT_RELATED_PRODUCT_CATEGORY('part',$,(#8722));
#9089 = SHAPE_DEFINITION_REPRESENTATION(#9090,#9096);
#9090 = PRODUCT_DEFINITION_SHAPE('','',#9091);
#9091 = PRODUCT_DEFINITION('design','',#9092,#9095);
#9092 = PRODUCT_DEFINITION_FORMATION('','',#9093);
#9093 = PRODUCT('C_0603_1608Metric','C_0603_1608Metric','',(#9094));
#9094 = PRODUCT_CONTEXT('',#2,'mechanical');
#9095 = PRODUCT_DEFINITION_CONTEXT('part definition',#2,'design');
#9096 = ADVANCED_BREP_SHAPE_REPRESENTATION('',(#11,#9097),#9951);
#9097 = MANIFOLD_SOLID_BREP('',#9098);
#9098 = CLOSED_SHELL('',(#9099,#9175,#9206,#9231,#9256,#9280,#9304,#9329
    ,#9354,#9371,#9457,#9489,#9513,#9538,#9562,#9587,#9611,#9636,#9653,
    #9739,#9770,#9795,#9820,#9844,#9868,#9893,#9918,#9935));
#9099 = ADVANCED_FACE('',(#9100),#9170,.F.);
#9100 = FACE_BOUND('',#9101,.F.);
#9101 = EDGE_LOOP('',(#9102,#9112,#9121,#9129,#9138,#9146,#9155,#9163));
#9102 = ORIENTED_EDGE('',*,*,#9103,.F.);
#9103 = EDGE_CURVE('',#9104,#9106,#9108,.T.);
#9104 = VERTEX_POINT('',#9105);
#9105 = CARTESIAN_POINT('',(-0.8,-0.4,3.E-02));
#9106 = VERTEX_POINT('',#9107);
#9107 = CARTESIAN_POINT('',(-0.8,-0.4,0.77));
#9108 = LINE('',#9109,#9110);
#9109 = CARTESIAN_POINT('',(-0.8,-0.4,0.));
#9110 = VECTOR('',#9111,1.);
#9111 = DIRECTION('',(0.,0.,1.));
#9112 = ORIENTED_EDGE('',*,*,#9113,.T.);
#9113 = EDGE_CURVE('',#9104,#9114,#9116,.T.);
#9114 = VERTEX_POINT('',#9115);
#9115 = CARTESIAN_POINT('',(-0.8,-0.37,0.));
#9116 = CIRCLE('',#9117,3.E-02);
#9117 = AXIS2_PLACEMENT_3D('',#9118,#9119,#9120);
#9118 = CARTESIAN_POINT('',(-0.8,-0.37,3.E-02));
#9119 = DIRECTION('',(1.,0.,-0.));
#9120 = DIRECTION('',(0.,0.,1.));
#9121 = ORIENTED_EDGE('',*,*,#9122,.T.);
#9122 = EDGE_CURVE('',#9114,#9123,#9125,.T.);
#9123 = VERTEX_POINT('',#9124);
#9124 = CARTESIAN_POINT('',(-0.8,0.37,0.));
#9125 = LINE('',#9126,#9127);
#9126 = CARTESIAN_POINT('',(-0.8,-0.4,0.));
#9127 = VECTOR('',#9128,1.);
#9128 = DIRECTION('',(0.,1.,0.));
#9129 = ORIENTED_EDGE('',*,*,#9130,.F.);
#9130 = EDGE_CURVE('',#9131,#9123,#9133,.T.);
#9131 = VERTEX_POINT('',#9132);
#9132 = CARTESIAN_POINT('',(-0.8,0.4,3.E-02));
#9133 = CIRCLE('',#9134,3.E-02);
#9134 = AXIS2_PLACEMENT_3D('',#9135,#9136,#9137);
#9135 = CARTESIAN_POINT('',(-0.8,0.37,3.E-02));
#9136 = DIRECTION('',(-1.,0.,0.));
#9137 = DIRECTION('',(0.,0.,1.));
#9138 = ORIENTED_EDGE('',*,*,#9139,.T.);
#9139 = EDGE_CURVE('',#9131,#9140,#9142,.T.);
#9140 = VERTEX_POINT('',#9141);
#9141 = CARTESIAN_POINT('',(-0.8,0.4,0.77));
#9142 = LINE('',#9143,#9144);
#9143 = CARTESIAN_POINT('',(-0.8,0.4,0.));
#9144 = VECTOR('',#9145,1.);
#9145 = DIRECTION('',(0.,0.,1.));
#9146 = ORIENTED_EDGE('',*,*,#9147,.T.);
#9147 = EDGE_CURVE('',#9140,#9148,#9150,.T.);
#9148 = VERTEX_POINT('',#9149);
#9149 = CARTESIAN_POINT('',(-0.8,0.37,0.8));
#9150 = CIRCLE('',#9151,3.E-02);
#9151 = AXIS2_PLACEMENT_3D('',#9152,#9153,#9154);
#9152 = CARTESIAN_POINT('',(-0.8,0.37,0.77));
#9153 = DIRECTION('',(1.,0.,-0.));
#9154 = DIRECTION('',(0.,0.,1.));
#9155 = ORIENTED_EDGE('',*,*,#9156,.F.);
#9156 = EDGE_CURVE('',#9157,#9148,#9159,.T.);
#9157 = VERTEX_POINT('',#9158);
#9158 = CARTESIAN_POINT('',(-0.8,-0.37,0.8));
#9159 = LINE('',#9160,#9161);
#9160 = CARTESIAN_POINT('',(-0.8,-0.4,0.8));
#9161 = VECTOR('',#9162,1.);
#9162 = DIRECTION('',(0.,1.,0.));
#9163 = ORIENTED_EDGE('',*,*,#9164,.F.);
#9164 = EDGE_CURVE('',#9106,#9157,#9165,.T.);
#9165 = CIRCLE('',#9166,3.E-02);
#9166 = AXIS2_PLACEMENT_3D('',#9167,#9168,#9169);
#9167 = CARTESIAN_POINT('',(-0.8,-0.37,0.77));
#9168 = DIRECTION('',(-1.,0.,0.));
#9169 = DIRECTION('',(0.,0.,1.));
#9170 = PLANE('',#9171);
#9171 = AXIS2_PLACEMENT_3D('',#9172,#9173,#9174);
#9172 = CARTESIAN_POINT('',(-0.8,-0.4,0.));
#9173 = DIRECTION('',(1.,0.,0.));
#9174 = DIRECTION('',(0.,0.,1.));
#9175 = ADVANCED_FACE('',(#9176),#9201,.F.);
#9176 = FACE_BOUND('',#9177,.F.);
#9177 = EDGE_LOOP('',(#9178,#9188,#9194,#9195));
#9178 = ORIENTED_EDGE('',*,*,#9179,.F.);
#9179 = EDGE_CURVE('',#9180,#9182,#9184,.T.);
#9180 = VERTEX_POINT('',#9181);
#9181 = CARTESIAN_POINT('',(-0.5,-0.4,3.E-02));
#9182 = VERTEX_POINT('',#9183);
#9183 = CARTESIAN_POINT('',(-0.5,-0.4,0.77));
#9184 = LINE('',#9185,#9186);
#9185 = CARTESIAN_POINT('',(-0.5,-0.4,0.));
#9186 = VECTOR('',#9187,1.);
#9187 = DIRECTION('',(0.,0.,1.));
#9188 = ORIENTED_EDGE('',*,*,#9189,.F.);
#9189 = EDGE_CURVE('',#9104,#9180,#9190,.T.);
#9190 = LINE('',#9191,#9192);
#9191 = CARTESIAN_POINT('',(-0.8,-0.4,3.E-02));
#9192 = VECTOR('',#9193,1.);
#9193 = DIRECTION('',(1.,0.,0.));
#9194 = ORIENTED_EDGE('',*,*,#9103,.T.);
#9195 = ORIENTED_EDGE('',*,*,#9196,.T.);
#9196 = EDGE_CURVE('',#9106,#9182,#9197,.T.);
#9197 = LINE('',#9198,#9199);
#9198 = CARTESIAN_POINT('',(-0.8,-0.4,0.77));
#9199 = VECTOR('',#9200,1.);
#9200 = DIRECTION('',(1.,0.,0.));
#9201 = PLANE('',#9202);
#9202 = AXIS2_PLACEMENT_3D('',#9203,#9204,#9205);
#9203 = CARTESIAN_POINT('',(-0.8,-0.4,0.));
#9204 = DIRECTION('',(0.,1.,0.));
#9205 = DIRECTION('',(0.,-0.,1.));
#9206 = ADVANCED_FACE('',(#9207),#9226,.T.);
#9207 = FACE_BOUND('',#9208,.T.);
#9208 = EDGE_LOOP('',(#9209,#9210,#9218,#9225));
#9209 = ORIENTED_EDGE('',*,*,#9113,.T.);
#9210 = ORIENTED_EDGE('',*,*,#9211,.T.);
#9211 = EDGE_CURVE('',#9114,#9212,#9214,.T.);
#9212 = VERTEX_POINT('',#9213);
#9213 = CARTESIAN_POINT('',(-0.5,-0.37,0.));
#9214 = LINE('',#9215,#9216);
#9215 = CARTESIAN_POINT('',(-0.8,-0.37,0.));
#9216 = VECTOR('',#9217,1.);
#9217 = DIRECTION('',(1.,0.,0.));
#9218 = ORIENTED_EDGE('',*,*,#9219,.F.);
#9219 = EDGE_CURVE('',#9180,#9212,#9220,.T.);
#9220 = CIRCLE('',#9221,3.E-02);
#9221 = AXIS2_PLACEMENT_3D('',#9222,#9223,#9224);
#9222 = CARTESIAN_POINT('',(-0.5,-0.37,3.E-02));
#9223 = DIRECTION('',(1.,0.,-0.));
#9224 = DIRECTION('',(0.,0.,1.));
#9225 = ORIENTED_EDGE('',*,*,#9189,.F.);
#9226 = CYLINDRICAL_SURFACE('',#9227,3.E-02);
#9227 = AXIS2_PLACEMENT_3D('',#9228,#9229,#9230);
#9228 = CARTESIAN_POINT('',(-0.8,-0.37,3.E-02));
#9229 = DIRECTION('',(1.,0.,0.));
#9230 = DIRECTION('',(0.,-1.,0.));
#9231 = ADVANCED_FACE('',(#9232),#9251,.T.);
#9232 = FACE_BOUND('',#9233,.T.);
#9233 = EDGE_LOOP('',(#9234,#9235,#9244,#9250));
#9234 = ORIENTED_EDGE('',*,*,#9196,.T.);
#9235 = ORIENTED_EDGE('',*,*,#9236,.T.);
#9236 = EDGE_CURVE('',#9182,#9237,#9239,.T.);
#9237 = VERTEX_POINT('',#9238);
#9238 = CARTESIAN_POINT('',(-0.5,-0.37,0.8));
#9239 = CIRCLE('',#9240,3.E-02);
#9240 = AXIS2_PLACEMENT_3D('',#9241,#9242,#9243);
#9241 = CARTESIAN_POINT('',(-0.5,-0.37,0.77));
#9242 = DIRECTION('',(-1.,0.,0.));
#9243 = DIRECTION('',(0.,0.,1.));
#9244 = ORIENTED_EDGE('',*,*,#9245,.F.);
#9245 = EDGE_CURVE('',#9157,#9237,#9246,.T.);
#9246 = LINE('',#9247,#9248);
#9247 = CARTESIAN_POINT('',(-0.8,-0.37,0.8));
#9248 = VECTOR('',#9249,1.);
#9249 = DIRECTION('',(1.,0.,0.));
#9250 = ORIENTED_EDGE('',*,*,#9164,.F.);
#9251 = CYLINDRICAL_SURFACE('',#9252,3.E-02);
#9252 = AXIS2_PLACEMENT_3D('',#9253,#9254,#9255);
#9253 = CARTESIAN_POINT('',(-0.8,-0.37,0.77));
#9254 = DIRECTION('',(1.,0.,0.));
#9255 = DIRECTION('',(0.,-1.,0.));
#9256 = ADVANCED_FACE('',(#9257),#9275,.F.);
#9257 = FACE_BOUND('',#9258,.F.);
#9258 = EDGE_LOOP('',(#9259,#9260,#9261,#9269));
#9259 = ORIENTED_EDGE('',*,*,#9122,.F.);
#9260 = ORIENTED_EDGE('',*,*,#9211,.T.);
#9261 = ORIENTED_EDGE('',*,*,#9262,.T.);
#9262 = EDGE_CURVE('',#9212,#9263,#9265,.T.);
#9263 = VERTEX_POINT('',#9264);
#9264 = CARTESIAN_POINT('',(-0.5,0.37,0.));
#9265 = LINE('',#9266,#9267);
#9266 = CARTESIAN_POINT('',(-0.5,-0.4,0.));
#9267 = VECTOR('',#9268,1.);
#9268 = DIRECTION('',(0.,1.,0.));
#9269 = ORIENTED_EDGE('',*,*,#9270,.F.);
#9270 = EDGE_CURVE('',#9123,#9263,#9271,.T.);
#9271 = LINE('',#9272,#9273);
#9272 = CARTESIAN_POINT('',(-0.8,0.37,0.));
#9273 = VECTOR('',#9274,1.);
#9274 = DIRECTION('',(1.,0.,0.));
#9275 = PLANE('',#9276);
#9276 = AXIS2_PLACEMENT_3D('',#9277,#9278,#9279);
#9277 = CARTESIAN_POINT('',(-0.8,-0.4,0.));
#9278 = DIRECTION('',(0.,0.,1.));
#9279 = DIRECTION('',(1.,0.,-0.));
#9280 = ADVANCED_FACE('',(#9281),#9299,.T.);
#9281 = FACE_BOUND('',#9282,.T.);
#9282 = EDGE_LOOP('',(#9283,#9284,#9285,#9293));
#9283 = ORIENTED_EDGE('',*,*,#9156,.F.);
#9284 = ORIENTED_EDGE('',*,*,#9245,.T.);
#9285 = ORIENTED_EDGE('',*,*,#9286,.T.);
#9286 = EDGE_CURVE('',#9237,#9287,#9289,.T.);
#9287 = VERTEX_POINT('',#9288);
#9288 = CARTESIAN_POINT('',(-0.5,0.37,0.8));
#9289 = LINE('',#9290,#9291);
#9290 = CARTESIAN_POINT('',(-0.5,-0.4,0.8));
#9291 = VECTOR('',#9292,1.);
#9292 = DIRECTION('',(0.,1.,0.));
#9293 = ORIENTED_EDGE('',*,*,#9294,.F.);
#9294 = EDGE_CURVE('',#9148,#9287,#9295,.T.);
#9295 = LINE('',#9296,#9297);
#9296 = CARTESIAN_POINT('',(-0.8,0.37,0.8));
#9297 = VECTOR('',#9298,1.);
#9298 = DIRECTION('',(1.,0.,0.));
#9299 = PLANE('',#9300);
#9300 = AXIS2_PLACEMENT_3D('',#9301,#9302,#9303);
#9301 = CARTESIAN_POINT('',(-0.8,-0.4,0.8));
#9302 = DIRECTION('',(0.,0.,1.));
#9303 = DIRECTION('',(1.,0.,-0.));
#9304 = ADVANCED_FACE('',(#9305),#9324,.T.);
#9305 = FACE_BOUND('',#9306,.T.);
#9306 = EDGE_LOOP('',(#9307,#9315,#9322,#9323));
#9307 = ORIENTED_EDGE('',*,*,#9308,.T.);
#9308 = EDGE_CURVE('',#9131,#9309,#9311,.T.);
#9309 = VERTEX_POINT('',#9310);
#9310 = CARTESIAN_POINT('',(-0.5,0.4,3.E-02));
#9311 = LINE('',#9312,#9313);
#9312 = CARTESIAN_POINT('',(-0.8,0.4,3.E-02));
#9313 = VECTOR('',#9314,1.);
#9314 = DIRECTION('',(1.,0.,0.));
#9315 = ORIENTED_EDGE('',*,*,#9316,.T.);
#9316 = EDGE_CURVE('',#9309,#9263,#9317,.T.);
#9317 = CIRCLE('',#9318,3.E-02);
#9318 = AXIS2_PLACEMENT_3D('',#9319,#9320,#9321);
#9319 = CARTESIAN_POINT('',(-0.5,0.37,3.E-02));
#9320 = DIRECTION('',(-1.,0.,0.));
#9321 = DIRECTION('',(0.,0.,1.));
#9322 = ORIENTED_EDGE('',*,*,#9270,.F.);
#9323 = ORIENTED_EDGE('',*,*,#9130,.F.);
#9324 = CYLINDRICAL_SURFACE('',#9325,3.E-02);
#9325 = AXIS2_PLACEMENT_3D('',#9326,#9327,#9328);
#9326 = CARTESIAN_POINT('',(-0.8,0.37,3.E-02));
#9327 = DIRECTION('',(1.,0.,0.));
#9328 = DIRECTION('',(-0.,1.,0.));
#9329 = ADVANCED_FACE('',(#9330),#9349,.T.);
#9330 = FACE_BOUND('',#9331,.T.);
#9331 = EDGE_LOOP('',(#9332,#9333,#9334,#9343));
#9332 = ORIENTED_EDGE('',*,*,#9147,.T.);
#9333 = ORIENTED_EDGE('',*,*,#9294,.T.);
#9334 = ORIENTED_EDGE('',*,*,#9335,.F.);
#9335 = EDGE_CURVE('',#9336,#9287,#9338,.T.);
#9336 = VERTEX_POINT('',#9337);
#9337 = CARTESIAN_POINT('',(-0.5,0.4,0.77));
#9338 = CIRCLE('',#9339,3.E-02);
#9339 = AXIS2_PLACEMENT_3D('',#9340,#9341,#9342);
#9340 = CARTESIAN_POINT('',(-0.5,0.37,0.77));
#9341 = DIRECTION('',(1.,0.,-0.));
#9342 = DIRECTION('',(0.,0.,1.));
#9343 = ORIENTED_EDGE('',*,*,#9344,.F.);
#9344 = EDGE_CURVE('',#9140,#9336,#9345,.T.);
#9345 = LINE('',#9346,#9347);
#9346 = CARTESIAN_POINT('',(-0.8,0.4,0.77));
#9347 = VECTOR('',#9348,1.);
#9348 = DIRECTION('',(1.,0.,0.));
#9349 = CYLINDRICAL_SURFACE('',#9350,3.E-02);
#9350 = AXIS2_PLACEMENT_3D('',#9351,#9352,#9353);
#9351 = CARTESIAN_POINT('',(-0.8,0.37,0.77));
#9352 = DIRECTION('',(1.,0.,0.));
#9353 = DIRECTION('',(-0.,1.,0.));
#9354 = ADVANCED_FACE('',(#9355),#9366,.T.);
#9355 = FACE_BOUND('',#9356,.T.);
#9356 = EDGE_LOOP('',(#9357,#9363,#9364,#9365));
#9357 = ORIENTED_EDGE('',*,*,#9358,.F.);
#9358 = EDGE_CURVE('',#9309,#9336,#9359,.T.);
#9359 = LINE('',#9360,#9361);
#9360 = CARTESIAN_POINT('',(-0.5,0.4,0.));
#9361 = VECTOR('',#9362,1.);
#9362 = DIRECTION('',(0.,0.,1.));
#9363 = ORIENTED_EDGE('',*,*,#9308,.F.);
#9364 = ORIENTED_EDGE('',*,*,#9139,.T.);
#9365 = ORIENTED_EDGE('',*,*,#9344,.T.);
#9366 = PLANE('',#9367);
#9367 = AXIS2_PLACEMENT_3D('',#9368,#9369,#9370);
#9368 = CARTESIAN_POINT('',(-0.8,0.4,0.));
#9369 = DIRECTION('',(0.,1.,0.));
#9370 = DIRECTION('',(0.,-0.,1.));
#9371 = ADVANCED_FACE('',(#9372,#9382),#9452,.T.);
#9372 = FACE_BOUND('',#9373,.T.);
#9373 = EDGE_LOOP('',(#9374,#9375,#9376,#9377,#9378,#9379,#9380,#9381));
#9374 = ORIENTED_EDGE('',*,*,#9179,.F.);
#9375 = ORIENTED_EDGE('',*,*,#9219,.T.);
#9376 = ORIENTED_EDGE('',*,*,#9262,.T.);
#9377 = ORIENTED_EDGE('',*,*,#9316,.F.);
#9378 = ORIENTED_EDGE('',*,*,#9358,.T.);
#9379 = ORIENTED_EDGE('',*,*,#9335,.T.);
#9380 = ORIENTED_EDGE('',*,*,#9286,.F.);
#9381 = ORIENTED_EDGE('',*,*,#9236,.F.);
#9382 = FACE_BOUND('',#9383,.T.);
#9383 = EDGE_LOOP('',(#9384,#9395,#9403,#9412,#9420,#9429,#9437,#9446));
#9384 = ORIENTED_EDGE('',*,*,#9385,.F.);
#9385 = EDGE_CURVE('',#9386,#9388,#9390,.T.);
#9386 = VERTEX_POINT('',#9387);
#9387 = CARTESIAN_POINT('',(-0.5,-0.37,6.E-02));
#9388 = VERTEX_POINT('',#9389);
#9389 = CARTESIAN_POINT('',(-0.5,-0.34,3.E-02));
#9390 = CIRCLE('',#9391,3.E-02);
#9391 = AXIS2_PLACEMENT_3D('',#9392,#9393,#9394);
#9392 = CARTESIAN_POINT('',(-0.5,-0.34,6.E-02));
#9393 = DIRECTION('',(1.,0.,-0.));
#9394 = DIRECTION('',(0.,0.,1.));
#9395 = ORIENTED_EDGE('',*,*,#9396,.T.);
#9396 = EDGE_CURVE('',#9386,#9397,#9399,.T.);
#9397 = VERTEX_POINT('',#9398);
#9398 = CARTESIAN_POINT('',(-0.5,-0.37,0.74));
#9399 = LINE('',#9400,#9401);
#9400 = CARTESIAN_POINT('',(-0.5,-0.37,3.E-02));
#9401 = VECTOR('',#9402,1.);
#9402 = DIRECTION('',(0.,0.,1.));
#9403 = ORIENTED_EDGE('',*,*,#9404,.T.);
#9404 = EDGE_CURVE('',#9397,#9405,#9407,.T.);
#9405 = VERTEX_POINT('',#9406);
#9406 = CARTESIAN_POINT('',(-0.5,-0.34,0.77));
#9407 = CIRCLE('',#9408,3.E-02);
#9408 = AXIS2_PLACEMENT_3D('',#9409,#9410,#9411);
#9409 = CARTESIAN_POINT('',(-0.5,-0.34,0.74));
#9410 = DIRECTION('',(-1.,0.,0.));
#9411 = DIRECTION('',(0.,0.,1.));
#9412 = ORIENTED_EDGE('',*,*,#9413,.T.);
#9413 = EDGE_CURVE('',#9405,#9414,#9416,.T.);
#9414 = VERTEX_POINT('',#9415);
#9415 = CARTESIAN_POINT('',(-0.5,0.34,0.77));
#9416 = LINE('',#9417,#9418);
#9417 = CARTESIAN_POINT('',(-0.5,-0.37,0.77));
#9418 = VECTOR('',#9419,1.);
#9419 = DIRECTION('',(0.,1.,0.));
#9420 = ORIENTED_EDGE('',*,*,#9421,.F.);
#9421 = EDGE_CURVE('',#9422,#9414,#9424,.T.);
#9422 = VERTEX_POINT('',#9423);
#9423 = CARTESIAN_POINT('',(-0.5,0.37,0.74));
#9424 = CIRCLE('',#9425,3.E-02);
#9425 = AXIS2_PLACEMENT_3D('',#9426,#9427,#9428);
#9426 = CARTESIAN_POINT('',(-0.5,0.34,0.74));
#9427 = DIRECTION('',(1.,0.,-0.));
#9428 = DIRECTION('',(0.,0.,1.));
#9429 = ORIENTED_EDGE('',*,*,#9430,.F.);
#9430 = EDGE_CURVE('',#9431,#9422,#9433,.T.);
#9431 = VERTEX_POINT('',#9432);
#9432 = CARTESIAN_POINT('',(-0.5,0.37,6.E-02));
#9433 = LINE('',#9434,#9435);
#9434 = CARTESIAN_POINT('',(-0.5,0.37,3.E-02));
#9435 = VECTOR('',#9436,1.);
#9436 = DIRECTION('',(0.,0.,1.));
#9437 = ORIENTED_EDGE('',*,*,#9438,.T.);
#9438 = EDGE_CURVE('',#9431,#9439,#9441,.T.);
#9439 = VERTEX_POINT('',#9440);
#9440 = CARTESIAN_POINT('',(-0.5,0.34,3.E-02));
#9441 = CIRCLE('',#9442,3.E-02);
#9442 = AXIS2_PLACEMENT_3D('',#9443,#9444,#9445);
#9443 = CARTESIAN_POINT('',(-0.5,0.34,6.E-02));
#9444 = DIRECTION('',(-1.,0.,0.));
#9445 = DIRECTION('',(0.,0.,1.));
#9446 = ORIENTED_EDGE('',*,*,#9447,.F.);
#9447 = EDGE_CURVE('',#9388,#9439,#9448,.T.);
#9448 = LINE('',#9449,#9450);
#9449 = CARTESIAN_POINT('',(-0.5,-0.37,3.E-02));
#9450 = VECTOR('',#9451,1.);
#9451 = DIRECTION('',(0.,1.,0.));
#9452 = PLANE('',#9453);
#9453 = AXIS2_PLACEMENT_3D('',#9454,#9455,#9456);
#9454 = CARTESIAN_POINT('',(-0.5,-0.4,0.));
#9455 = DIRECTION('',(1.,0.,0.));
#9456 = DIRECTION('',(0.,0.,1.));
#9457 = ADVANCED_FACE('',(#9458),#9484,.T.);
#9458 = FACE_BOUND('',#9459,.T.);
#9459 = EDGE_LOOP('',(#9460,#9461,#9469,#9478));
#9460 = ORIENTED_EDGE('',*,*,#9385,.T.);
#9461 = ORIENTED_EDGE('',*,*,#9462,.T.);
#9462 = EDGE_CURVE('',#9388,#9463,#9465,.T.);
#9463 = VERTEX_POINT('',#9464);
#9464 = CARTESIAN_POINT('',(0.5,-0.34,3.E-02));
#9465 = LINE('',#9466,#9467);
#9466 = CARTESIAN_POINT('',(-0.5,-0.34,3.E-02));
#9467 = VECTOR('',#9468,1.);
#9468 = DIRECTION('',(1.,0.,0.));
#9469 = ORIENTED_EDGE('',*,*,#9470,.F.);
#9470 = EDGE_CURVE('',#9471,#9463,#9473,.T.);
#9471 = VERTEX_POINT('',#9472);
#9472 = CARTESIAN_POINT('',(0.5,-0.37,6.E-02));
#9473 = CIRCLE('',#9474,3.E-02);
#9474 = AXIS2_PLACEMENT_3D('',#9475,#9476,#9477);
#9475 = CARTESIAN_POINT('',(0.5,-0.34,6.E-02));
#9476 = DIRECTION('',(1.,0.,-0.));
#9477 = DIRECTION('',(0.,0.,1.));
#9478 = ORIENTED_EDGE('',*,*,#9479,.F.);
#9479 = EDGE_CURVE('',#9386,#9471,#9480,.T.);
#9480 = LINE('',#9481,#9482);
#9481 = CARTESIAN_POINT('',(-0.5,-0.37,6.E-02));
#9482 = VECTOR('',#9483,1.);
#9483 = DIRECTION('',(1.,0.,0.));
#9484 = CYLINDRICAL_SURFACE('',#9485,3.E-02);
#9485 = AXIS2_PLACEMENT_3D('',#9486,#9487,#9488);
#9486 = CARTESIAN_POINT('',(-0.5,-0.34,6.E-02));
#9487 = DIRECTION('',(1.,0.,0.));
#9488 = DIRECTION('',(0.,-1.,0.));
#9489 = ADVANCED_FACE('',(#9490),#9508,.F.);
#9490 = FACE_BOUND('',#9491,.F.);
#9491 = EDGE_LOOP('',(#9492,#9493,#9494,#9502));
#9492 = ORIENTED_EDGE('',*,*,#9447,.F.);
#9493 = ORIENTED_EDGE('',*,*,#9462,.T.);
#9494 = ORIENTED_EDGE('',*,*,#9495,.T.);
#9495 = EDGE_CURVE('',#9463,#9496,#9498,.T.);
#9496 = VERTEX_POINT('',#9497);
#9497 = CARTESIAN_POINT('',(0.5,0.34,3.E-02));
#9498 = LINE('',#9499,#9500);
#9499 = CARTESIAN_POINT('',(0.5,-0.37,3.E-02));
#9500 = VECTOR('',#9501,1.);
#9501 = DIRECTION('',(0.,1.,0.));
#9502 = ORIENTED_EDGE('',*,*,#9503,.F.);
#9503 = EDGE_CURVE('',#9439,#9496,#9504,.T.);
#9504 = LINE('',#9505,#9506);
#9505 = CARTESIAN_POINT('',(-0.5,0.34,3.E-02));
#9506 = VECTOR('',#9507,1.);
#9507 = DIRECTION('',(1.,0.,0.));
#9508 = PLANE('',#9509);
#9509 = AXIS2_PLACEMENT_3D('',#9510,#9511,#9512);
#9510 = CARTESIAN_POINT('',(-0.5,-0.37,3.E-02));
#9511 = DIRECTION('',(0.,0.,1.));
#9512 = DIRECTION('',(1.,0.,-0.));
#9513 = ADVANCED_FACE('',(#9514),#9533,.T.);
#9514 = FACE_BOUND('',#9515,.T.);
#9515 = EDGE_LOOP('',(#9516,#9524,#9531,#9532));
#9516 = ORIENTED_EDGE('',*,*,#9517,.T.);
#9517 = EDGE_CURVE('',#9431,#9518,#9520,.T.);
#9518 = VERTEX_POINT('',#9519);
#9519 = CARTESIAN_POINT('',(0.5,0.37,6.E-02));
#9520 = LINE('',#9521,#9522);
#9521 = CARTESIAN_POINT('',(-0.5,0.37,6.E-02));
#9522 = VECTOR('',#9523,1.);
#9523 = DIRECTION('',(1.,0.,0.));
#9524 = ORIENTED_EDGE('',*,*,#9525,.T.);
#9525 = EDGE_CURVE('',#9518,#9496,#9526,.T.);
#9526 = CIRCLE('',#9527,3.E-02);
#9527 = AXIS2_PLACEMENT_3D('',#9528,#9529,#9530);
#9528 = CARTESIAN_POINT('',(0.5,0.34,6.E-02));
#9529 = DIRECTION('',(-1.,0.,0.));
#9530 = DIRECTION('',(0.,0.,1.));
#9531 = ORIENTED_EDGE('',*,*,#9503,.F.);
#9532 = ORIENTED_EDGE('',*,*,#9438,.F.);
#9533 = CYLINDRICAL_SURFACE('',#9534,3.E-02);
#9534 = AXIS2_PLACEMENT_3D('',#9535,#9536,#9537);
#9535 = CARTESIAN_POINT('',(-0.5,0.34,6.E-02));
#9536 = DIRECTION('',(1.,0.,0.));
#9537 = DIRECTION('',(-0.,1.,0.));
#9538 = ADVANCED_FACE('',(#9539),#9557,.T.);
#9539 = FACE_BOUND('',#9540,.T.);
#9540 = EDGE_LOOP('',(#9541,#9549,#9550,#9551));
#9541 = ORIENTED_EDGE('',*,*,#9542,.F.);
#9542 = EDGE_CURVE('',#9518,#9543,#9545,.T.);
#9543 = VERTEX_POINT('',#9544);
#9544 = CARTESIAN_POINT('',(0.5,0.37,0.74));
#9545 = LINE('',#9546,#9547);
#9546 = CARTESIAN_POINT('',(0.5,0.37,3.E-02));
#9547 = VECTOR('',#9548,1.);
#9548 = DIRECTION('',(0.,0.,1.));
#9549 = ORIENTED_EDGE('',*,*,#9517,.F.);
#9550 = ORIENTED_EDGE('',*,*,#9430,.T.);
#9551 = ORIENTED_EDGE('',*,*,#9552,.T.);
#9552 = EDGE_CURVE('',#9422,#9543,#9553,.T.);
#9553 = LINE('',#9554,#9555);
#9554 = CARTESIAN_POINT('',(-0.5,0.37,0.74));
#9555 = VECTOR('',#9556,1.);
#9556 = DIRECTION('',(1.,0.,0.));
#9557 = PLANE('',#9558);
#9558 = AXIS2_PLACEMENT_3D('',#9559,#9560,#9561);
#9559 = CARTESIAN_POINT('',(-0.5,0.37,3.E-02));
#9560 = DIRECTION('',(0.,1.,0.));
#9561 = DIRECTION('',(0.,-0.,1.));
#9562 = ADVANCED_FACE('',(#9563),#9582,.T.);
#9563 = FACE_BOUND('',#9564,.T.);
#9564 = EDGE_LOOP('',(#9565,#9566,#9574,#9581));
#9565 = ORIENTED_EDGE('',*,*,#9421,.T.);
#9566 = ORIENTED_EDGE('',*,*,#9567,.T.);
#9567 = EDGE_CURVE('',#9414,#9568,#9570,.T.);
#9568 = VERTEX_POINT('',#9569);
#9569 = CARTESIAN_POINT('',(0.5,0.34,0.77));
#9570 = LINE('',#9571,#9572);
#9571 = CARTESIAN_POINT('',(-0.5,0.34,0.77));
#9572 = VECTOR('',#9573,1.);
#9573 = DIRECTION('',(1.,0.,0.));
#9574 = ORIENTED_EDGE('',*,*,#9575,.F.);
#9575 = EDGE_CURVE('',#9543,#9568,#9576,.T.);
#9576 = CIRCLE('',#9577,3.E-02);
#9577 = AXIS2_PLACEMENT_3D('',#9578,#9579,#9580);
#9578 = CARTESIAN_POINT('',(0.5,0.34,0.74));
#9579 = DIRECTION('',(1.,0.,-0.));
#9580 = DIRECTION('',(0.,0.,1.));
#9581 = ORIENTED_EDGE('',*,*,#9552,.F.);
#9582 = CYLINDRICAL_SURFACE('',#9583,3.E-02);
#9583 = AXIS2_PLACEMENT_3D('',#9584,#9585,#9586);
#9584 = CARTESIAN_POINT('',(-0.5,0.34,0.74));
#9585 = DIRECTION('',(1.,0.,0.));
#9586 = DIRECTION('',(-0.,1.,0.));
#9587 = ADVANCED_FACE('',(#9588),#9606,.T.);
#9588 = FACE_BOUND('',#9589,.T.);
#9589 = EDGE_LOOP('',(#9590,#9591,#9599,#9605));
#9590 = ORIENTED_EDGE('',*,*,#9413,.F.);
#9591 = ORIENTED_EDGE('',*,*,#9592,.T.);
#9592 = EDGE_CURVE('',#9405,#9593,#9595,.T.);
#9593 = VERTEX_POINT('',#9594);
#9594 = CARTESIAN_POINT('',(0.5,-0.34,0.77));
#9595 = LINE('',#9596,#9597);
#9596 = CARTESIAN_POINT('',(-0.5,-0.34,0.77));
#9597 = VECTOR('',#9598,1.);
#9598 = DIRECTION('',(1.,0.,0.));
#9599 = ORIENTED_EDGE('',*,*,#9600,.T.);
#9600 = EDGE_CURVE('',#9593,#9568,#9601,.T.);
#9601 = LINE('',#9602,#9603);
#9602 = CARTESIAN_POINT('',(0.5,-0.37,0.77));
#9603 = VECTOR('',#9604,1.);
#9604 = DIRECTION('',(0.,1.,0.));
#9605 = ORIENTED_EDGE('',*,*,#9567,.F.);
#9606 = PLANE('',#9607);
#9607 = AXIS2_PLACEMENT_3D('',#9608,#9609,#9610);
#9608 = CARTESIAN_POINT('',(-0.5,-0.37,0.77));
#9609 = DIRECTION('',(0.,0.,1.));
#9610 = DIRECTION('',(1.,0.,-0.));
#9611 = ADVANCED_FACE('',(#9612),#9631,.T.);
#9612 = FACE_BOUND('',#9613,.T.);
#9613 = EDGE_LOOP('',(#9614,#9622,#9629,#9630));
#9614 = ORIENTED_EDGE('',*,*,#9615,.T.);
#9615 = EDGE_CURVE('',#9397,#9616,#9618,.T.);
#9616 = VERTEX_POINT('',#9617);
#9617 = CARTESIAN_POINT('',(0.5,-0.37,0.74));
#9618 = LINE('',#9619,#9620);
#9619 = CARTESIAN_POINT('',(-0.5,-0.37,0.74));
#9620 = VECTOR('',#9621,1.);
#9621 = DIRECTION('',(1.,0.,0.));
#9622 = ORIENTED_EDGE('',*,*,#9623,.T.);
#9623 = EDGE_CURVE('',#9616,#9593,#9624,.T.);
#9624 = CIRCLE('',#9625,3.E-02);
#9625 = AXIS2_PLACEMENT_3D('',#9626,#9627,#9628);
#9626 = CARTESIAN_POINT('',(0.5,-0.34,0.74));
#9627 = DIRECTION('',(-1.,0.,0.));
#9628 = DIRECTION('',(0.,0.,1.));
#9629 = ORIENTED_EDGE('',*,*,#9592,.F.);
#9630 = ORIENTED_EDGE('',*,*,#9404,.F.);
#9631 = CYLINDRICAL_SURFACE('',#9632,3.E-02);
#9632 = AXIS2_PLACEMENT_3D('',#9633,#9634,#9635);
#9633 = CARTESIAN_POINT('',(-0.5,-0.34,0.74));
#9634 = DIRECTION('',(1.,0.,0.));
#9635 = DIRECTION('',(0.,-1.,0.));
#9636 = ADVANCED_FACE('',(#9637),#9648,.F.);
#9637 = FACE_BOUND('',#9638,.F.);
#9638 = EDGE_LOOP('',(#9639,#9645,#9646,#9647));
#9639 = ORIENTED_EDGE('',*,*,#9640,.F.);
#9640 = EDGE_CURVE('',#9471,#9616,#9641,.T.);
#9641 = LINE('',#9642,#9643);
#9642 = CARTESIAN_POINT('',(0.5,-0.37,3.E-02));
#9643 = VECTOR('',#9644,1.);
#9644 = DIRECTION('',(0.,0.,1.));
#9645 = ORIENTED_EDGE('',*,*,#9479,.F.);
#9646 = ORIENTED_EDGE('',*,*,#9396,.T.);
#9647 = ORIENTED_EDGE('',*,*,#9615,.T.);
#9648 = PLANE('',#9649);
#9649 = AXIS2_PLACEMENT_3D('',#9650,#9651,#9652);
#9650 = CARTESIAN_POINT('',(-0.5,-0.37,3.E-02));
#9651 = DIRECTION('',(0.,1.,0.));
#9652 = DIRECTION('',(0.,-0.,1.));
#9653 = ADVANCED_FACE('',(#9654,#9724),#9734,.F.);
#9654 = FACE_BOUND('',#9655,.F.);
#9655 = EDGE_LOOP('',(#9656,#9666,#9675,#9683,#9692,#9700,#9709,#9717));
#9656 = ORIENTED_EDGE('',*,*,#9657,.F.);
#9657 = EDGE_CURVE('',#9658,#9660,#9662,.T.);
#9658 = VERTEX_POINT('',#9659);
#9659 = CARTESIAN_POINT('',(0.5,-0.4,3.E-02));
#9660 = VERTEX_POINT('',#9661);
#9661 = CARTESIAN_POINT('',(0.5,-0.4,0.77));
#9662 = LINE('',#9663,#9664);
#9663 = CARTESIAN_POINT('',(0.5,-0.4,0.));
#9664 = VECTOR('',#9665,1.);
#9665 = DIRECTION('',(0.,0.,1.));
#9666 = ORIENTED_EDGE('',*,*,#9667,.T.);
#9667 = EDGE_CURVE('',#9658,#9668,#9670,.T.);
#9668 = VERTEX_POINT('',#9669);
#9669 = CARTESIAN_POINT('',(0.5,-0.37,0.));
#9670 = CIRCLE('',#9671,3.E-02);
#9671 = AXIS2_PLACEMENT_3D('',#9672,#9673,#9674);
#9672 = CARTESIAN_POINT('',(0.5,-0.37,3.E-02));
#9673 = DIRECTION('',(1.,0.,-0.));
#9674 = DIRECTION('',(0.,0.,1.));
#9675 = ORIENTED_EDGE('',*,*,#9676,.T.);
#9676 = EDGE_CURVE('',#9668,#9677,#9679,.T.);
#9677 = VERTEX_POINT('',#9678);
#9678 = CARTESIAN_POINT('',(0.5,0.37,0.));
#9679 = LINE('',#9680,#9681);
#9680 = CARTESIAN_POINT('',(0.5,-0.4,0.));
#9681 = VECTOR('',#9682,1.);
#9682 = DIRECTION('',(0.,1.,0.));
#9683 = ORIENTED_EDGE('',*,*,#9684,.F.);
#9684 = EDGE_CURVE('',#9685,#9677,#9687,.T.);
#9685 = VERTEX_POINT('',#9686);
#9686 = CARTESIAN_POINT('',(0.5,0.4,3.E-02));
#9687 = CIRCLE('',#9688,3.E-02);
#9688 = AXIS2_PLACEMENT_3D('',#9689,#9690,#9691);
#9689 = CARTESIAN_POINT('',(0.5,0.37,3.E-02));
#9690 = DIRECTION('',(-1.,0.,0.));
#9691 = DIRECTION('',(0.,0.,1.));
#9692 = ORIENTED_EDGE('',*,*,#9693,.T.);
#9693 = EDGE_CURVE('',#9685,#9694,#9696,.T.);
#9694 = VERTEX_POINT('',#9695);
#9695 = CARTESIAN_POINT('',(0.5,0.4,0.77));
#9696 = LINE('',#9697,#9698);
#9697 = CARTESIAN_POINT('',(0.5,0.4,0.));
#9698 = VECTOR('',#9699,1.);
#9699 = DIRECTION('',(0.,0.,1.));
#9700 = ORIENTED_EDGE('',*,*,#9701,.T.);
#9701 = EDGE_CURVE('',#9694,#9702,#9704,.T.);
#9702 = VERTEX_POINT('',#9703);
#9703 = CARTESIAN_POINT('',(0.5,0.37,0.8));
#9704 = CIRCLE('',#9705,3.E-02);
#9705 = AXIS2_PLACEMENT_3D('',#9706,#9707,#9708);
#9706 = CARTESIAN_POINT('',(0.5,0.37,0.77));
#9707 = DIRECTION('',(1.,0.,-0.));
#9708 = DIRECTION('',(0.,0.,1.));
#9709 = ORIENTED_EDGE('',*,*,#9710,.F.);
#9710 = EDGE_CURVE('',#9711,#9702,#9713,.T.);
#9711 = VERTEX_POINT('',#9712);
#9712 = CARTESIAN_POINT('',(0.5,-0.37,0.8));
#9713 = LINE('',#9714,#9715);
#9714 = CARTESIAN_POINT('',(0.5,-0.4,0.8));
#9715 = VECTOR('',#9716,1.);
#9716 = DIRECTION('',(0.,1.,0.));
#9717 = ORIENTED_EDGE('',*,*,#9718,.F.);
#9718 = EDGE_CURVE('',#9660,#9711,#9719,.T.);
#9719 = CIRCLE('',#9720,3.E-02);
#9720 = AXIS2_PLACEMENT_3D('',#9721,#9722,#9723);
#9721 = CARTESIAN_POINT('',(0.5,-0.37,0.77));
#9722 = DIRECTION('',(-1.,0.,0.));
#9723 = DIRECTION('',(0.,0.,1.));
#9724 = FACE_BOUND('',#9725,.F.);
#9725 = EDGE_LOOP('',(#9726,#9727,#9728,#9729,#9730,#9731,#9732,#9733));
#9726 = ORIENTED_EDGE('',*,*,#9470,.F.);
#9727 = ORIENTED_EDGE('',*,*,#9640,.T.);
#9728 = ORIENTED_EDGE('',*,*,#9623,.T.);
#9729 = ORIENTED_EDGE('',*,*,#9600,.T.);
#9730 = ORIENTED_EDGE('',*,*,#9575,.F.);
#9731 = ORIENTED_EDGE('',*,*,#9542,.F.);
#9732 = ORIENTED_EDGE('',*,*,#9525,.T.);
#9733 = ORIENTED_EDGE('',*,*,#9495,.F.);
#9734 = PLANE('',#9735);
#9735 = AXIS2_PLACEMENT_3D('',#9736,#9737,#9738);
#9736 = CARTESIAN_POINT('',(0.5,-0.4,0.));
#9737 = DIRECTION('',(1.,0.,0.));
#9738 = DIRECTION('',(0.,0.,1.));
#9739 = ADVANCED_FACE('',(#9740),#9765,.F.);
#9740 = FACE_BOUND('',#9741,.F.);
#9741 = EDGE_LOOP('',(#9742,#9752,#9758,#9759));
#9742 = ORIENTED_EDGE('',*,*,#9743,.F.);
#9743 = EDGE_CURVE('',#9744,#9746,#9748,.T.);
#9744 = VERTEX_POINT('',#9745);
#9745 = CARTESIAN_POINT('',(0.8,-0.4,3.E-02));
#9746 = VERTEX_POINT('',#9747);
#9747 = CARTESIAN_POINT('',(0.8,-0.4,0.77));
#9748 = LINE('',#9749,#9750);
#9749 = CARTESIAN_POINT('',(0.8,-0.4,0.));
#9750 = VECTOR('',#9751,1.);
#9751 = DIRECTION('',(0.,0.,1.));
#9752 = ORIENTED_EDGE('',*,*,#9753,.F.);
#9753 = EDGE_CURVE('',#9658,#9744,#9754,.T.);
#9754 = LINE('',#9755,#9756);
#9755 = CARTESIAN_POINT('',(0.5,-0.4,3.E-02));
#9756 = VECTOR('',#9757,1.);
#9757 = DIRECTION('',(1.,0.,0.));
#9758 = ORIENTED_EDGE('',*,*,#9657,.T.);
#9759 = ORIENTED_EDGE('',*,*,#9760,.T.);
#9760 = EDGE_CURVE('',#9660,#9746,#9761,.T.);
#9761 = LINE('',#9762,#9763);
#9762 = CARTESIAN_POINT('',(0.5,-0.4,0.77));
#9763 = VECTOR('',#9764,1.);
#9764 = DIRECTION('',(1.,0.,0.));
#9765 = PLANE('',#9766);
#9766 = AXIS2_PLACEMENT_3D('',#9767,#9768,#9769);
#9767 = CARTESIAN_POINT('',(0.5,-0.4,0.));
#9768 = DIRECTION('',(0.,1.,0.));
#9769 = DIRECTION('',(0.,-0.,1.));
#9770 = ADVANCED_FACE('',(#9771),#9790,.T.);
#9771 = FACE_BOUND('',#9772,.T.);
#9772 = EDGE_LOOP('',(#9773,#9774,#9782,#9789));
#9773 = ORIENTED_EDGE('',*,*,#9667,.T.);
#9774 = ORIENTED_EDGE('',*,*,#9775,.T.);
#9775 = EDGE_CURVE('',#9668,#9776,#9778,.T.);
#9776 = VERTEX_POINT('',#9777);
#9777 = CARTESIAN_POINT('',(0.8,-0.37,0.));
#9778 = LINE('',#9779,#9780);
#9779 = CARTESIAN_POINT('',(0.5,-0.37,0.));
#9780 = VECTOR('',#9781,1.);
#9781 = DIRECTION('',(1.,0.,0.));
#9782 = ORIENTED_EDGE('',*,*,#9783,.F.);
#9783 = EDGE_CURVE('',#9744,#9776,#9784,.T.);
#9784 = CIRCLE('',#9785,3.E-02);
#9785 = AXIS2_PLACEMENT_3D('',#9786,#9787,#9788);
#9786 = CARTESIAN_POINT('',(0.8,-0.37,3.E-02));
#9787 = DIRECTION('',(1.,0.,-0.));
#9788 = DIRECTION('',(0.,0.,1.));
#9789 = ORIENTED_EDGE('',*,*,#9753,.F.);
#9790 = CYLINDRICAL_SURFACE('',#9791,3.E-02);
#9791 = AXIS2_PLACEMENT_3D('',#9792,#9793,#9794);
#9792 = CARTESIAN_POINT('',(0.5,-0.37,3.E-02));
#9793 = DIRECTION('',(1.,0.,0.));
#9794 = DIRECTION('',(0.,-1.,0.));
#9795 = ADVANCED_FACE('',(#9796),#9815,.T.);
#9796 = FACE_BOUND('',#9797,.T.);
#9797 = EDGE_LOOP('',(#9798,#9799,#9808,#9814));
#9798 = ORIENTED_EDGE('',*,*,#9760,.T.);
#9799 = ORIENTED_EDGE('',*,*,#9800,.T.);
#9800 = EDGE_CURVE('',#9746,#9801,#9803,.T.);
#9801 = VERTEX_POINT('',#9802);
#9802 = CARTESIAN_POINT('',(0.8,-0.37,0.8));
#9803 = CIRCLE('',#9804,3.E-02);
#9804 = AXIS2_PLACEMENT_3D('',#9805,#9806,#9807);
#9805 = CARTESIAN_POINT('',(0.8,-0.37,0.77));
#9806 = DIRECTION('',(-1.,0.,0.));
#9807 = DIRECTION('',(0.,0.,1.));
#9808 = ORIENTED_EDGE('',*,*,#9809,.F.);
#9809 = EDGE_CURVE('',#9711,#9801,#9810,.T.);
#9810 = LINE('',#9811,#9812);
#9811 = CARTESIAN_POINT('',(0.5,-0.37,0.8));
#9812 = VECTOR('',#9813,1.);
#9813 = DIRECTION('',(1.,0.,0.));
#9814 = ORIENTED_EDGE('',*,*,#9718,.F.);
#9815 = CYLINDRICAL_SURFACE('',#9816,3.E-02);
#9816 = AXIS2_PLACEMENT_3D('',#9817,#9818,#9819);
#9817 = CARTESIAN_POINT('',(0.5,-0.37,0.77));
#9818 = DIRECTION('',(1.,0.,0.));
#9819 = DIRECTION('',(0.,-1.,0.));
#9820 = ADVANCED_FACE('',(#9821),#9839,.F.);
#9821 = FACE_BOUND('',#9822,.F.);
#9822 = EDGE_LOOP('',(#9823,#9824,#9825,#9833));
#9823 = ORIENTED_EDGE('',*,*,#9676,.F.);
#9824 = ORIENTED_EDGE('',*,*,#9775,.T.);
#9825 = ORIENTED_EDGE('',*,*,#9826,.T.);
#9826 = EDGE_CURVE('',#9776,#9827,#9829,.T.);
#9827 = VERTEX_POINT('',#9828);
#9828 = CARTESIAN_POINT('',(0.8,0.37,0.));
#9829 = LINE('',#9830,#9831);
#9830 = CARTESIAN_POINT('',(0.8,-0.4,0.));
#9831 = VECTOR('',#9832,1.);
#9832 = DIRECTION('',(0.,1.,0.));
#9833 = ORIENTED_EDGE('',*,*,#9834,.F.);
#9834 = EDGE_CURVE('',#9677,#9827,#9835,.T.);
#9835 = LINE('',#9836,#9837);
#9836 = CARTESIAN_POINT('',(0.5,0.37,0.));
#9837 = VECTOR('',#9838,1.);
#9838 = DIRECTION('',(1.,0.,0.));
#9839 = PLANE('',#9840);
#9840 = AXIS2_PLACEMENT_3D('',#9841,#9842,#9843);
#9841 = CARTESIAN_POINT('',(0.5,-0.4,0.));
#9842 = DIRECTION('',(0.,0.,1.));
#9843 = DIRECTION('',(1.,0.,-0.));
#9844 = ADVANCED_FACE('',(#9845),#9863,.T.);
#9845 = FACE_BOUND('',#9846,.T.);
#9846 = EDGE_LOOP('',(#9847,#9848,#9849,#9857));
#9847 = ORIENTED_EDGE('',*,*,#9710,.F.);
#9848 = ORIENTED_EDGE('',*,*,#9809,.T.);
#9849 = ORIENTED_EDGE('',*,*,#9850,.T.);
#9850 = EDGE_CURVE('',#9801,#9851,#9853,.T.);
#9851 = VERTEX_POINT('',#9852);
#9852 = CARTESIAN_POINT('',(0.8,0.37,0.8));
#9853 = LINE('',#9854,#9855);
#9854 = CARTESIAN_POINT('',(0.8,-0.4,0.8));
#9855 = VECTOR('',#9856,1.);
#9856 = DIRECTION('',(0.,1.,0.));
#9857 = ORIENTED_EDGE('',*,*,#9858,.F.);
#9858 = EDGE_CURVE('',#9702,#9851,#9859,.T.);
#9859 = LINE('',#9860,#9861);
#9860 = CARTESIAN_POINT('',(0.5,0.37,0.8));
#9861 = VECTOR('',#9862,1.);
#9862 = DIRECTION('',(1.,0.,0.));
#9863 = PLANE('',#9864);
#9864 = AXIS2_PLACEMENT_3D('',#9865,#9866,#9867);
#9865 = CARTESIAN_POINT('',(0.5,-0.4,0.8));
#9866 = DIRECTION('',(0.,0.,1.));
#9867 = DIRECTION('',(1.,0.,-0.));
#9868 = ADVANCED_FACE('',(#9869),#9888,.T.);
#9869 = FACE_BOUND('',#9870,.T.);
#9870 = EDGE_LOOP('',(#9871,#9879,#9886,#9887));
#9871 = ORIENTED_EDGE('',*,*,#9872,.T.);
#9872 = EDGE_CURVE('',#9685,#9873,#9875,.T.);
#9873 = VERTEX_POINT('',#9874);
#9874 = CARTESIAN_POINT('',(0.8,0.4,3.E-02));
#9875 = LINE('',#9876,#9877);
#9876 = CARTESIAN_POINT('',(0.5,0.4,3.E-02));
#9877 = VECTOR('',#9878,1.);
#9878 = DIRECTION('',(1.,0.,0.));
#9879 = ORIENTED_EDGE('',*,*,#9880,.T.);
#9880 = EDGE_CURVE('',#9873,#9827,#9881,.T.);
#9881 = CIRCLE('',#9882,3.E-02);
#9882 = AXIS2_PLACEMENT_3D('',#9883,#9884,#9885);
#9883 = CARTESIAN_POINT('',(0.8,0.37,3.E-02));
#9884 = DIRECTION('',(-1.,0.,0.));
#9885 = DIRECTION('',(0.,0.,1.));
#9886 = ORIENTED_EDGE('',*,*,#9834,.F.);
#9887 = ORIENTED_EDGE('',*,*,#9684,.F.);
#9888 = CYLINDRICAL_SURFACE('',#9889,3.E-02);
#9889 = AXIS2_PLACEMENT_3D('',#9890,#9891,#9892);
#9890 = CARTESIAN_POINT('',(0.5,0.37,3.E-02));
#9891 = DIRECTION('',(1.,0.,0.));
#9892 = DIRECTION('',(-0.,1.,0.));
#9893 = ADVANCED_FACE('',(#9894),#9913,.T.);
#9894 = FACE_BOUND('',#9895,.T.);
#9895 = EDGE_LOOP('',(#9896,#9897,#9898,#9907));
#9896 = ORIENTED_EDGE('',*,*,#9701,.T.);
#9897 = ORIENTED_EDGE('',*,*,#9858,.T.);
#9898 = ORIENTED_EDGE('',*,*,#9899,.F.);
#9899 = EDGE_CURVE('',#9900,#9851,#9902,.T.);
#9900 = VERTEX_POINT('',#9901);
#9901 = CARTESIAN_POINT('',(0.8,0.4,0.77));
#9902 = CIRCLE('',#9903,3.E-02);
#9903 = AXIS2_PLACEMENT_3D('',#9904,#9905,#9906);
#9904 = CARTESIAN_POINT('',(0.8,0.37,0.77));
#9905 = DIRECTION('',(1.,0.,-0.));
#9906 = DIRECTION('',(0.,0.,1.));
#9907 = ORIENTED_EDGE('',*,*,#9908,.F.);
#9908 = EDGE_CURVE('',#9694,#9900,#9909,.T.);
#9909 = LINE('',#9910,#9911);
#9910 = CARTESIAN_POINT('',(0.5,0.4,0.77));
#9911 = VECTOR('',#9912,1.);
#9912 = DIRECTION('',(1.,0.,0.));
#9913 = CYLINDRICAL_SURFACE('',#9914,3.E-02);
#9914 = AXIS2_PLACEMENT_3D('',#9915,#9916,#9917);
#9915 = CARTESIAN_POINT('',(0.5,0.37,0.77));
#9916 = DIRECTION('',(1.,0.,0.));
#9917 = DIRECTION('',(-0.,1.,0.));
#9918 = ADVANCED_FACE('',(#9919),#9930,.T.);
#9919 = FACE_BOUND('',#9920,.T.);
#9920 = EDGE_LOOP('',(#9921,#9927,#9928,#9929));
#9921 = ORIENTED_EDGE('',*,*,#9922,.F.);
#9922 = EDGE_CURVE('',#9873,#9900,#9923,.T.);
#9923 = LINE('',#9924,#9925);
#9924 = CARTESIAN_POINT('',(0.8,0.4,0.));
#9925 = VECTOR('',#9926,1.);
#9926 = DIRECTION('',(0.,0.,1.));
#9927 = ORIENTED_EDGE('',*,*,#9872,.F.);
#9928 = ORIENTED_EDGE('',*,*,#9693,.T.);
#9929 = ORIENTED_EDGE('',*,*,#9908,.T.);
#9930 = PLANE('',#9931);
#9931 = AXIS2_PLACEMENT_3D('',#9932,#9933,#9934);
#9932 = CARTESIAN_POINT('',(0.5,0.4,0.));
#9933 = DIRECTION('',(0.,1.,0.));
#9934 = DIRECTION('',(0.,-0.,1.));
#9935 = ADVANCED_FACE('',(#9936),#9946,.T.);
#9936 = FACE_BOUND('',#9937,.T.);
#9937 = EDGE_LOOP('',(#9938,#9939,#9940,#9941,#9942,#9943,#9944,#9945));
#9938 = ORIENTED_EDGE('',*,*,#9743,.F.);
#9939 = ORIENTED_EDGE('',*,*,#9783,.T.);
#9940 = ORIENTED_EDGE('',*,*,#9826,.T.);
#9941 = ORIENTED_EDGE('',*,*,#9880,.F.);
#9942 = ORIENTED_EDGE('',*,*,#9922,.T.);
#9943 = ORIENTED_EDGE('',*,*,#9899,.T.);
#9944 = ORIENTED_EDGE('',*,*,#9850,.F.);
#9945 = ORIENTED_EDGE('',*,*,#9800,.F.);
#9946 = PLANE('',#9947);
#9947 = AXIS2_PLACEMENT_3D('',#9948,#9949,#9950);
#9948 = CARTESIAN_POINT('',(0.8,-0.4,0.));
#9949 = DIRECTION('',(1.,0.,0.));
#9950 = DIRECTION('',(0.,0.,1.));
#9951 = ( GEOMETRIC_REPRESENTATION_CONTEXT(3) 
GLOBAL_UNCERTAINTY_ASSIGNED_CONTEXT((#9955)) 
GLOBAL_UNIT_ASSIGNED_CONTEXT((#9952,#9953,#9954)) REPRESENTATION_CONTEXT
('Context #1','3D Context with UNIT and UNCERTAINTY') );
#9952 = ( LENGTH_UNIT() NAMED_UNIT(*) SI_UNIT(.MILLI.,.METRE.) );
#9953 = ( NAMED_UNIT(*) PLANE_ANGLE_UNIT() SI_UNIT($,.RADIAN.) );
#9954 = ( NAMED_UNIT(*) SI_UNIT($,.STERADIAN.) SOLID_ANGLE_UNIT() );
#9955 = UNCERTAINTY_MEASURE_WITH_UNIT(LENGTH_MEASURE(1.E-07),#9952,
  'distance_accuracy_value','confusion accuracy');
#9956 = CONTEXT_DEPENDENT_SHAPE_REPRESENTATION(#9957,#9959);
#9957 = ( REPRESENTATION_RELATIONSHIP('','',#9096,#10) 
REPRESENTATION_RELATIONSHIP_WITH_TRANSFORMATION(#9958) 
SHAPE_REPRESENTATION_RELATIONSHIP() );
#9958 = ITEM_DEFINED_TRANSFORMATION('','',#11,#35);
#9959 = PRODUCT_DEFINITION_SHAPE('Placement','Placement of an item',
  #9960);
#9960 = NEXT_ASSEMBLY_USAGE_OCCURRENCE('11','C7','',#5,#9091,$);
#9961 = PRODUCT_RELATED_PRODUCT_CATEGORY('part',$,(#9093));
#9962 = CONTEXT_DEPENDENT_SHAPE_REPRESENTATION(#9963,#9965);
#9963 = ( REPRESENTATION_RELATIONSHIP('','',#9096,#10) 
REPRESENTATION_RELATIONSHIP_WITH_TRANSFORMATION(#9964) 
SHAPE_REPRESENTATION_RELATIONSHIP() );
#9964 = ITEM_DEFINED_TRANSFORMATION('','',#11,#39);
#9965 = PRODUCT_DEFINITION_SHAPE('Placement','Placement of an item',
  #9966);
#9966 = NEXT_ASSEMBLY_USAGE_OCCURRENCE('12','C8','',#5,#9091,$);
#9967 = SHAPE_DEFINITION_REPRESENTATION(#9968,#9974);
#9968 = PRODUCT_DEFINITION_SHAPE('','',#9969);
#9969 = PRODUCT_DEFINITION('design','',#9970,#9973);
#9970 = PRODUCT_DEFINITION_FORMATION('','',#9971);
#9971 = PRODUCT('ElectronicTriggerUnit_PCB','ElectronicTriggerUnit_PCB',
  '',(#9972));
#9972 = PRODUCT_CONTEXT('',#2,'mechanical');
#9973 = PRODUCT_DEFINITION_CONTEXT('part definition',#2,'design');
#9974 = ADVANCED_BREP_SHAPE_REPRESENTATION('',(#11,#9975),#10300);
#9975 = MANIFOLD_SOLID_BREP('',#9976);
#9976 = CLOSED_SHELL('',(#9977,#10017,#10048,#10081,#10112,#10143,#10174
    ,#10207,#10229,#10262,#10281));
#9977 = ADVANCED_FACE('',(#9978),#10012,.T.);
#9978 = FACE_BOUND('',#9979,.T.);
#9979 = EDGE_LOOP('',(#9980,#9990,#9998,#10006));
#9980 = ORIENTED_EDGE('',*,*,#9981,.T.);
#9981 = EDGE_CURVE('',#9982,#9984,#9986,.T.);
#9982 = VERTEX_POINT('',#9983);
#9983 = CARTESIAN_POINT('',(3.872463,12.,0.));
#9984 = VERTEX_POINT('',#9985);
#9985 = CARTESIAN_POINT('',(3.872463,12.,1.51));
#9986 = LINE('',#9987,#9988);
#9987 = CARTESIAN_POINT('',(3.872463,12.,0.));
#9988 = VECTOR('',#9989,1.);
#9989 = DIRECTION('',(0.,0.,1.));
#9990 = ORIENTED_EDGE('',*,*,#9991,.T.);
#9991 = EDGE_CURVE('',#9984,#9992,#9994,.T.);
#9992 = VERTEX_POINT('',#9993);
#9993 = CARTESIAN_POINT('',(3.872463,11.,1.51));
#9994 = LINE('',#9995,#9996);
#9995 = CARTESIAN_POINT('',(3.872463,12.,1.51));
#9996 = VECTOR('',#9997,1.);
#9997 = DIRECTION('',(0.,-1.,0.));
#9998 = ORIENTED_EDGE('',*,*,#9999,.F.);
#9999 = EDGE_CURVE('',#10000,#9992,#10002,.T.);
#10000 = VERTEX_POINT('',#10001);
#10001 = CARTESIAN_POINT('',(3.872463,11.,0.));
#10002 = LINE('',#10003,#10004);
#10003 = CARTESIAN_POINT('',(3.872463,11.,0.));
#10004 = VECTOR('',#10005,1.);
#10005 = DIRECTION('',(0.,0.,1.));
#10006 = ORIENTED_EDGE('',*,*,#10007,.F.);
#10007 = EDGE_CURVE('',#9982,#10000,#10008,.T.);
#10008 = LINE('',#10009,#10010);
#10009 = CARTESIAN_POINT('',(3.872463,12.,0.));
#10010 = VECTOR('',#10011,1.);
#10011 = DIRECTION('',(0.,-1.,0.));
#10012 = PLANE('',#10013);
#10013 = AXIS2_PLACEMENT_3D('',#10014,#10015,#10016);
#10014 = CARTESIAN_POINT('',(3.872463,12.,0.));
#10015 = DIRECTION('',(1.,0.,-0.));
#10016 = DIRECTION('',(0.,-1.,0.));
#10017 = ADVANCED_FACE('',(#10018),#10043,.T.);
#10018 = FACE_BOUND('',#10019,.T.);
#10019 = EDGE_LOOP('',(#10020,#10021,#10029,#10037));
#10020 = ORIENTED_EDGE('',*,*,#9999,.T.);
#10021 = ORIENTED_EDGE('',*,*,#10022,.T.);
#10022 = EDGE_CURVE('',#9992,#10023,#10025,.T.);
#10023 = VERTEX_POINT('',#10024);
#10024 = CARTESIAN_POINT('',(9.422463,11.,1.51));
#10025 = LINE('',#10026,#10027);
#10026 = CARTESIAN_POINT('',(3.872463,11.,1.51));
#10027 = VECTOR('',#10028,1.);
#10028 = DIRECTION('',(1.,0.,0.));
#10029 = ORIENTED_EDGE('',*,*,#10030,.F.);
#10030 = EDGE_CURVE('',#10031,#10023,#10033,.T.);
#10031 = VERTEX_POINT('',#10032);
#10032 = CARTESIAN_POINT('',(9.422463,11.,0.));
#10033 = LINE('',#10034,#10035);
#10034 = CARTESIAN_POINT('',(9.422463,11.,0.));
#10035 = VECTOR('',#10036,1.);
#10036 = DIRECTION('',(0.,0.,1.));
#10037 = ORIENTED_EDGE('',*,*,#10038,.F.);
#10038 = EDGE_CURVE('',#10000,#10031,#10039,.T.);
#10039 = LINE('',#10040,#10041);
#10040 = CARTESIAN_POINT('',(3.872463,11.,0.));
#10041 = VECTOR('',#10042,1.);
#10042 = DIRECTION('',(1.,0.,0.));
#10043 = PLANE('',#10044);
#10044 = AXIS2_PLACEMENT_3D('',#10045,#10046,#10047);
#10045 = CARTESIAN_POINT('',(3.872463,11.,0.));
#10046 = DIRECTION('',(0.,1.,0.));
#10047 = DIRECTION('',(1.,0.,0.));
#10048 = ADVANCED_FACE('',(#10049),#10076,.T.);
#10049 = FACE_BOUND('',#10050,.T.);
#10050 = EDGE_LOOP('',(#10051,#10052,#10061,#10069));
#10051 = ORIENTED_EDGE('',*,*,#10030,.T.);
#10052 = ORIENTED_EDGE('',*,*,#10053,.T.);
#10053 = EDGE_CURVE('',#10023,#10054,#10056,.T.);
#10054 = VERTEX_POINT('',#10055);
#10055 = CARTESIAN_POINT('',(8.109963,-12.,1.51));
#10056 = CIRCLE('',#10057,14.483385330667);
#10057 = AXIS2_PLACEMENT_3D('',#10058,#10059,#10060);
#10058 = CARTESIAN_POINT('',(5.088233438997E-04,2.168144287444E-04,1.51)
  );
#10059 = DIRECTION('',(0.,0.,-1.));
#10060 = DIRECTION('',(0.650535352167,0.759475974328,0.));
#10061 = ORIENTED_EDGE('',*,*,#10062,.F.);
#10062 = EDGE_CURVE('',#10063,#10054,#10065,.T.);
#10063 = VERTEX_POINT('',#10064);
#10064 = CARTESIAN_POINT('',(8.109963,-12.,0.));
#10065 = LINE('',#10066,#10067);
#10066 = CARTESIAN_POINT('',(8.109963,-12.,0.));
#10067 = VECTOR('',#10068,1.);
#10068 = DIRECTION('',(0.,0.,1.));
#10069 = ORIENTED_EDGE('',*,*,#10070,.F.);
#10070 = EDGE_CURVE('',#10031,#10063,#10071,.T.);
#10071 = CIRCLE('',#10072,14.483385330667);
#10072 = AXIS2_PLACEMENT_3D('',#10073,#10074,#10075);
#10073 = CARTESIAN_POINT('',(5.088233438997E-04,2.168144287444E-04,0.));
#10074 = DIRECTION('',(0.,0.,-1.));
#10075 = DIRECTION('',(0.650535352167,0.759475974328,0.));
#10076 = CYLINDRICAL_SURFACE('',#10077,14.483385330667);
#10077 = AXIS2_PLACEMENT_3D('',#10078,#10079,#10080);
#10078 = CARTESIAN_POINT('',(5.088233438997E-04,2.168144287444E-04,0.));
#10079 = DIRECTION('',(0.,0.,-1.));
#10080 = DIRECTION('',(0.650535352167,0.759475974328,0.));
#10081 = ADVANCED_FACE('',(#10082),#10107,.T.);
#10082 = FACE_BOUND('',#10083,.T.);
#10083 = EDGE_LOOP('',(#10084,#10085,#10093,#10101));
#10084 = ORIENTED_EDGE('',*,*,#10062,.T.);
#10085 = ORIENTED_EDGE('',*,*,#10086,.T.);
#10086 = EDGE_CURVE('',#10054,#10087,#10089,.T.);
#10087 = VERTEX_POINT('',#10088);
#10088 = CARTESIAN_POINT('',(-3.890037,-12.,1.51));
#10089 = LINE('',#10090,#10091);
#10090 = CARTESIAN_POINT('',(8.109963,-12.,1.51));
#10091 = VECTOR('',#10092,1.);
#10092 = DIRECTION('',(-1.,0.,0.));
#10093 = ORIENTED_EDGE('',*,*,#10094,.F.);
#10094 = EDGE_CURVE('',#10095,#10087,#10097,.T.);
#10095 = VERTEX_POINT('',#10096);
#10096 = CARTESIAN_POINT('',(-3.890037,-12.,0.));
#10097 = LINE('',#10098,#10099);
#10098 = CARTESIAN_POINT('',(-3.890037,-12.,0.));
#10099 = VECTOR('',#10100,1.);
#10100 = DIRECTION('',(0.,0.,1.));
#10101 = ORIENTED_EDGE('',*,*,#10102,.F.);
#10102 = EDGE_CURVE('',#10063,#10095,#10103,.T.);
#10103 = LINE('',#10104,#10105);
#10104 = CARTESIAN_POINT('',(8.109963,-12.,0.));
#10105 = VECTOR('',#10106,1.);
#10106 = DIRECTION('',(-1.,0.,0.));
#10107 = PLANE('',#10108);
#10108 = AXIS2_PLACEMENT_3D('',#10109,#10110,#10111);
#10109 = CARTESIAN_POINT('',(8.109963,-12.,0.));
#10110 = DIRECTION('',(0.,-1.,0.));
#10111 = DIRECTION('',(-1.,0.,0.));
#10112 = ADVANCED_FACE('',(#10113),#10138,.T.);
#10113 = FACE_BOUND('',#10114,.T.);
#10114 = EDGE_LOOP('',(#10115,#10116,#10124,#10132));
#10115 = ORIENTED_EDGE('',*,*,#10094,.T.);
#10116 = ORIENTED_EDGE('',*,*,#10117,.T.);
#10117 = EDGE_CURVE('',#10087,#10118,#10120,.T.);
#10118 = VERTEX_POINT('',#10119);
#10119 = CARTESIAN_POINT('',(-3.890037,-11.,1.51));
#10120 = LINE('',#10121,#10122);
#10121 = CARTESIAN_POINT('',(-3.890037,-12.,1.51));
#10122 = VECTOR('',#10123,1.);
#10123 = DIRECTION('',(0.,1.,0.));
#10124 = ORIENTED_EDGE('',*,*,#10125,.F.);
#10125 = EDGE_CURVE('',#10126,#10118,#10128,.T.);
#10126 = VERTEX_POINT('',#10127);
#10127 = CARTESIAN_POINT('',(-3.890037,-11.,0.));
#10128 = LINE('',#10129,#10130);
#10129 = CARTESIAN_POINT('',(-3.890037,-11.,0.));
#10130 = VECTOR('',#10131,1.);
#10131 = DIRECTION('',(0.,0.,1.));
#10132 = ORIENTED_EDGE('',*,*,#10133,.F.);
#10133 = EDGE_CURVE('',#10095,#10126,#10134,.T.);
#10134 = LINE('',#10135,#10136);
#10135 = CARTESIAN_POINT('',(-3.890037,-12.,0.));
#10136 = VECTOR('',#10137,1.);
#10137 = DIRECTION('',(0.,1.,0.));
#10138 = PLANE('',#10139);
#10139 = AXIS2_PLACEMENT_3D('',#10140,#10141,#10142);
#10140 = CARTESIAN_POINT('',(-3.890037,-12.,0.));
#10141 = DIRECTION('',(-1.,0.,0.));
#10142 = DIRECTION('',(0.,1.,0.));
#10143 = ADVANCED_FACE('',(#10144),#10169,.T.);
#10144 = FACE_BOUND('',#10145,.T.);
#10145 = EDGE_LOOP('',(#10146,#10147,#10155,#10163));
#10146 = ORIENTED_EDGE('',*,*,#10125,.T.);
#10147 = ORIENTED_EDGE('',*,*,#10148,.T.);
#10148 = EDGE_CURVE('',#10118,#10149,#10151,.T.);
#10149 = VERTEX_POINT('',#10150);
#10150 = CARTESIAN_POINT('',(-9.440037,-11.,1.51));
#10151 = LINE('',#10152,#10153);
#10152 = CARTESIAN_POINT('',(-3.890037,-11.,1.51));
#10153 = VECTOR('',#10154,1.);
#10154 = DIRECTION('',(-1.,0.,0.));
#10155 = ORIENTED_EDGE('',*,*,#10156,.F.);
#10156 = EDGE_CURVE('',#10157,#10149,#10159,.T.);
#10157 = VERTEX_POINT('',#10158);
#10158 = CARTESIAN_POINT('',(-9.440037,-11.,0.));
#10159 = LINE('',#10160,#10161);
#10160 = CARTESIAN_POINT('',(-9.440037,-11.,0.));
#10161 = VECTOR('',#10162,1.);
#10162 = DIRECTION('',(0.,0.,1.));
#10163 = ORIENTED_EDGE('',*,*,#10164,.F.);
#10164 = EDGE_CURVE('',#10126,#10157,#10165,.T.);
#10165 = LINE('',#10166,#10167);
#10166 = CARTESIAN_POINT('',(-3.890037,-11.,0.));
#10167 = VECTOR('',#10168,1.);
#10168 = DIRECTION('',(-1.,0.,0.));
#10169 = PLANE('',#10170);
#10170 = AXIS2_PLACEMENT_3D('',#10171,#10172,#10173);
#10171 = CARTESIAN_POINT('',(-3.890037,-11.,0.));
#10172 = DIRECTION('',(0.,-1.,0.));
#10173 = DIRECTION('',(-1.,0.,0.));
#10174 = ADVANCED_FACE('',(#10175),#10202,.T.);
#10175 = FACE_BOUND('',#10176,.T.);
#10176 = EDGE_LOOP('',(#10177,#10178,#10187,#10195));
#10177 = ORIENTED_EDGE('',*,*,#10156,.T.);
#10178 = ORIENTED_EDGE('',*,*,#10179,.T.);
#10179 = EDGE_CURVE('',#10149,#10180,#10182,.T.);
#10180 = VERTEX_POINT('',#10181);
#10181 = CARTESIAN_POINT('',(-8.127533,12.000005,1.51));
#10182 = CIRCLE('',#10183,14.495858126838);
#10183 = AXIS2_PLACEMENT_3D('',#10184,#10185,#10186);
#10184 = CARTESIAN_POINT('',(2.442138810486E-03,-1.386880767409E-03,1.51
    ));
#10185 = DIRECTION('',(0.,0.,-1.));
#10186 = DIRECTION('',(-0.651391525509,-0.758741774581,-0.));
#10187 = ORIENTED_EDGE('',*,*,#10188,.F.);
#10188 = EDGE_CURVE('',#10189,#10180,#10191,.T.);
#10189 = VERTEX_POINT('',#10190);
#10190 = CARTESIAN_POINT('',(-8.127533,12.000005,0.));
#10191 = LINE('',#10192,#10193);
#10192 = CARTESIAN_POINT('',(-8.127533,12.000005,0.));
#10193 = VECTOR('',#10194,1.);
#10194 = DIRECTION('',(0.,0.,1.));
#10195 = ORIENTED_EDGE('',*,*,#10196,.F.);
#10196 = EDGE_CURVE('',#10157,#10189,#10197,.T.);
#10197 = CIRCLE('',#10198,14.495858126838);
#10198 = AXIS2_PLACEMENT_3D('',#10199,#10200,#10201);
#10199 = CARTESIAN_POINT('',(2.442138810486E-03,-1.386880767409E-03,0.)
  );
#10200 = DIRECTION('',(0.,0.,-1.));
#10201 = DIRECTION('',(-0.651391525509,-0.758741774581,-0.));
#10202 = CYLINDRICAL_SURFACE('',#10203,14.495858126838);
#10203 = AXIS2_PLACEMENT_3D('',#10204,#10205,#10206);
#10204 = CARTESIAN_POINT('',(2.442138810486E-03,-1.386880767409E-03,0.)
  );
#10205 = DIRECTION('',(0.,0.,-1.));
#10206 = DIRECTION('',(-0.651391525509,-0.758741774581,-0.));
#10207 = ADVANCED_FACE('',(#10208),#10224,.T.);
#10208 = FACE_BOUND('',#10209,.T.);
#10209 = EDGE_LOOP('',(#10210,#10211,#10217,#10218));
#10210 = ORIENTED_EDGE('',*,*,#10188,.T.);
#10211 = ORIENTED_EDGE('',*,*,#10212,.T.);
#10212 = EDGE_CURVE('',#10180,#9984,#10213,.T.);
#10213 = LINE('',#10214,#10215);
#10214 = CARTESIAN_POINT('',(-8.127533,12.000005,1.51));
#10215 = VECTOR('',#10216,1.);
#10216 = DIRECTION('',(1.,-4.166668055398E-07,0.));
#10217 = ORIENTED_EDGE('',*,*,#9981,.F.);
#10218 = ORIENTED_EDGE('',*,*,#10219,.F.);
#10219 = EDGE_CURVE('',#10189,#9982,#10220,.T.);
#10220 = LINE('',#10221,#10222);
#10221 = CARTESIAN_POINT('',(-8.127533,12.000005,0.));
#10222 = VECTOR('',#10223,1.);
#10223 = DIRECTION('',(1.,-4.166668055398E-07,0.));
#10224 = PLANE('',#10225);
#10225 = AXIS2_PLACEMENT_3D('',#10226,#10227,#10228);
#10226 = CARTESIAN_POINT('',(-8.127533,12.000005,0.));
#10227 = DIRECTION('',(4.166668055398E-07,1.,-0.));
#10228 = DIRECTION('',(1.,-4.166668055398E-07,0.));
#10229 = ADVANCED_FACE('',(#10230),#10257,.F.);
#10230 = FACE_BOUND('',#10231,.T.);
#10231 = EDGE_LOOP('',(#10232,#10242,#10249,#10250));
#10232 = ORIENTED_EDGE('',*,*,#10233,.T.);
#10233 = EDGE_CURVE('',#10234,#10236,#10238,.T.);
#10234 = VERTEX_POINT('',#10235);
#10235 = CARTESIAN_POINT('',(5.5,0.,0.));
#10236 = VERTEX_POINT('',#10237);
#10237 = CARTESIAN_POINT('',(5.5,0.,1.51));
#10238 = LINE('',#10239,#10240);
#10239 = CARTESIAN_POINT('',(5.5,0.,0.));
#10240 = VECTOR('',#10241,1.);
#10241 = DIRECTION('',(0.,0.,1.));
#10242 = ORIENTED_EDGE('',*,*,#10243,.T.);
#10243 = EDGE_CURVE('',#10236,#10236,#10244,.T.);
#10244 = CIRCLE('',#10245,5.5);
#10245 = AXIS2_PLACEMENT_3D('',#10246,#10247,#10248);
#10246 = CARTESIAN_POINT('',(0.,0.,1.51));
#10247 = DIRECTION('',(0.,0.,1.));
#10248 = DIRECTION('',(1.,0.,-0.));
#10249 = ORIENTED_EDGE('',*,*,#10233,.F.);
#10250 = ORIENTED_EDGE('',*,*,#10251,.F.);
#10251 = EDGE_CURVE('',#10234,#10234,#10252,.T.);
#10252 = CIRCLE('',#10253,5.5);
#10253 = AXIS2_PLACEMENT_3D('',#10254,#10255,#10256);
#10254 = CARTESIAN_POINT('',(0.,-0.,0.));
#10255 = DIRECTION('',(0.,0.,1.));
#10256 = DIRECTION('',(1.,0.,-0.));
#10257 = CYLINDRICAL_SURFACE('',#10258,5.5);
#10258 = AXIS2_PLACEMENT_3D('',#10259,#10260,#10261);
#10259 = CARTESIAN_POINT('',(0.,-0.,0.));
#10260 = DIRECTION('',(-0.,-0.,-1.));
#10261 = DIRECTION('',(1.,0.,-0.));
#10262 = ADVANCED_FACE('',(#10263,#10273),#10276,.F.);
#10263 = FACE_BOUND('',#10264,.T.);
#10264 = EDGE_LOOP('',(#10265,#10266,#10267,#10268,#10269,#10270,#10271,
    #10272));
#10265 = ORIENTED_EDGE('',*,*,#10007,.T.);
#10266 = ORIENTED_EDGE('',*,*,#10038,.T.);
#10267 = ORIENTED_EDGE('',*,*,#10070,.T.);
#10268 = ORIENTED_EDGE('',*,*,#10102,.T.);
#10269 = ORIENTED_EDGE('',*,*,#10133,.T.);
#10270 = ORIENTED_EDGE('',*,*,#10164,.T.);
#10271 = ORIENTED_EDGE('',*,*,#10196,.T.);
#10272 = ORIENTED_EDGE('',*,*,#10219,.T.);
#10273 = FACE_BOUND('',#10274,.T.);
#10274 = EDGE_LOOP('',(#10275));
#10275 = ORIENTED_EDGE('',*,*,#10251,.T.);
#10276 = PLANE('',#10277);
#10277 = AXIS2_PLACEMENT_3D('',#10278,#10279,#10280);
#10278 = CARTESIAN_POINT('',(0.,0.,0.));
#10279 = DIRECTION('',(0.,0.,1.));
#10280 = DIRECTION('',(1.,0.,-0.));
#10281 = ADVANCED_FACE('',(#10282,#10292),#10295,.T.);
#10282 = FACE_BOUND('',#10283,.F.);
#10283 = EDGE_LOOP('',(#10284,#10285,#10286,#10287,#10288,#10289,#10290,
    #10291));
#10284 = ORIENTED_EDGE('',*,*,#9991,.T.);
#10285 = ORIENTED_EDGE('',*,*,#10022,.T.);
#10286 = ORIENTED_EDGE('',*,*,#10053,.T.);
#10287 = ORIENTED_EDGE('',*,*,#10086,.T.);
#10288 = ORIENTED_EDGE('',*,*,#10117,.T.);
#10289 = ORIENTED_EDGE('',*,*,#10148,.T.);
#10290 = ORIENTED_EDGE('',*,*,#10179,.T.);
#10291 = ORIENTED_EDGE('',*,*,#10212,.T.);
#10292 = FACE_BOUND('',#10293,.F.);
#10293 = EDGE_LOOP('',(#10294));
#10294 = ORIENTED_EDGE('',*,*,#10243,.T.);
#10295 = PLANE('',#10296);
#10296 = AXIS2_PLACEMENT_3D('',#10297,#10298,#10299);
#10297 = CARTESIAN_POINT('',(0.,0.,1.51));
#10298 = DIRECTION('',(0.,0.,1.));
#10299 = DIRECTION('',(1.,0.,-0.));
#10300 = ( GEOMETRIC_REPRESENTATION_CONTEXT(3) 
GLOBAL_UNCERTAINTY_ASSIGNED_CONTEXT((#10304)) 
GLOBAL_UNIT_ASSIGNED_CONTEXT((#10301,#10302,#10303)) 
REPRESENTATION_CONTEXT('Context #1',
  '3D Context with UNIT and UNCERTAINTY') );
#10301 = ( LENGTH_UNIT() NAMED_UNIT(*) SI_UNIT(.MILLI.,.METRE.) );
#10302 = ( NAMED_UNIT(*) PLANE_ANGLE_UNIT() SI_UNIT($,.RADIAN.) );
#10303 = ( NAMED_UNIT(*) SI_UNIT($,.STERADIAN.) SOLID_ANGLE_UNIT() );
#10304 = UNCERTAINTY_MEASURE_WITH_UNIT(LENGTH_MEASURE(1.E-07),#10301,
  'distance_accuracy_value','confusion accuracy');
#10305 = CONTEXT_DEPENDENT_SHAPE_REPRESENTATION(#10306,#10308);
#10306 = ( REPRESENTATION_RELATIONSHIP('','',#9974,#10) 
REPRESENTATION_RELATIONSHIP_WITH_TRANSFORMATION(#10307) 
SHAPE_REPRESENTATION_RELATIONSHIP() );
#10307 = ITEM_DEFINED_TRANSFORMATION('','',#11,#43);
#10308 = PRODUCT_DEFINITION_SHAPE('Placement','Placement of an item',
  #10309);
#10309 = NEXT_ASSEMBLY_USAGE_OCCURRENCE('13','=>[0:1:1:8]','',#5,#9969,$
  );
#10310 = PRODUCT_RELATED_PRODUCT_CATEGORY('part',$,(#9971));
#10311 = MECHANICAL_DESIGN_GEOMETRIC_PRESENTATION_REPRESENTATION('',(
    #10312,#10320,#10327,#10334,#10341,#10348,#10355,#10362,#10370,
    #10377,#10384,#10391,#10398,#10405,#10413,#10420,#10427,#10434,
    #10441,#10448,#10455,#10462,#10469,#10476,#10483,#10490),#4599);
#10312 = STYLED_ITEM('color',(#10313),#3811);
#10313 = PRESENTATION_STYLE_ASSIGNMENT((#10314));
#10314 = SURFACE_STYLE_USAGE(.BOTH.,#10315);
#10315 = SURFACE_SIDE_STYLE('',(#10316));
#10316 = SURFACE_STYLE_FILL_AREA(#10317);
#10317 = FILL_AREA_STYLE('',(#10318));
#10318 = FILL_AREA_STYLE_COLOUR('',#10319);
#10319 = COLOUR_RGB('',0.823999987314,0.819999987296,0.781000009244);
#10320 = STYLED_ITEM('color',(#10321),#3851);
#10321 = PRESENTATION_STYLE_ASSIGNMENT((#10322));
#10322 = SURFACE_STYLE_USAGE(.BOTH.,#10323);
#10323 = SURFACE_SIDE_STYLE('',(#10324));
#10324 = SURFACE_STYLE_FILL_AREA(#10325);
#10325 = FILL_AREA_STYLE('',(#10326));
#10326 = FILL_AREA_STYLE_COLOUR('',#10319);
#10327 = STYLED_ITEM('color',(#10328),#3934);
#10328 = PRESENTATION_STYLE_ASSIGNMENT((#10329));
#10329 = SURFACE_STYLE_USAGE(.BOTH.,#10330);
#10330 = SURFACE_SIDE_STYLE('',(#10331));
#10331 = SURFACE_STYLE_FILL_AREA(#10332);
#10332 = FILL_AREA_STYLE('',(#10333));
#10333 = FILL_AREA_STYLE_COLOUR('',#10319);
#10334 = STYLED_ITEM('color',(#10335),#3959);
#10335 = PRESENTATION_STYLE_ASSIGNMENT((#10336));
#10336 = SURFACE_STYLE_USAGE(.BOTH.,#10337);
#10337 = SURFACE_SIDE_STYLE('',(#10338));
#10338 = SURFACE_STYLE_FILL_AREA(#10339);
#10339 = FILL_AREA_STYLE('',(#10340));
#10340 = FILL_AREA_STYLE_COLOUR('',#10319);
#10341 = STYLED_ITEM('color',(#10342),#3984);
#10342 = PRESENTATION_STYLE_ASSIGNMENT((#10343));
#10343 = SURFACE_STYLE_USAGE(.BOTH.,#10344);
#10344 = SURFACE_SIDE_STYLE('',(#10345));
#10345 = SURFACE_STYLE_FILL_AREA(#10346);
#10346 = FILL_AREA_STYLE('',(#10347));
#10347 = FILL_AREA_STYLE_COLOUR('',#10319);
#10348 = STYLED_ITEM('color',(#10349),#4051);
#10349 = PRESENTATION_STYLE_ASSIGNMENT((#10350));
#10350 = SURFACE_STYLE_USAGE(.BOTH.,#10351);
#10351 = SURFACE_SIDE_STYLE('',(#10352));
#10352 = SURFACE_STYLE_FILL_AREA(#10353);
#10353 = FILL_AREA_STYLE('',(#10354));
#10354 = FILL_AREA_STYLE_COLOUR('',#10319);
#10355 = STYLED_ITEM('color',(#10356),#4068);
#10356 = PRESENTATION_STYLE_ASSIGNMENT((#10357));
#10357 = SURFACE_STYLE_USAGE(.BOTH.,#10358);
#10358 = SURFACE_SIDE_STYLE('',(#10359));
#10359 = SURFACE_STYLE_FILL_AREA(#10360);
#10360 = FILL_AREA_STYLE('',(#10361));
#10361 = FILL_AREA_STYLE_COLOUR('',#10319);
#10362 = STYLED_ITEM('color',(#10363),#4085);
#10363 = PRESENTATION_STYLE_ASSIGNMENT((#10364));
#10364 = SURFACE_STYLE_USAGE(.BOTH.,#10365);
#10365 = SURFACE_SIDE_STYLE('',(#10366));
#10366 = SURFACE_STYLE_FILL_AREA(#10367);
#10367 = FILL_AREA_STYLE('',(#10368));
#10368 = FILL_AREA_STYLE_COLOUR('',#10369);
#10369 = COLOUR_RGB('',0.894999966383,0.890999961016,0.813000030345);
#10370 = STYLED_ITEM('color',(#10371),#4134);
#10371 = PRESENTATION_STYLE_ASSIGNMENT((#10372));
#10372 = SURFACE_STYLE_USAGE(.BOTH.,#10373);
#10373 = SURFACE_SIDE_STYLE('',(#10374));
#10374 = SURFACE_STYLE_FILL_AREA(#10375);
#10375 = FILL_AREA_STYLE('',(#10376));
#10376 = FILL_AREA_STYLE_COLOUR('',#10319);
#10377 = STYLED_ITEM('color',(#10378),#4151);
#10378 = PRESENTATION_STYLE_ASSIGNMENT((#10379));
#10379 = SURFACE_STYLE_USAGE(.BOTH.,#10380);
#10380 = SURFACE_SIDE_STYLE('',(#10381));
#10381 = SURFACE_STYLE_FILL_AREA(#10382);
#10382 = FILL_AREA_STYLE('',(#10383));
#10383 = FILL_AREA_STYLE_COLOUR('',#10319);
#10384 = STYLED_ITEM('color',(#10385),#4168);
#10385 = PRESENTATION_STYLE_ASSIGNMENT((#10386));
#10386 = SURFACE_STYLE_USAGE(.BOTH.,#10387);
#10387 = SURFACE_SIDE_STYLE('',(#10388));
#10388 = SURFACE_STYLE_FILL_AREA(#10389);
#10389 = FILL_AREA_STYLE('',(#10390));
#10390 = FILL_AREA_STYLE_COLOUR('',#10369);
#10391 = STYLED_ITEM('color',(#10392),#4217);
#10392 = PRESENTATION_STYLE_ASSIGNMENT((#10393));
#10393 = SURFACE_STYLE_USAGE(.BOTH.,#10394);
#10394 = SURFACE_SIDE_STYLE('',(#10395));
#10395 = SURFACE_STYLE_FILL_AREA(#10396);
#10396 = FILL_AREA_STYLE('',(#10397));
#10397 = FILL_AREA_STYLE_COLOUR('',#10369);
#10398 = STYLED_ITEM('color',(#10399),#4234);
#10399 = PRESENTATION_STYLE_ASSIGNMENT((#10400));
#10400 = SURFACE_STYLE_USAGE(.BOTH.,#10401);
#10401 = SURFACE_SIDE_STYLE('',(#10402));
#10402 = SURFACE_STYLE_FILL_AREA(#10403);
#10403 = FILL_AREA_STYLE('',(#10404));
#10404 = FILL_AREA_STYLE_COLOUR('',#10319);
#10405 = STYLED_ITEM('color',(#10406),#4303);
#10406 = PRESENTATION_STYLE_ASSIGNMENT((#10407));
#10407 = SURFACE_STYLE_USAGE(.BOTH.,#10408);
#10408 = SURFACE_SIDE_STYLE('',(#10409));
#10409 = SURFACE_STYLE_FILL_AREA(#10410);
#10410 = FILL_AREA_STYLE('',(#10411));
#10411 = FILL_AREA_STYLE_COLOUR('',#10412);
#10412 = COLOUR_RGB('',8.200000279077E-02,8.600000121357E-02,
  9.399999706163E-02);
#10413 = STYLED_ITEM('color',(#10414),#4334);
#10414 = PRESENTATION_STYLE_ASSIGNMENT((#10415));
#10415 = SURFACE_STYLE_USAGE(.BOTH.,#10416);
#10416 = SURFACE_SIDE_STYLE('',(#10417));
#10417 = SURFACE_STYLE_FILL_AREA(#10418);
#10418 = FILL_AREA_STYLE('',(#10419));
#10419 = FILL_AREA_STYLE_COLOUR('',#10412);
#10420 = STYLED_ITEM('color',(#10421),#4358);
#10421 = PRESENTATION_STYLE_ASSIGNMENT((#10422));
#10422 = SURFACE_STYLE_USAGE(.BOTH.,#10423);
#10423 = SURFACE_SIDE_STYLE('',(#10424));
#10424 = SURFACE_STYLE_FILL_AREA(#10425);
#10425 = FILL_AREA_STYLE('',(#10426));
#10426 = FILL_AREA_STYLE_COLOUR('',#10319);
#10427 = STYLED_ITEM('color',(#10428),#4427);
#10428 = PRESENTATION_STYLE_ASSIGNMENT((#10429));
#10429 = SURFACE_STYLE_USAGE(.BOTH.,#10430);
#10430 = SURFACE_SIDE_STYLE('',(#10431));
#10431 = SURFACE_STYLE_FILL_AREA(#10432);
#10432 = FILL_AREA_STYLE('',(#10433));
#10433 = FILL_AREA_STYLE_COLOUR('',#10412);
#10434 = STYLED_ITEM('color',(#10435),#4451);
#10435 = PRESENTATION_STYLE_ASSIGNMENT((#10436));
#10436 = SURFACE_STYLE_USAGE(.BOTH.,#10437);
#10437 = SURFACE_SIDE_STYLE('',(#10438));
#10438 = SURFACE_STYLE_FILL_AREA(#10439);
#10439 = FILL_AREA_STYLE('',(#10440));
#10440 = FILL_AREA_STYLE_COLOUR('',#10319);
#10441 = STYLED_ITEM('color',(#10442),#4468);
#10442 = PRESENTATION_STYLE_ASSIGNMENT((#10443));
#10443 = SURFACE_STYLE_USAGE(.BOTH.,#10444);
#10444 = SURFACE_SIDE_STYLE('',(#10445));
#10445 = SURFACE_STYLE_FILL_AREA(#10446);
#10446 = FILL_AREA_STYLE('',(#10447));
#10447 = FILL_AREA_STYLE_COLOUR('',#10319);
#10448 = STYLED_ITEM('color',(#10449),#4485);
#10449 = PRESENTATION_STYLE_ASSIGNMENT((#10450));
#10450 = SURFACE_STYLE_USAGE(.BOTH.,#10451);
#10451 = SURFACE_SIDE_STYLE('',(#10452));
#10452 = SURFACE_STYLE_FILL_AREA(#10453);
#10453 = FILL_AREA_STYLE('',(#10454));
#10454 = FILL_AREA_STYLE_COLOUR('',#10319);
#10455 = STYLED_ITEM('color',(#10456),#4502);
#10456 = PRESENTATION_STYLE_ASSIGNMENT((#10457));
#10457 = SURFACE_STYLE_USAGE(.BOTH.,#10458);
#10458 = SURFACE_SIDE_STYLE('',(#10459));
#10459 = SURFACE_STYLE_FILL_AREA(#10460);
#10460 = FILL_AREA_STYLE('',(#10461));
#10461 = FILL_AREA_STYLE_COLOUR('',#10319);
#10462 = STYLED_ITEM('color',(#10463),#4519);
#10463 = PRESENTATION_STYLE_ASSIGNMENT((#10464));
#10464 = SURFACE_STYLE_USAGE(.BOTH.,#10465);
#10465 = SURFACE_SIDE_STYLE('',(#10466));
#10466 = SURFACE_STYLE_FILL_AREA(#10467);
#10467 = FILL_AREA_STYLE('',(#10468));
#10468 = FILL_AREA_STYLE_COLOUR('',#10319);
#10469 = STYLED_ITEM('color',(#10470),#4536);
#10470 = PRESENTATION_STYLE_ASSIGNMENT((#10471));
#10471 = SURFACE_STYLE_USAGE(.BOTH.,#10472);
#10472 = SURFACE_SIDE_STYLE('',(#10473));
#10473 = SURFACE_STYLE_FILL_AREA(#10474);
#10474 = FILL_AREA_STYLE('',(#10475));
#10475 = FILL_AREA_STYLE_COLOUR('',#10319);
#10476 = STYLED_ITEM('color',(#10477),#4553);
#10477 = PRESENTATION_STYLE_ASSIGNMENT((#10478));
#10478 = SURFACE_STYLE_USAGE(.BOTH.,#10479);
#10479 = SURFACE_SIDE_STYLE('',(#10480));
#10480 = SURFACE_STYLE_FILL_AREA(#10481);
#10481 = FILL_AREA_STYLE('',(#10482));
#10482 = FILL_AREA_STYLE_COLOUR('',#10319);
#10483 = STYLED_ITEM('color',(#10484),#4570);
#10484 = PRESENTATION_STYLE_ASSIGNMENT((#10485));
#10485 = SURFACE_STYLE_USAGE(.BOTH.,#10486);
#10486 = SURFACE_SIDE_STYLE('',(#10487));
#10487 = SURFACE_STYLE_FILL_AREA(#10488);
#10488 = FILL_AREA_STYLE('',(#10489));
#10489 = FILL_AREA_STYLE_COLOUR('',#10412);
#10490 = STYLED_ITEM('color',(#10491),#4587);
#10491 = PRESENTATION_STYLE_ASSIGNMENT((#10492));
#10492 = SURFACE_STYLE_USAGE(.BOTH.,#10493);
#10493 = SURFACE_SIDE_STYLE('',(#10494));
#10494 = SURFACE_STYLE_FILL_AREA(#10495);
#10495 = FILL_AREA_STYLE('',(#10496));
#10496 = FILL_AREA_STYLE_COLOUR('',#10412);
#10497 = MECHANICAL_DESIGN_GEOMETRIC_PRESENTATION_REPRESENTATION('',(
    #10498),#8707);
#10498 = STYLED_ITEM('color',(#10499),#8355);
#10499 = PRESENTATION_STYLE_ASSIGNMENT((#10500,#10506));
#10500 = SURFACE_STYLE_USAGE(.BOTH.,#10501);
#10501 = SURFACE_SIDE_STYLE('',(#10502));
#10502 = SURFACE_STYLE_FILL_AREA(#10503);
#10503 = FILL_AREA_STYLE('',(#10504));
#10504 = FILL_AREA_STYLE_COLOUR('',#10505);
#10505 = COLOUR_RGB('',0.734000028196,0.773000013638,0.796999989372);
#10506 = CURVE_STYLE('',#10507,POSITIVE_LENGTH_MEASURE(0.1),#10505);
#10507 = DRAUGHTING_PRE_DEFINED_CURVE_FONT('continuous');
#10508 = MECHANICAL_DESIGN_GEOMETRIC_PRESENTATION_REPRESENTATION('',(
    #10509),#9078);
#10509 = STYLED_ITEM('color',(#10510),#8726);
#10510 = PRESENTATION_STYLE_ASSIGNMENT((#10511,#10516));
#10511 = SURFACE_STYLE_USAGE(.BOTH.,#10512);
#10512 = SURFACE_SIDE_STYLE('',(#10513));
#10513 = SURFACE_STYLE_FILL_AREA(#10514);
#10514 = FILL_AREA_STYLE('',(#10515));
#10515 = FILL_AREA_STYLE_COLOUR('',#10505);
#10516 = CURVE_STYLE('',#10517,POSITIVE_LENGTH_MEASURE(0.1),#10505);
#10517 = DRAUGHTING_PRE_DEFINED_CURVE_FONT('continuous');
#10518 = MECHANICAL_DESIGN_GEOMETRIC_PRESENTATION_REPRESENTATION('',(
    #10519,#10527,#10535,#10542,#10549,#10556,#10563,#10570,#10577,
    #10584,#10591,#10598,#10605,#10612,#10619,#10626,#10633,#10640,
    #10647,#10655,#10662,#10669,#10676,#10683,#10690,#10697,#10704,
    #10711,#10718,#10725,#10732,#10739,#10746,#10753,#10760,#10767,
    #10774,#10781,#10788,#10795,#10802,#10809,#10816,#10823,#10830,
    #10837,#10844,#10851,#10858,#10865,#10872,#10879,#10886,#10893,
    #10900,#10907,#10914,#10921,#10928,#10935,#10942,#10949,#10956,
    #10963,#10970,#10977,#10984,#10991,#10998,#11005,#11012,#11019,
    #11026,#11033,#11040,#11047,#11054,#11061,#11068),#7102);
#10519 = STYLED_ITEM('color',(#10520),#4618);
#10520 = PRESENTATION_STYLE_ASSIGNMENT((#10521));
#10521 = SURFACE_STYLE_USAGE(.BOTH.,#10522);
#10522 = SURFACE_SIDE_STYLE('',(#10523));
#10523 = SURFACE_STYLE_FILL_AREA(#10524);
#10524 = FILL_AREA_STYLE('',(#10525));
#10525 = FILL_AREA_STYLE_COLOUR('',#10526);
#10526 = COLOUR_RGB('',0.792156867455,0.819607826924,0.933333342953);
#10527 = OVER_RIDING_STYLED_ITEM('overriding color',(#10528),#4620,
  #10519);
#10528 = PRESENTATION_STYLE_ASSIGNMENT((#10529));
#10529 = SURFACE_STYLE_USAGE(.BOTH.,#10530);
#10530 = SURFACE_SIDE_STYLE('',(#10531));
#10531 = SURFACE_STYLE_FILL_AREA(#10532);
#10532 = FILL_AREA_STYLE('',(#10533));
#10533 = FILL_AREA_STYLE_COLOUR('',#10534);
#10534 = COLOUR_RGB('',0.250980388104,0.250980388104,0.250980388104);
#10535 = OVER_RIDING_STYLED_ITEM('overriding color',(#10536),#4662,
  #10519);
#10536 = PRESENTATION_STYLE_ASSIGNMENT((#10537));
#10537 = SURFACE_STYLE_USAGE(.BOTH.,#10538);
#10538 = SURFACE_SIDE_STYLE('',(#10539));
#10539 = SURFACE_STYLE_FILL_AREA(#10540);
#10540 = FILL_AREA_STYLE('',(#10541));
#10541 = FILL_AREA_STYLE_COLOUR('',#10534);
#10542 = OVER_RIDING_STYLED_ITEM('overriding color',(#10543),#4830,
  #10519);
#10543 = PRESENTATION_STYLE_ASSIGNMENT((#10544));
#10544 = SURFACE_STYLE_USAGE(.BOTH.,#10545);
#10545 = SURFACE_SIDE_STYLE('',(#10546));
#10546 = SURFACE_STYLE_FILL_AREA(#10547);
#10547 = FILL_AREA_STYLE('',(#10548));
#10548 = FILL_AREA_STYLE_COLOUR('',#10534);
#10549 = OVER_RIDING_STYLED_ITEM('overriding color',(#10550),#4998,
  #10519);
#10550 = PRESENTATION_STYLE_ASSIGNMENT((#10551));
#10551 = SURFACE_STYLE_USAGE(.BOTH.,#10552);
#10552 = SURFACE_SIDE_STYLE('',(#10553));
#10553 = SURFACE_STYLE_FILL_AREA(#10554);
#10554 = FILL_AREA_STYLE('',(#10555));
#10555 = FILL_AREA_STYLE_COLOUR('',#10534);
#10556 = OVER_RIDING_STYLED_ITEM('overriding color',(#10557),#5153,
  #10519);
#10557 = PRESENTATION_STYLE_ASSIGNMENT((#10558));
#10558 = SURFACE_STYLE_USAGE(.BOTH.,#10559);
#10559 = SURFACE_SIDE_STYLE('',(#10560));
#10560 = SURFACE_STYLE_FILL_AREA(#10561);
#10561 = FILL_AREA_STYLE('',(#10562));
#10562 = FILL_AREA_STYLE_COLOUR('',#10534);
#10563 = OVER_RIDING_STYLED_ITEM('overriding color',(#10564),#5184,
  #10519);
#10564 = PRESENTATION_STYLE_ASSIGNMENT((#10565));
#10565 = SURFACE_STYLE_USAGE(.BOTH.,#10566);
#10566 = SURFACE_SIDE_STYLE('',(#10567));
#10567 = SURFACE_STYLE_FILL_AREA(#10568);
#10568 = FILL_AREA_STYLE('',(#10569));
#10569 = FILL_AREA_STYLE_COLOUR('',#10534);
#10570 = OVER_RIDING_STYLED_ITEM('overriding color',(#10571),#5231,
  #10519);
#10571 = PRESENTATION_STYLE_ASSIGNMENT((#10572));
#10572 = SURFACE_STYLE_USAGE(.BOTH.,#10573);
#10573 = SURFACE_SIDE_STYLE('',(#10574));
#10574 = SURFACE_STYLE_FILL_AREA(#10575);
#10575 = FILL_AREA_STYLE('',(#10576));
#10576 = FILL_AREA_STYLE_COLOUR('',#10534);
#10577 = OVER_RIDING_STYLED_ITEM('overriding color',(#10578),#5262,
  #10519);
#10578 = PRESENTATION_STYLE_ASSIGNMENT((#10579));
#10579 = SURFACE_STYLE_USAGE(.BOTH.,#10580);
#10580 = SURFACE_SIDE_STYLE('',(#10581));
#10581 = SURFACE_STYLE_FILL_AREA(#10582);
#10582 = FILL_AREA_STYLE('',(#10583));
#10583 = FILL_AREA_STYLE_COLOUR('',#10534);
#10584 = OVER_RIDING_STYLED_ITEM('overriding color',(#10585),#5309,
  #10519);
#10585 = PRESENTATION_STYLE_ASSIGNMENT((#10586));
#10586 = SURFACE_STYLE_USAGE(.BOTH.,#10587);
#10587 = SURFACE_SIDE_STYLE('',(#10588));
#10588 = SURFACE_STYLE_FILL_AREA(#10589);
#10589 = FILL_AREA_STYLE('',(#10590));
#10590 = FILL_AREA_STYLE_COLOUR('',#10534);
#10591 = OVER_RIDING_STYLED_ITEM('overriding color',(#10592),#5349,
  #10519);
#10592 = PRESENTATION_STYLE_ASSIGNMENT((#10593));
#10593 = SURFACE_STYLE_USAGE(.BOTH.,#10594);
#10594 = SURFACE_SIDE_STYLE('',(#10595));
#10595 = SURFACE_STYLE_FILL_AREA(#10596);
#10596 = FILL_AREA_STYLE('',(#10597));
#10597 = FILL_AREA_STYLE_COLOUR('',#10534);
#10598 = OVER_RIDING_STYLED_ITEM('overriding color',(#10599),#5389,
  #10519);
#10599 = PRESENTATION_STYLE_ASSIGNMENT((#10600));
#10600 = SURFACE_STYLE_USAGE(.BOTH.,#10601);
#10601 = SURFACE_SIDE_STYLE('',(#10602));
#10602 = SURFACE_STYLE_FILL_AREA(#10603);
#10603 = FILL_AREA_STYLE('',(#10604));
#10604 = FILL_AREA_STYLE_COLOUR('',#10534);
#10605 = OVER_RIDING_STYLED_ITEM('overriding color',(#10606),#5435,
  #10519);
#10606 = PRESENTATION_STYLE_ASSIGNMENT((#10607));
#10607 = SURFACE_STYLE_USAGE(.BOTH.,#10608);
#10608 = SURFACE_SIDE_STYLE('',(#10609));
#10609 = SURFACE_STYLE_FILL_AREA(#10610);
#10610 = FILL_AREA_STYLE('',(#10611));
#10611 = FILL_AREA_STYLE_COLOUR('',#10534);
#10612 = OVER_RIDING_STYLED_ITEM('overriding color',(#10613),#5466,
  #10519);
#10613 = PRESENTATION_STYLE_ASSIGNMENT((#10614));
#10614 = SURFACE_STYLE_USAGE(.BOTH.,#10615);
#10615 = SURFACE_SIDE_STYLE('',(#10616));
#10616 = SURFACE_STYLE_FILL_AREA(#10617);
#10617 = FILL_AREA_STYLE('',(#10618));
#10618 = FILL_AREA_STYLE_COLOUR('',#10534);
#10619 = OVER_RIDING_STYLED_ITEM('overriding color',(#10620),#5497,
  #10519);
#10620 = PRESENTATION_STYLE_ASSIGNMENT((#10621));
#10621 = SURFACE_STYLE_USAGE(.BOTH.,#10622);
#10622 = SURFACE_SIDE_STYLE('',(#10623));
#10623 = SURFACE_STYLE_FILL_AREA(#10624);
#10624 = FILL_AREA_STYLE('',(#10625));
#10625 = FILL_AREA_STYLE_COLOUR('',#10534);
#10626 = OVER_RIDING_STYLED_ITEM('overriding color',(#10627),#5521,
  #10519);
#10627 = PRESENTATION_STYLE_ASSIGNMENT((#10628));
#10628 = SURFACE_STYLE_USAGE(.BOTH.,#10629);
#10629 = SURFACE_SIDE_STYLE('',(#10630));
#10630 = SURFACE_STYLE_FILL_AREA(#10631);
#10631 = FILL_AREA_STYLE('',(#10632));
#10632 = FILL_AREA_STYLE_COLOUR('',#10534);
#10633 = OVER_RIDING_STYLED_ITEM('overriding color',(#10634),#5545,
  #10519);
#10634 = PRESENTATION_STYLE_ASSIGNMENT((#10635));
#10635 = SURFACE_STYLE_USAGE(.BOTH.,#10636);
#10636 = SURFACE_SIDE_STYLE('',(#10637));
#10637 = SURFACE_STYLE_FILL_AREA(#10638);
#10638 = FILL_AREA_STYLE('',(#10639));
#10639 = FILL_AREA_STYLE_COLOUR('',#10534);
#10640 = OVER_RIDING_STYLED_ITEM('overriding color',(#10641),#5562,
  #10519);
#10641 = PRESENTATION_STYLE_ASSIGNMENT((#10642));
#10642 = SURFACE_STYLE_USAGE(.BOTH.,#10643);
#10643 = SURFACE_SIDE_STYLE('',(#10644));
#10644 = SURFACE_STYLE_FILL_AREA(#10645);
#10645 = FILL_AREA_STYLE('',(#10646));
#10646 = FILL_AREA_STYLE_COLOUR('',#10534);
#10647 = OVER_RIDING_STYLED_ITEM('overriding color',(#10648),#5584,
  #10519);
#10648 = PRESENTATION_STYLE_ASSIGNMENT((#10649));
#10649 = SURFACE_STYLE_USAGE(.BOTH.,#10650);
#10650 = SURFACE_SIDE_STYLE('',(#10651));
#10651 = SURFACE_STYLE_FILL_AREA(#10652);
#10652 = FILL_AREA_STYLE('',(#10653));
#10653 = FILL_AREA_STYLE_COLOUR('',#10654);
#10654 = COLOUR_RGB('',0.752941164258,0.752941164258,0.752941164258);
#10655 = OVER_RIDING_STYLED_ITEM('overriding color',(#10656),#5624,
  #10519);
#10656 = PRESENTATION_STYLE_ASSIGNMENT((#10657));
#10657 = SURFACE_STYLE_USAGE(.BOTH.,#10658);
#10658 = SURFACE_SIDE_STYLE('',(#10659));
#10659 = SURFACE_STYLE_FILL_AREA(#10660);
#10660 = FILL_AREA_STYLE('',(#10661));
#10661 = FILL_AREA_STYLE_COLOUR('',#10654);
#10662 = OVER_RIDING_STYLED_ITEM('overriding color',(#10663),#5655,
  #10519);
#10663 = PRESENTATION_STYLE_ASSIGNMENT((#10664));
#10664 = SURFACE_STYLE_USAGE(.BOTH.,#10665);
#10665 = SURFACE_SIDE_STYLE('',(#10666));
#10666 = SURFACE_STYLE_FILL_AREA(#10667);
#10667 = FILL_AREA_STYLE('',(#10668));
#10668 = FILL_AREA_STYLE_COLOUR('',#10654);
#10669 = OVER_RIDING_STYLED_ITEM('overriding color',(#10670),#5679,
  #10519);
#10670 = PRESENTATION_STYLE_ASSIGNMENT((#10671));
#10671 = SURFACE_STYLE_USAGE(.BOTH.,#10672);
#10672 = SURFACE_SIDE_STYLE('',(#10673));
#10673 = SURFACE_STYLE_FILL_AREA(#10674);
#10674 = FILL_AREA_STYLE('',(#10675));
#10675 = FILL_AREA_STYLE_COLOUR('',#10654);
#10676 = OVER_RIDING_STYLED_ITEM('overriding color',(#10677),#5703,
  #10519);
#10677 = PRESENTATION_STYLE_ASSIGNMENT((#10678));
#10678 = SURFACE_STYLE_USAGE(.BOTH.,#10679);
#10679 = SURFACE_SIDE_STYLE('',(#10680));
#10680 = SURFACE_STYLE_FILL_AREA(#10681);
#10681 = FILL_AREA_STYLE('',(#10682));
#10682 = FILL_AREA_STYLE_COLOUR('',#10654);
#10683 = OVER_RIDING_STYLED_ITEM('overriding color',(#10684),#5736,
  #10519);
#10684 = PRESENTATION_STYLE_ASSIGNMENT((#10685));
#10685 = SURFACE_STYLE_USAGE(.BOTH.,#10686);
#10686 = SURFACE_SIDE_STYLE('',(#10687));
#10687 = SURFACE_STYLE_FILL_AREA(#10688);
#10688 = FILL_AREA_STYLE('',(#10689));
#10689 = FILL_AREA_STYLE_COLOUR('',#10654);
#10690 = OVER_RIDING_STYLED_ITEM('overriding color',(#10691),#5767,
  #10519);
#10691 = PRESENTATION_STYLE_ASSIGNMENT((#10692));
#10692 = SURFACE_STYLE_USAGE(.BOTH.,#10693);
#10693 = SURFACE_SIDE_STYLE('',(#10694));
#10694 = SURFACE_STYLE_FILL_AREA(#10695);
#10695 = FILL_AREA_STYLE('',(#10696));
#10696 = FILL_AREA_STYLE_COLOUR('',#10654);
#10697 = OVER_RIDING_STYLED_ITEM('overriding color',(#10698),#5798,
  #10519);
#10698 = PRESENTATION_STYLE_ASSIGNMENT((#10699));
#10699 = SURFACE_STYLE_USAGE(.BOTH.,#10700);
#10700 = SURFACE_SIDE_STYLE('',(#10701));
#10701 = SURFACE_STYLE_FILL_AREA(#10702);
#10702 = FILL_AREA_STYLE('',(#10703));
#10703 = FILL_AREA_STYLE_COLOUR('',#10654);
#10704 = OVER_RIDING_STYLED_ITEM('overriding color',(#10705),#5822,
  #10519);
#10705 = PRESENTATION_STYLE_ASSIGNMENT((#10706));
#10706 = SURFACE_STYLE_USAGE(.BOTH.,#10707);
#10707 = SURFACE_SIDE_STYLE('',(#10708));
#10708 = SURFACE_STYLE_FILL_AREA(#10709);
#10709 = FILL_AREA_STYLE('',(#10710));
#10710 = FILL_AREA_STYLE_COLOUR('',#10654);
#10711 = OVER_RIDING_STYLED_ITEM('overriding color',(#10712),#5855,
  #10519);
#10712 = PRESENTATION_STYLE_ASSIGNMENT((#10713));
#10713 = SURFACE_STYLE_USAGE(.BOTH.,#10714);
#10714 = SURFACE_SIDE_STYLE('',(#10715));
#10715 = SURFACE_STYLE_FILL_AREA(#10716);
#10716 = FILL_AREA_STYLE('',(#10717));
#10717 = FILL_AREA_STYLE_COLOUR('',#10654);
#10718 = OVER_RIDING_STYLED_ITEM('overriding color',(#10719),#5886,
  #10519);
#10719 = PRESENTATION_STYLE_ASSIGNMENT((#10720));
#10720 = SURFACE_STYLE_USAGE(.BOTH.,#10721);
#10721 = SURFACE_SIDE_STYLE('',(#10722));
#10722 = SURFACE_STYLE_FILL_AREA(#10723);
#10723 = FILL_AREA_STYLE('',(#10724));
#10724 = FILL_AREA_STYLE_COLOUR('',#10654);
#10725 = OVER_RIDING_STYLED_ITEM('overriding color',(#10726),#5917,
  #10519);
#10726 = PRESENTATION_STYLE_ASSIGNMENT((#10727));
#10727 = SURFACE_STYLE_USAGE(.BOTH.,#10728);
#10728 = SURFACE_SIDE_STYLE('',(#10729));
#10729 = SURFACE_STYLE_FILL_AREA(#10730);
#10730 = FILL_AREA_STYLE('',(#10731));
#10731 = FILL_AREA_STYLE_COLOUR('',#10654);
#10732 = OVER_RIDING_STYLED_ITEM('overriding color',(#10733),#5941,
  #10519);
#10733 = PRESENTATION_STYLE_ASSIGNMENT((#10734));
#10734 = SURFACE_STYLE_USAGE(.BOTH.,#10735);
#10735 = SURFACE_SIDE_STYLE('',(#10736));
#10736 = SURFACE_STYLE_FILL_AREA(#10737);
#10737 = FILL_AREA_STYLE('',(#10738));
#10738 = FILL_AREA_STYLE_COLOUR('',#10654);
#10739 = OVER_RIDING_STYLED_ITEM('overriding color',(#10740),#5974,
  #10519);
#10740 = PRESENTATION_STYLE_ASSIGNMENT((#10741));
#10741 = SURFACE_STYLE_USAGE(.BOTH.,#10742);
#10742 = SURFACE_SIDE_STYLE('',(#10743));
#10743 = SURFACE_STYLE_FILL_AREA(#10744);
#10744 = FILL_AREA_STYLE('',(#10745));
#10745 = FILL_AREA_STYLE_COLOUR('',#10654);
#10746 = OVER_RIDING_STYLED_ITEM('overriding color',(#10747),#6005,
  #10519);
#10747 = PRESENTATION_STYLE_ASSIGNMENT((#10748));
#10748 = SURFACE_STYLE_USAGE(.BOTH.,#10749);
#10749 = SURFACE_SIDE_STYLE('',(#10750));
#10750 = SURFACE_STYLE_FILL_AREA(#10751);
#10751 = FILL_AREA_STYLE('',(#10752));
#10752 = FILL_AREA_STYLE_COLOUR('',#10654);
#10753 = OVER_RIDING_STYLED_ITEM('overriding color',(#10754),#6036,
  #10519);
#10754 = PRESENTATION_STYLE_ASSIGNMENT((#10755));
#10755 = SURFACE_STYLE_USAGE(.BOTH.,#10756);
#10756 = SURFACE_SIDE_STYLE('',(#10757));
#10757 = SURFACE_STYLE_FILL_AREA(#10758);
#10758 = FILL_AREA_STYLE('',(#10759));
#10759 = FILL_AREA_STYLE_COLOUR('',#10654);
#10760 = OVER_RIDING_STYLED_ITEM('overriding color',(#10761),#6060,
  #10519);
#10761 = PRESENTATION_STYLE_ASSIGNMENT((#10762));
#10762 = SURFACE_STYLE_USAGE(.BOTH.,#10763);
#10763 = SURFACE_SIDE_STYLE('',(#10764));
#10764 = SURFACE_STYLE_FILL_AREA(#10765);
#10765 = FILL_AREA_STYLE('',(#10766));
#10766 = FILL_AREA_STYLE_COLOUR('',#10654);
#10767 = OVER_RIDING_STYLED_ITEM('overriding color',(#10768),#6093,
  #10519);
#10768 = PRESENTATION_STYLE_ASSIGNMENT((#10769));
#10769 = SURFACE_STYLE_USAGE(.BOTH.,#10770);
#10770 = SURFACE_SIDE_STYLE('',(#10771));
#10771 = SURFACE_STYLE_FILL_AREA(#10772);
#10772 = FILL_AREA_STYLE('',(#10773));
#10773 = FILL_AREA_STYLE_COLOUR('',#10654);
#10774 = OVER_RIDING_STYLED_ITEM('overriding color',(#10775),#6124,
  #10519);
#10775 = PRESENTATION_STYLE_ASSIGNMENT((#10776));
#10776 = SURFACE_STYLE_USAGE(.BOTH.,#10777);
#10777 = SURFACE_SIDE_STYLE('',(#10778));
#10778 = SURFACE_STYLE_FILL_AREA(#10779);
#10779 = FILL_AREA_STYLE('',(#10780));
#10780 = FILL_AREA_STYLE_COLOUR('',#10654);
#10781 = OVER_RIDING_STYLED_ITEM('overriding color',(#10782),#6155,
  #10519);
#10782 = PRESENTATION_STYLE_ASSIGNMENT((#10783));
#10783 = SURFACE_STYLE_USAGE(.BOTH.,#10784);
#10784 = SURFACE_SIDE_STYLE('',(#10785));
#10785 = SURFACE_STYLE_FILL_AREA(#10786);
#10786 = FILL_AREA_STYLE('',(#10787));
#10787 = FILL_AREA_STYLE_COLOUR('',#10654);
#10788 = OVER_RIDING_STYLED_ITEM('overriding color',(#10789),#6179,
  #10519);
#10789 = PRESENTATION_STYLE_ASSIGNMENT((#10790));
#10790 = SURFACE_STYLE_USAGE(.BOTH.,#10791);
#10791 = SURFACE_SIDE_STYLE('',(#10792));
#10792 = SURFACE_STYLE_FILL_AREA(#10793);
#10793 = FILL_AREA_STYLE('',(#10794));
#10794 = FILL_AREA_STYLE_COLOUR('',#10654);
#10795 = OVER_RIDING_STYLED_ITEM('overriding color',(#10796),#6203,
  #10519);
#10796 = PRESENTATION_STYLE_ASSIGNMENT((#10797));
#10797 = SURFACE_STYLE_USAGE(.BOTH.,#10798);
#10798 = SURFACE_SIDE_STYLE('',(#10799));
#10799 = SURFACE_STYLE_FILL_AREA(#10800);
#10800 = FILL_AREA_STYLE('',(#10801));
#10801 = FILL_AREA_STYLE_COLOUR('',#10654);
#10802 = OVER_RIDING_STYLED_ITEM('overriding color',(#10803),#6236,
  #10519);
#10803 = PRESENTATION_STYLE_ASSIGNMENT((#10804));
#10804 = SURFACE_STYLE_USAGE(.BOTH.,#10805);
#10805 = SURFACE_SIDE_STYLE('',(#10806));
#10806 = SURFACE_STYLE_FILL_AREA(#10807);
#10807 = FILL_AREA_STYLE('',(#10808));
#10808 = FILL_AREA_STYLE_COLOUR('',#10654);
#10809 = OVER_RIDING_STYLED_ITEM('overriding color',(#10810),#6267,
  #10519);
#10810 = PRESENTATION_STYLE_ASSIGNMENT((#10811));
#10811 = SURFACE_STYLE_USAGE(.BOTH.,#10812);
#10812 = SURFACE_SIDE_STYLE('',(#10813));
#10813 = SURFACE_STYLE_FILL_AREA(#10814);
#10814 = FILL_AREA_STYLE('',(#10815));
#10815 = FILL_AREA_STYLE_COLOUR('',#10654);
#10816 = OVER_RIDING_STYLED_ITEM('overriding color',(#10817),#6298,
  #10519);
#10817 = PRESENTATION_STYLE_ASSIGNMENT((#10818));
#10818 = SURFACE_STYLE_USAGE(.BOTH.,#10819);
#10819 = SURFACE_SIDE_STYLE('',(#10820));
#10820 = SURFACE_STYLE_FILL_AREA(#10821);
#10821 = FILL_AREA_STYLE('',(#10822));
#10822 = FILL_AREA_STYLE_COLOUR('',#10654);
#10823 = OVER_RIDING_STYLED_ITEM('overriding color',(#10824),#6322,
  #10519);
#10824 = PRESENTATION_STYLE_ASSIGNMENT((#10825));
#10825 = SURFACE_STYLE_USAGE(.BOTH.,#10826);
#10826 = SURFACE_SIDE_STYLE('',(#10827));
#10827 = SURFACE_STYLE_FILL_AREA(#10828);
#10828 = FILL_AREA_STYLE('',(#10829));
#10829 = FILL_AREA_STYLE_COLOUR('',#10654);
#10830 = OVER_RIDING_STYLED_ITEM('overriding color',(#10831),#6346,
  #10519);
#10831 = PRESENTATION_STYLE_ASSIGNMENT((#10832));
#10832 = SURFACE_STYLE_USAGE(.BOTH.,#10833);
#10833 = SURFACE_SIDE_STYLE('',(#10834));
#10834 = SURFACE_STYLE_FILL_AREA(#10835);
#10835 = FILL_AREA_STYLE('',(#10836));
#10836 = FILL_AREA_STYLE_COLOUR('',#10654);
#10837 = OVER_RIDING_STYLED_ITEM('overriding color',(#10838),#6370,
  #10519);
#10838 = PRESENTATION_STYLE_ASSIGNMENT((#10839));
#10839 = SURFACE_STYLE_USAGE(.BOTH.,#10840);
#10840 = SURFACE_SIDE_STYLE('',(#10841));
#10841 = SURFACE_STYLE_FILL_AREA(#10842);
#10842 = FILL_AREA_STYLE('',(#10843));
#10843 = FILL_AREA_STYLE_COLOUR('',#10654);
#10844 = OVER_RIDING_STYLED_ITEM('overriding color',(#10845),#6394,
  #10519);
#10845 = PRESENTATION_STYLE_ASSIGNMENT((#10846));
#10846 = SURFACE_STYLE_USAGE(.BOTH.,#10847);
#10847 = SURFACE_SIDE_STYLE('',(#10848));
#10848 = SURFACE_STYLE_FILL_AREA(#10849);
#10849 = FILL_AREA_STYLE('',(#10850));
#10850 = FILL_AREA_STYLE_COLOUR('',#10654);
#10851 = OVER_RIDING_STYLED_ITEM('overriding color',(#10852),#6430,
  #10519);
#10852 = PRESENTATION_STYLE_ASSIGNMENT((#10853));
#10853 = SURFACE_STYLE_USAGE(.BOTH.,#10854);
#10854 = SURFACE_SIDE_STYLE('',(#10855));
#10855 = SURFACE_STYLE_FILL_AREA(#10856);
#10856 = FILL_AREA_STYLE('',(#10857));
#10857 = FILL_AREA_STYLE_COLOUR('',#10654);
#10858 = OVER_RIDING_STYLED_ITEM('overriding color',(#10859),#6470,
  #10519);
#10859 = PRESENTATION_STYLE_ASSIGNMENT((#10860));
#10860 = SURFACE_STYLE_USAGE(.BOTH.,#10861);
#10861 = SURFACE_SIDE_STYLE('',(#10862));
#10862 = SURFACE_STYLE_FILL_AREA(#10863);
#10863 = FILL_AREA_STYLE('',(#10864));
#10864 = FILL_AREA_STYLE_COLOUR('',#10654);
#10865 = OVER_RIDING_STYLED_ITEM('overriding color',(#10866),#6494,
  #10519);
#10866 = PRESENTATION_STYLE_ASSIGNMENT((#10867));
#10867 = SURFACE_STYLE_USAGE(.BOTH.,#10868);
#10868 = SURFACE_SIDE_STYLE('',(#10869));
#10869 = SURFACE_STYLE_FILL_AREA(#10870);
#10870 = FILL_AREA_STYLE('',(#10871));
#10871 = FILL_AREA_STYLE_COLOUR('',#10654);
#10872 = OVER_RIDING_STYLED_ITEM('overriding color',(#10873),#6527,
  #10519);
#10873 = PRESENTATION_STYLE_ASSIGNMENT((#10874));
#10874 = SURFACE_STYLE_USAGE(.BOTH.,#10875);
#10875 = SURFACE_SIDE_STYLE('',(#10876));
#10876 = SURFACE_STYLE_FILL_AREA(#10877);
#10877 = FILL_AREA_STYLE('',(#10878));
#10878 = FILL_AREA_STYLE_COLOUR('',#10654);
#10879 = OVER_RIDING_STYLED_ITEM('overriding color',(#10880),#6549,
  #10519);
#10880 = PRESENTATION_STYLE_ASSIGNMENT((#10881));
#10881 = SURFACE_STYLE_USAGE(.BOTH.,#10882);
#10882 = SURFACE_SIDE_STYLE('',(#10883));
#10883 = SURFACE_STYLE_FILL_AREA(#10884);
#10884 = FILL_AREA_STYLE('',(#10885));
#10885 = FILL_AREA_STYLE_COLOUR('',#10654);
#10886 = OVER_RIDING_STYLED_ITEM('overriding color',(#10887),#6561,
  #10519);
#10887 = PRESENTATION_STYLE_ASSIGNMENT((#10888));
#10888 = SURFACE_STYLE_USAGE(.BOTH.,#10889);
#10889 = SURFACE_SIDE_STYLE('',(#10890));
#10890 = SURFACE_STYLE_FILL_AREA(#10891);
#10891 = FILL_AREA_STYLE('',(#10892));
#10892 = FILL_AREA_STYLE_COLOUR('',#10654);
#10893 = OVER_RIDING_STYLED_ITEM('overriding color',(#10894),#6601,
  #10519);
#10894 = PRESENTATION_STYLE_ASSIGNMENT((#10895));
#10895 = SURFACE_STYLE_USAGE(.BOTH.,#10896);
#10896 = SURFACE_SIDE_STYLE('',(#10897));
#10897 = SURFACE_STYLE_FILL_AREA(#10898);
#10898 = FILL_AREA_STYLE('',(#10899));
#10899 = FILL_AREA_STYLE_COLOUR('',#10654);
#10900 = OVER_RIDING_STYLED_ITEM('overriding color',(#10901),#6625,
  #10519);
#10901 = PRESENTATION_STYLE_ASSIGNMENT((#10902));
#10902 = SURFACE_STYLE_USAGE(.BOTH.,#10903);
#10903 = SURFACE_SIDE_STYLE('',(#10904));
#10904 = SURFACE_STYLE_FILL_AREA(#10905);
#10905 = FILL_AREA_STYLE('',(#10906));
#10906 = FILL_AREA_STYLE_COLOUR('',#10654);
#10907 = OVER_RIDING_STYLED_ITEM('overriding color',(#10908),#6658,
  #10519);
#10908 = PRESENTATION_STYLE_ASSIGNMENT((#10909));
#10909 = SURFACE_STYLE_USAGE(.BOTH.,#10910);
#10910 = SURFACE_SIDE_STYLE('',(#10911));
#10911 = SURFACE_STYLE_FILL_AREA(#10912);
#10912 = FILL_AREA_STYLE('',(#10913));
#10913 = FILL_AREA_STYLE_COLOUR('',#10654);
#10914 = OVER_RIDING_STYLED_ITEM('overriding color',(#10915),#6680,
  #10519);
#10915 = PRESENTATION_STYLE_ASSIGNMENT((#10916));
#10916 = SURFACE_STYLE_USAGE(.BOTH.,#10917);
#10917 = SURFACE_SIDE_STYLE('',(#10918));
#10918 = SURFACE_STYLE_FILL_AREA(#10919);
#10919 = FILL_AREA_STYLE('',(#10920));
#10920 = FILL_AREA_STYLE_COLOUR('',#10654);
#10921 = OVER_RIDING_STYLED_ITEM('overriding color',(#10922),#6692,
  #10519);
#10922 = PRESENTATION_STYLE_ASSIGNMENT((#10923));
#10923 = SURFACE_STYLE_USAGE(.BOTH.,#10924);
#10924 = SURFACE_SIDE_STYLE('',(#10925));
#10925 = SURFACE_STYLE_FILL_AREA(#10926);
#10926 = FILL_AREA_STYLE('',(#10927));
#10927 = FILL_AREA_STYLE_COLOUR('',#10654);
#10928 = OVER_RIDING_STYLED_ITEM('overriding color',(#10929),#6732,
  #10519);
#10929 = PRESENTATION_STYLE_ASSIGNMENT((#10930));
#10930 = SURFACE_STYLE_USAGE(.BOTH.,#10931);
#10931 = SURFACE_SIDE_STYLE('',(#10932));
#10932 = SURFACE_STYLE_FILL_AREA(#10933);
#10933 = FILL_AREA_STYLE('',(#10934));
#10934 = FILL_AREA_STYLE_COLOUR('',#10654);
#10935 = OVER_RIDING_STYLED_ITEM('overriding color',(#10936),#6756,
  #10519);
#10936 = PRESENTATION_STYLE_ASSIGNMENT((#10937));
#10937 = SURFACE_STYLE_USAGE(.BOTH.,#10938);
#10938 = SURFACE_SIDE_STYLE('',(#10939));
#10939 = SURFACE_STYLE_FILL_AREA(#10940);
#10940 = FILL_AREA_STYLE('',(#10941));
#10941 = FILL_AREA_STYLE_COLOUR('',#10654);
#10942 = OVER_RIDING_STYLED_ITEM('overriding color',(#10943),#6789,
  #10519);
#10943 = PRESENTATION_STYLE_ASSIGNMENT((#10944));
#10944 = SURFACE_STYLE_USAGE(.BOTH.,#10945);
#10945 = SURFACE_SIDE_STYLE('',(#10946));
#10946 = SURFACE_STYLE_FILL_AREA(#10947);
#10947 = FILL_AREA_STYLE('',(#10948));
#10948 = FILL_AREA_STYLE_COLOUR('',#10654);
#10949 = OVER_RIDING_STYLED_ITEM('overriding color',(#10950),#6811,
  #10519);
#10950 = PRESENTATION_STYLE_ASSIGNMENT((#10951));
#10951 = SURFACE_STYLE_USAGE(.BOTH.,#10952);
#10952 = SURFACE_SIDE_STYLE('',(#10953));
#10953 = SURFACE_STYLE_FILL_AREA(#10954);
#10954 = FILL_AREA_STYLE('',(#10955));
#10955 = FILL_AREA_STYLE_COLOUR('',#10654);
#10956 = OVER_RIDING_STYLED_ITEM('overriding color',(#10957),#6823,
  #10519);
#10957 = PRESENTATION_STYLE_ASSIGNMENT((#10958));
#10958 = SURFACE_STYLE_USAGE(.BOTH.,#10959);
#10959 = SURFACE_SIDE_STYLE('',(#10960));
#10960 = SURFACE_STYLE_FILL_AREA(#10961);
#10961 = FILL_AREA_STYLE('',(#10962));
#10962 = FILL_AREA_STYLE_COLOUR('',#10654);
#10963 = OVER_RIDING_STYLED_ITEM('overriding color',(#10964),#6863,
  #10519);
#10964 = PRESENTATION_STYLE_ASSIGNMENT((#10965));
#10965 = SURFACE_STYLE_USAGE(.BOTH.,#10966);
#10966 = SURFACE_SIDE_STYLE('',(#10967));
#10967 = SURFACE_STYLE_FILL_AREA(#10968);
#10968 = FILL_AREA_STYLE('',(#10969));
#10969 = FILL_AREA_STYLE_COLOUR('',#10654);
#10970 = OVER_RIDING_STYLED_ITEM('overriding color',(#10971),#6887,
  #10519);
#10971 = PRESENTATION_STYLE_ASSIGNMENT((#10972));
#10972 = SURFACE_STYLE_USAGE(.BOTH.,#10973);
#10973 = SURFACE_SIDE_STYLE('',(#10974));
#10974 = SURFACE_STYLE_FILL_AREA(#10975);
#10975 = FILL_AREA_STYLE('',(#10976));
#10976 = FILL_AREA_STYLE_COLOUR('',#10654);
#10977 = OVER_RIDING_STYLED_ITEM('overriding color',(#10978),#6920,
  #10519);
#10978 = PRESENTATION_STYLE_ASSIGNMENT((#10979));
#10979 = SURFACE_STYLE_USAGE(.BOTH.,#10980);
#10980 = SURFACE_SIDE_STYLE('',(#10981));
#10981 = SURFACE_STYLE_FILL_AREA(#10982);
#10982 = FILL_AREA_STYLE('',(#10983));
#10983 = FILL_AREA_STYLE_COLOUR('',#10654);
#10984 = OVER_RIDING_STYLED_ITEM('overriding color',(#10985),#6942,
  #10519);
#10985 = PRESENTATION_STYLE_ASSIGNMENT((#10986));
#10986 = SURFACE_STYLE_USAGE(.BOTH.,#10987);
#10987 = SURFACE_SIDE_STYLE('',(#10988));
#10988 = SURFACE_STYLE_FILL_AREA(#10989);
#10989 = FILL_AREA_STYLE('',(#10990));
#10990 = FILL_AREA_STYLE_COLOUR('',#10654);
#10991 = OVER_RIDING_STYLED_ITEM('overriding color',(#10992),#6954,
  #10519);
#10992 = PRESENTATION_STYLE_ASSIGNMENT((#10993));
#10993 = SURFACE_STYLE_USAGE(.BOTH.,#10994);
#10994 = SURFACE_SIDE_STYLE('',(#10995));
#10995 = SURFACE_STYLE_FILL_AREA(#10996);
#10996 = FILL_AREA_STYLE('',(#10997));
#10997 = FILL_AREA_STYLE_COLOUR('',#10654);
#10998 = OVER_RIDING_STYLED_ITEM('overriding color',(#10999),#6966,
  #10519);
#10999 = PRESENTATION_STYLE_ASSIGNMENT((#11000));
#11000 = SURFACE_STYLE_USAGE(.BOTH.,#11001);
#11001 = SURFACE_SIDE_STYLE('',(#11002));
#11002 = SURFACE_STYLE_FILL_AREA(#11003);
#11003 = FILL_AREA_STYLE('',(#11004));
#11004 = FILL_AREA_STYLE_COLOUR('',#10654);
#11005 = OVER_RIDING_STYLED_ITEM('overriding color',(#11006),#6978,
  #10519);
#11006 = PRESENTATION_STYLE_ASSIGNMENT((#11007));
#11007 = SURFACE_STYLE_USAGE(.BOTH.,#11008);
#11008 = SURFACE_SIDE_STYLE('',(#11009));
#11009 = SURFACE_STYLE_FILL_AREA(#11010);
#11010 = FILL_AREA_STYLE('',(#11011));
#11011 = FILL_AREA_STYLE_COLOUR('',#10654);
#11012 = OVER_RIDING_STYLED_ITEM('overriding color',(#11013),#6990,
  #10519);
#11013 = PRESENTATION_STYLE_ASSIGNMENT((#11014));
#11014 = SURFACE_STYLE_USAGE(.BOTH.,#11015);
#11015 = SURFACE_SIDE_STYLE('',(#11016));
#11016 = SURFACE_STYLE_FILL_AREA(#11017);
#11017 = FILL_AREA_STYLE('',(#11018));
#11018 = FILL_AREA_STYLE_COLOUR('',#10654);
#11019 = OVER_RIDING_STYLED_ITEM('overriding color',(#11020),#7002,
  #10519);
#11020 = PRESENTATION_STYLE_ASSIGNMENT((#11021));
#11021 = SURFACE_STYLE_USAGE(.BOTH.,#11022);
#11022 = SURFACE_SIDE_STYLE('',(#11023));
#11023 = SURFACE_STYLE_FILL_AREA(#11024);
#11024 = FILL_AREA_STYLE('',(#11025));
#11025 = FILL_AREA_STYLE_COLOUR('',#10654);
#11026 = OVER_RIDING_STYLED_ITEM('overriding color',(#11027),#7014,
  #10519);
#11027 = PRESENTATION_STYLE_ASSIGNMENT((#11028));
#11028 = SURFACE_STYLE_USAGE(.BOTH.,#11029);
#11029 = SURFACE_SIDE_STYLE('',(#11030));
#11030 = SURFACE_STYLE_FILL_AREA(#11031);
#11031 = FILL_AREA_STYLE('',(#11032));
#11032 = FILL_AREA_STYLE_COLOUR('',#10654);
#11033 = OVER_RIDING_STYLED_ITEM('overriding color',(#11034),#7026,
  #10519);
#11034 = PRESENTATION_STYLE_ASSIGNMENT((#11035));
#11035 = SURFACE_STYLE_USAGE(.BOTH.,#11036);
#11036 = SURFACE_SIDE_STYLE('',(#11037));
#11037 = SURFACE_STYLE_FILL_AREA(#11038);
#11038 = FILL_AREA_STYLE('',(#11039));
#11039 = FILL_AREA_STYLE_COLOUR('',#10654);
#11040 = OVER_RIDING_STYLED_ITEM('overriding color',(#11041),#7038,
  #10519);
#11041 = PRESENTATION_STYLE_ASSIGNMENT((#11042));
#11042 = SURFACE_STYLE_USAGE(.BOTH.,#11043);
#11043 = SURFACE_SIDE_STYLE('',(#11044));
#11044 = SURFACE_STYLE_FILL_AREA(#11045);
#11045 = FILL_AREA_STYLE('',(#11046));
#11046 = FILL_AREA_STYLE_COLOUR('',#10654);
#11047 = OVER_RIDING_STYLED_ITEM('overriding color',(#11048),#7050,
  #10519);
#11048 = PRESENTATION_STYLE_ASSIGNMENT((#11049));
#11049 = SURFACE_STYLE_USAGE(.BOTH.,#11050);
#11050 = SURFACE_SIDE_STYLE('',(#11051));
#11051 = SURFACE_STYLE_FILL_AREA(#11052);
#11052 = FILL_AREA_STYLE('',(#11053));
#11053 = FILL_AREA_STYLE_COLOUR('',#10654);
#11054 = OVER_RIDING_STYLED_ITEM('overriding color',(#11055),#7062,
  #10519);
#11055 = PRESENTATION_STYLE_ASSIGNMENT((#11056));
#11056 = SURFACE_STYLE_USAGE(.BOTH.,#11057);
#11057 = SURFACE_SIDE_STYLE('',(#11058));
#11058 = SURFACE_STYLE_FILL_AREA(#11059);
#11059 = FILL_AREA_STYLE('',(#11060));
#11060 = FILL_AREA_STYLE_COLOUR('',#10654);
#11061 = OVER_RIDING_STYLED_ITEM('overriding color',(#11062),#7074,
  #10519);
#11062 = PRESENTATION_STYLE_ASSIGNMENT((#11063));
#11063 = SURFACE_STYLE_USAGE(.BOTH.,#11064);
#11064 = SURFACE_SIDE_STYLE('',(#11065));
#11065 = SURFACE_STYLE_FILL_AREA(#11066);
#11066 = FILL_AREA_STYLE('',(#11067));
#11067 = FILL_AREA_STYLE_COLOUR('',#10534);
#11068 = OVER_RIDING_STYLED_ITEM('overriding color',(#11069),#7092,
  #10519);
#11069 = PRESENTATION_STYLE_ASSIGNMENT((#11070));
#11070 = SURFACE_STYLE_USAGE(.BOTH.,#11071);
#11071 = SURFACE_SIDE_STYLE('',(#11072));
#11072 = SURFACE_STYLE_FILL_AREA(#11073);
#11073 = FILL_AREA_STYLE('',(#11074));
#11074 = FILL_AREA_STYLE_COLOUR('',#10534);
#11075 = MECHANICAL_DESIGN_GEOMETRIC_PRESENTATION_REPRESENTATION('',(
    #11076,#11085,#11094,#11103,#11112,#11121,#11130,#11139),#3790);
#11076 = STYLED_ITEM('color',(#11077),#694);
#11077 = PRESENTATION_STYLE_ASSIGNMENT((#11078,#11083));
#11078 = SURFACE_STYLE_USAGE(.BOTH.,#11079);
#11079 = SURFACE_SIDE_STYLE('',(#11080));
#11080 = SURFACE_STYLE_FILL_AREA(#11081);
#11081 = FILL_AREA_STYLE('',(#11082));
#11082 = FILL_AREA_STYLE_COLOUR('',#10505);
#11083 = CURVE_STYLE('',#11084,POSITIVE_LENGTH_MEASURE(0.1),#10505);
#11084 = DRAUGHTING_PRE_DEFINED_CURVE_FONT('continuous');
#11085 = STYLED_ITEM('color',(#11086),#1081);
#11086 = PRESENTATION_STYLE_ASSIGNMENT((#11087,#11092));
#11087 = SURFACE_STYLE_USAGE(.BOTH.,#11088);
#11088 = SURFACE_SIDE_STYLE('',(#11089));
#11089 = SURFACE_STYLE_FILL_AREA(#11090);
#11090 = FILL_AREA_STYLE('',(#11091));
#11091 = FILL_AREA_STYLE_COLOUR('',#10505);
#11092 = CURVE_STYLE('',#11093,POSITIVE_LENGTH_MEASURE(0.1),#10505);
#11093 = DRAUGHTING_PRE_DEFINED_CURVE_FONT('continuous');
#11094 = STYLED_ITEM('color',(#11095),#1468);
#11095 = PRESENTATION_STYLE_ASSIGNMENT((#11096,#11101));
#11096 = SURFACE_STYLE_USAGE(.BOTH.,#11097);
#11097 = SURFACE_SIDE_STYLE('',(#11098));
#11098 = SURFACE_STYLE_FILL_AREA(#11099);
#11099 = FILL_AREA_STYLE('',(#11100));
#11100 = FILL_AREA_STYLE_COLOUR('',#10505);
#11101 = CURVE_STYLE('',#11102,POSITIVE_LENGTH_MEASURE(0.1),#10505);
#11102 = DRAUGHTING_PRE_DEFINED_CURVE_FONT('continuous');
#11103 = STYLED_ITEM('color',(#11104),#1855);
#11104 = PRESENTATION_STYLE_ASSIGNMENT((#11105,#11110));
#11105 = SURFACE_STYLE_USAGE(.BOTH.,#11106);
#11106 = SURFACE_SIDE_STYLE('',(#11107));
#11107 = SURFACE_STYLE_FILL_AREA(#11108);
#11108 = FILL_AREA_STYLE('',(#11109));
#11109 = FILL_AREA_STYLE_COLOUR('',#10505);
#11110 = CURVE_STYLE('',#11111,POSITIVE_LENGTH_MEASURE(0.1),#10505);
#11111 = DRAUGHTING_PRE_DEFINED_CURVE_FONT('continuous');
#11112 = STYLED_ITEM('color',(#11113),#2242);
#11113 = PRESENTATION_STYLE_ASSIGNMENT((#11114,#11119));
#11114 = SURFACE_STYLE_USAGE(.BOTH.,#11115);
#11115 = SURFACE_SIDE_STYLE('',(#11116));
#11116 = SURFACE_STYLE_FILL_AREA(#11117);
#11117 = FILL_AREA_STYLE('',(#11118));
#11118 = FILL_AREA_STYLE_COLOUR('',#10505);
#11119 = CURVE_STYLE('',#11120,POSITIVE_LENGTH_MEASURE(0.1),#10505);
#11120 = DRAUGHTING_PRE_DEFINED_CURVE_FONT('continuous');
#11121 = STYLED_ITEM('color',(#11122),#2629);
#11122 = PRESENTATION_STYLE_ASSIGNMENT((#11123,#11128));
#11123 = SURFACE_STYLE_USAGE(.BOTH.,#11124);
#11124 = SURFACE_SIDE_STYLE('',(#11125));
#11125 = SURFACE_STYLE_FILL_AREA(#11126);
#11126 = FILL_AREA_STYLE('',(#11127));
#11127 = FILL_AREA_STYLE_COLOUR('',#10505);
#11128 = CURVE_STYLE('',#11129,POSITIVE_LENGTH_MEASURE(0.1),#10505);
#11129 = DRAUGHTING_PRE_DEFINED_CURVE_FONT('continuous');
#11130 = STYLED_ITEM('color',(#11131),#3016);
#11131 = PRESENTATION_STYLE_ASSIGNMENT((#11132,#11137));
#11132 = SURFACE_STYLE_USAGE(.BOTH.,#11133);
#11133 = SURFACE_SIDE_STYLE('',(#11134));
#11134 = SURFACE_STYLE_FILL_AREA(#11135);
#11135 = FILL_AREA_STYLE('',(#11136));
#11136 = FILL_AREA_STYLE_COLOUR('',#10505);
#11137 = CURVE_STYLE('',#11138,POSITIVE_LENGTH_MEASURE(0.1),#10505);
#11138 = DRAUGHTING_PRE_DEFINED_CURVE_FONT('continuous');
#11139 = STYLED_ITEM('color',(#11140),#3403);
#11140 = PRESENTATION_STYLE_ASSIGNMENT((#11141,#11146));
#11141 = SURFACE_STYLE_USAGE(.BOTH.,#11142);
#11142 = SURFACE_SIDE_STYLE('',(#11143));
#11143 = SURFACE_STYLE_FILL_AREA(#11144);
#11144 = FILL_AREA_STYLE('',(#11145));
#11145 = FILL_AREA_STYLE_COLOUR('',#10505);
#11146 = CURVE_STYLE('',#11147,POSITIVE_LENGTH_MEASURE(0.1),#10505);
#11147 = DRAUGHTING_PRE_DEFINED_CURVE_FONT('continuous');
#11148 = MECHANICAL_DESIGN_GEOMETRIC_PRESENTATION_REPRESENTATION('',(
    #11149,#11156,#11163,#11170,#11177,#11184,#11191,#11198,#11205,
    #11212,#11219,#11227,#11234,#11241,#11248,#11255,#11262,#11269,
    #11276,#11283,#11290,#11297,#11304,#11311,#11318,#11325,#11332,
    #11339),#9951);
#11149 = STYLED_ITEM('color',(#11150),#9099);
#11150 = PRESENTATION_STYLE_ASSIGNMENT((#11151));
#11151 = SURFACE_STYLE_USAGE(.BOTH.,#11152);
#11152 = SURFACE_SIDE_STYLE('',(#11153));
#11153 = SURFACE_STYLE_FILL_AREA(#11154);
#11154 = FILL_AREA_STYLE('',(#11155));
#11155 = FILL_AREA_STYLE_COLOUR('',#10319);
#11156 = STYLED_ITEM('color',(#11157),#9175);
#11157 = PRESENTATION_STYLE_ASSIGNMENT((#11158));
#11158 = SURFACE_STYLE_USAGE(.BOTH.,#11159);
#11159 = SURFACE_SIDE_STYLE('',(#11160));
#11160 = SURFACE_STYLE_FILL_AREA(#11161);
#11161 = FILL_AREA_STYLE('',(#11162));
#11162 = FILL_AREA_STYLE_COLOUR('',#10319);
#11163 = STYLED_ITEM('color',(#11164),#9206);
#11164 = PRESENTATION_STYLE_ASSIGNMENT((#11165));
#11165 = SURFACE_STYLE_USAGE(.BOTH.,#11166);
#11166 = SURFACE_SIDE_STYLE('',(#11167));
#11167 = SURFACE_STYLE_FILL_AREA(#11168);
#11168 = FILL_AREA_STYLE('',(#11169));
#11169 = FILL_AREA_STYLE_COLOUR('',#10319);
#11170 = STYLED_ITEM('color',(#11171),#9231);
#11171 = PRESENTATION_STYLE_ASSIGNMENT((#11172));
#11172 = SURFACE_STYLE_USAGE(.BOTH.,#11173);
#11173 = SURFACE_SIDE_STYLE('',(#11174));
#11174 = SURFACE_STYLE_FILL_AREA(#11175);
#11175 = FILL_AREA_STYLE('',(#11176));
#11176 = FILL_AREA_STYLE_COLOUR('',#10319);
#11177 = STYLED_ITEM('color',(#11178),#9256);
#11178 = PRESENTATION_STYLE_ASSIGNMENT((#11179));
#11179 = SURFACE_STYLE_USAGE(.BOTH.,#11180);
#11180 = SURFACE_SIDE_STYLE('',(#11181));
#11181 = SURFACE_STYLE_FILL_AREA(#11182);
#11182 = FILL_AREA_STYLE('',(#11183));
#11183 = FILL_AREA_STYLE_COLOUR('',#10319);
#11184 = STYLED_ITEM('color',(#11185),#9280);
#11185 = PRESENTATION_STYLE_ASSIGNMENT((#11186));
#11186 = SURFACE_STYLE_USAGE(.BOTH.,#11187);
#11187 = SURFACE_SIDE_STYLE('',(#11188));
#11188 = SURFACE_STYLE_FILL_AREA(#11189);
#11189 = FILL_AREA_STYLE('',(#11190));
#11190 = FILL_AREA_STYLE_COLOUR('',#10319);
#11191 = STYLED_ITEM('color',(#11192),#9304);
#11192 = PRESENTATION_STYLE_ASSIGNMENT((#11193));
#11193 = SURFACE_STYLE_USAGE(.BOTH.,#11194);
#11194 = SURFACE_SIDE_STYLE('',(#11195));
#11195 = SURFACE_STYLE_FILL_AREA(#11196);
#11196 = FILL_AREA_STYLE('',(#11197));
#11197 = FILL_AREA_STYLE_COLOUR('',#10319);
#11198 = STYLED_ITEM('color',(#11199),#9329);
#11199 = PRESENTATION_STYLE_ASSIGNMENT((#11200));
#11200 = SURFACE_STYLE_USAGE(.BOTH.,#11201);
#11201 = SURFACE_SIDE_STYLE('',(#11202));
#11202 = SURFACE_STYLE_FILL_AREA(#11203);
#11203 = FILL_AREA_STYLE('',(#11204));
#11204 = FILL_AREA_STYLE_COLOUR('',#10319);
#11205 = STYLED_ITEM('color',(#11206),#9354);
#11206 = PRESENTATION_STYLE_ASSIGNMENT((#11207));
#11207 = SURFACE_STYLE_USAGE(.BOTH.,#11208);
#11208 = SURFACE_SIDE_STYLE('',(#11209));
#11209 = SURFACE_STYLE_FILL_AREA(#11210);
#11210 = FILL_AREA_STYLE('',(#11211));
#11211 = FILL_AREA_STYLE_COLOUR('',#10319);
#11212 = STYLED_ITEM('color',(#11213),#9371);
#11213 = PRESENTATION_STYLE_ASSIGNMENT((#11214));
#11214 = SURFACE_STYLE_USAGE(.BOTH.,#11215);
#11215 = SURFACE_SIDE_STYLE('',(#11216));
#11216 = SURFACE_STYLE_FILL_AREA(#11217);
#11217 = FILL_AREA_STYLE('',(#11218));
#11218 = FILL_AREA_STYLE_COLOUR('',#10319);
#11219 = STYLED_ITEM('color',(#11220),#9457);
#11220 = PRESENTATION_STYLE_ASSIGNMENT((#11221));
#11221 = SURFACE_STYLE_USAGE(.BOTH.,#11222);
#11222 = SURFACE_SIDE_STYLE('',(#11223));
#11223 = SURFACE_STYLE_FILL_AREA(#11224);
#11224 = FILL_AREA_STYLE('',(#11225));
#11225 = FILL_AREA_STYLE_COLOUR('',#11226);
#11226 = COLOUR_RGB('',0.379000005575,0.270000008848,0.214999999939);
#11227 = STYLED_ITEM('color',(#11228),#9489);
#11228 = PRESENTATION_STYLE_ASSIGNMENT((#11229));
#11229 = SURFACE_STYLE_USAGE(.BOTH.,#11230);
#11230 = SURFACE_SIDE_STYLE('',(#11231));
#11231 = SURFACE_STYLE_FILL_AREA(#11232);
#11232 = FILL_AREA_STYLE('',(#11233));
#11233 = FILL_AREA_STYLE_COLOUR('',#11226);
#11234 = STYLED_ITEM('color',(#11235),#9513);
#11235 = PRESENTATION_STYLE_ASSIGNMENT((#11236));
#11236 = SURFACE_STYLE_USAGE(.BOTH.,#11237);
#11237 = SURFACE_SIDE_STYLE('',(#11238));
#11238 = SURFACE_STYLE_FILL_AREA(#11239);
#11239 = FILL_AREA_STYLE('',(#11240));
#11240 = FILL_AREA_STYLE_COLOUR('',#11226);
#11241 = STYLED_ITEM('color',(#11242),#9538);
#11242 = PRESENTATION_STYLE_ASSIGNMENT((#11243));
#11243 = SURFACE_STYLE_USAGE(.BOTH.,#11244);
#11244 = SURFACE_SIDE_STYLE('',(#11245));
#11245 = SURFACE_STYLE_FILL_AREA(#11246);
#11246 = FILL_AREA_STYLE('',(#11247));
#11247 = FILL_AREA_STYLE_COLOUR('',#11226);
#11248 = STYLED_ITEM('color',(#11249),#9562);
#11249 = PRESENTATION_STYLE_ASSIGNMENT((#11250));
#11250 = SURFACE_STYLE_USAGE(.BOTH.,#11251);
#11251 = SURFACE_SIDE_STYLE('',(#11252));
#11252 = SURFACE_STYLE_FILL_AREA(#11253);
#11253 = FILL_AREA_STYLE('',(#11254));
#11254 = FILL_AREA_STYLE_COLOUR('',#11226);
#11255 = STYLED_ITEM('color',(#11256),#9587);
#11256 = PRESENTATION_STYLE_ASSIGNMENT((#11257));
#11257 = SURFACE_STYLE_USAGE(.BOTH.,#11258);
#11258 = SURFACE_SIDE_STYLE('',(#11259));
#11259 = SURFACE_STYLE_FILL_AREA(#11260);
#11260 = FILL_AREA_STYLE('',(#11261));
#11261 = FILL_AREA_STYLE_COLOUR('',#11226);
#11262 = STYLED_ITEM('color',(#11263),#9611);
#11263 = PRESENTATION_STYLE_ASSIGNMENT((#11264));
#11264 = SURFACE_STYLE_USAGE(.BOTH.,#11265);
#11265 = SURFACE_SIDE_STYLE('',(#11266));
#11266 = SURFACE_STYLE_FILL_AREA(#11267);
#11267 = FILL_AREA_STYLE('',(#11268));
#11268 = FILL_AREA_STYLE_COLOUR('',#11226);
#11269 = STYLED_ITEM('color',(#11270),#9636);
#11270 = PRESENTATION_STYLE_ASSIGNMENT((#11271));
#11271 = SURFACE_STYLE_USAGE(.BOTH.,#11272);
#11272 = SURFACE_SIDE_STYLE('',(#11273));
#11273 = SURFACE_STYLE_FILL_AREA(#11274);
#11274 = FILL_AREA_STYLE('',(#11275));
#11275 = FILL_AREA_STYLE_COLOUR('',#11226);
#11276 = STYLED_ITEM('color',(#11277),#9653);
#11277 = PRESENTATION_STYLE_ASSIGNMENT((#11278));
#11278 = SURFACE_STYLE_USAGE(.BOTH.,#11279);
#11279 = SURFACE_SIDE_STYLE('',(#11280));
#11280 = SURFACE_STYLE_FILL_AREA(#11281);
#11281 = FILL_AREA_STYLE('',(#11282));
#11282 = FILL_AREA_STYLE_COLOUR('',#10319);
#11283 = STYLED_ITEM('color',(#11284),#9739);
#11284 = PRESENTATION_STYLE_ASSIGNMENT((#11285));
#11285 = SURFACE_STYLE_USAGE(.BOTH.,#11286);
#11286 = SURFACE_SIDE_STYLE('',(#11287));
#11287 = SURFACE_STYLE_FILL_AREA(#11288);
#11288 = FILL_AREA_STYLE('',(#11289));
#11289 = FILL_AREA_STYLE_COLOUR('',#10319);
#11290 = STYLED_ITEM('color',(#11291),#9770);
#11291 = PRESENTATION_STYLE_ASSIGNMENT((#11292));
#11292 = SURFACE_STYLE_USAGE(.BOTH.,#11293);
#11293 = SURFACE_SIDE_STYLE('',(#11294));
#11294 = SURFACE_STYLE_FILL_AREA(#11295);
#11295 = FILL_AREA_STYLE('',(#11296));
#11296 = FILL_AREA_STYLE_COLOUR('',#10319);
#11297 = STYLED_ITEM('color',(#11298),#9795);
#11298 = PRESENTATION_STYLE_ASSIGNMENT((#11299));
#11299 = SURFACE_STYLE_USAGE(.BOTH.,#11300);
#11300 = SURFACE_SIDE_STYLE('',(#11301));
#11301 = SURFACE_STYLE_FILL_AREA(#11302);
#11302 = FILL_AREA_STYLE('',(#11303));
#11303 = FILL_AREA_STYLE_COLOUR('',#10319);
#11304 = STYLED_ITEM('color',(#11305),#9820);
#11305 = PRESENTATION_STYLE_ASSIGNMENT((#11306));
#11306 = SURFACE_STYLE_USAGE(.BOTH.,#11307);
#11307 = SURFACE_SIDE_STYLE('',(#11308));
#11308 = SURFACE_STYLE_FILL_AREA(#11309);
#11309 = FILL_AREA_STYLE('',(#11310));
#11310 = FILL_AREA_STYLE_COLOUR('',#10319);
#11311 = STYLED_ITEM('color',(#11312),#9844);
#11312 = PRESENTATION_STYLE_ASSIGNMENT((#11313));
#11313 = SURFACE_STYLE_USAGE(.BOTH.,#11314);
#11314 = SURFACE_SIDE_STYLE('',(#11315));
#11315 = SURFACE_STYLE_FILL_AREA(#11316);
#11316 = FILL_AREA_STYLE('',(#11317));
#11317 = FILL_AREA_STYLE_COLOUR('',#10319);
#11318 = STYLED_ITEM('color',(#11319),#9868);
#11319 = PRESENTATION_STYLE_ASSIGNMENT((#11320));
#11320 = SURFACE_STYLE_USAGE(.BOTH.,#11321);
#11321 = SURFACE_SIDE_STYLE('',(#11322));
#11322 = SURFACE_STYLE_FILL_AREA(#11323);
#11323 = FILL_AREA_STYLE('',(#11324));
#11324 = FILL_AREA_STYLE_COLOUR('',#10319);
#11325 = STYLED_ITEM('color',(#11326),#9893);
#11326 = PRESENTATION_STYLE_ASSIGNMENT((#11327));
#11327 = SURFACE_STYLE_USAGE(.BOTH.,#11328);
#11328 = SURFACE_SIDE_STYLE('',(#11329));
#11329 = SURFACE_STYLE_FILL_AREA(#11330);
#11330 = FILL_AREA_STYLE('',(#11331));
#11331 = FILL_AREA_STYLE_COLOUR('',#10319);
#11332 = STYLED_ITEM('color',(#11333),#9918);
#11333 = PRESENTATION_STYLE_ASSIGNMENT((#11334));
#11334 = SURFACE_STYLE_USAGE(.BOTH.,#11335);
#11335 = SURFACE_SIDE_STYLE('',(#11336));
#11336 = SURFACE_STYLE_FILL_AREA(#11337);
#11337 = FILL_AREA_STYLE('',(#11338));
#11338 = FILL_AREA_STYLE_COLOUR('',#10319);
#11339 = STYLED_ITEM('color',(#11340),#9935);
#11340 = PRESENTATION_STYLE_ASSIGNMENT((#11341));
#11341 = SURFACE_STYLE_USAGE(.BOTH.,#11342);
#11342 = SURFACE_SIDE_STYLE('',(#11343));
#11343 = SURFACE_STYLE_FILL_AREA(#11344);
#11344 = FILL_AREA_STYLE('',(#11345));
#11345 = FILL_AREA_STYLE_COLOUR('',#10319);
#11346 = MECHANICAL_DESIGN_GEOMETRIC_PRESENTATION_REPRESENTATION('',(
    #11347,#11354,#11361,#11368,#11375,#11382,#11389,#11396,#11403,
    #11410,#11417,#11424,#11431,#11438,#11445,#11452,#11459,#11466,
    #11473,#11480,#11487,#11494,#11501,#11508,#11515,#11522),#7911);
#11347 = STYLED_ITEM('color',(#11348),#7123);
#11348 = PRESENTATION_STYLE_ASSIGNMENT((#11349));
#11349 = SURFACE_STYLE_USAGE(.BOTH.,#11350);
#11350 = SURFACE_SIDE_STYLE('',(#11351));
#11351 = SURFACE_STYLE_FILL_AREA(#11352);
#11352 = FILL_AREA_STYLE('',(#11353));
#11353 = FILL_AREA_STYLE_COLOUR('',#10319);
#11354 = STYLED_ITEM('color',(#11355),#7163);
#11355 = PRESENTATION_STYLE_ASSIGNMENT((#11356));
#11356 = SURFACE_STYLE_USAGE(.BOTH.,#11357);
#11357 = SURFACE_SIDE_STYLE('',(#11358));
#11358 = SURFACE_STYLE_FILL_AREA(#11359);
#11359 = FILL_AREA_STYLE('',(#11360));
#11360 = FILL_AREA_STYLE_COLOUR('',#10319);
#11361 = STYLED_ITEM('color',(#11362),#7246);
#11362 = PRESENTATION_STYLE_ASSIGNMENT((#11363));
#11363 = SURFACE_STYLE_USAGE(.BOTH.,#11364);
#11364 = SURFACE_SIDE_STYLE('',(#11365));
#11365 = SURFACE_STYLE_FILL_AREA(#11366);
#11366 = FILL_AREA_STYLE('',(#11367));
#11367 = FILL_AREA_STYLE_COLOUR('',#10319);
#11368 = STYLED_ITEM('color',(#11369),#7271);
#11369 = PRESENTATION_STYLE_ASSIGNMENT((#11370));
#11370 = SURFACE_STYLE_USAGE(.BOTH.,#11371);
#11371 = SURFACE_SIDE_STYLE('',(#11372));
#11372 = SURFACE_STYLE_FILL_AREA(#11373);
#11373 = FILL_AREA_STYLE('',(#11374));
#11374 = FILL_AREA_STYLE_COLOUR('',#10319);
#11375 = STYLED_ITEM('color',(#11376),#7296);
#11376 = PRESENTATION_STYLE_ASSIGNMENT((#11377));
#11377 = SURFACE_STYLE_USAGE(.BOTH.,#11378);
#11378 = SURFACE_SIDE_STYLE('',(#11379));
#11379 = SURFACE_STYLE_FILL_AREA(#11380);
#11380 = FILL_AREA_STYLE('',(#11381));
#11381 = FILL_AREA_STYLE_COLOUR('',#10319);
#11382 = STYLED_ITEM('color',(#11383),#7363);
#11383 = PRESENTATION_STYLE_ASSIGNMENT((#11384));
#11384 = SURFACE_STYLE_USAGE(.BOTH.,#11385);
#11385 = SURFACE_SIDE_STYLE('',(#11386));
#11386 = SURFACE_STYLE_FILL_AREA(#11387);
#11387 = FILL_AREA_STYLE('',(#11388));
#11388 = FILL_AREA_STYLE_COLOUR('',#10319);
#11389 = STYLED_ITEM('color',(#11390),#7380);
#11390 = PRESENTATION_STYLE_ASSIGNMENT((#11391));
#11391 = SURFACE_STYLE_USAGE(.BOTH.,#11392);
#11392 = SURFACE_SIDE_STYLE('',(#11393));
#11393 = SURFACE_STYLE_FILL_AREA(#11394);
#11394 = FILL_AREA_STYLE('',(#11395));
#11395 = FILL_AREA_STYLE_COLOUR('',#10319);
#11396 = STYLED_ITEM('color',(#11397),#7397);
#11397 = PRESENTATION_STYLE_ASSIGNMENT((#11398));
#11398 = SURFACE_STYLE_USAGE(.BOTH.,#11399);
#11399 = SURFACE_SIDE_STYLE('',(#11400));
#11400 = SURFACE_STYLE_FILL_AREA(#11401);
#11401 = FILL_AREA_STYLE('',(#11402));
#11402 = FILL_AREA_STYLE_COLOUR('',#10369);
#11403 = STYLED_ITEM('color',(#11404),#7446);
#11404 = PRESENTATION_STYLE_ASSIGNMENT((#11405));
#11405 = SURFACE_STYLE_USAGE(.BOTH.,#11406);
#11406 = SURFACE_SIDE_STYLE('',(#11407));
#11407 = SURFACE_STYLE_FILL_AREA(#11408);
#11408 = FILL_AREA_STYLE('',(#11409));
#11409 = FILL_AREA_STYLE_COLOUR('',#10319);
#11410 = STYLED_ITEM('color',(#11411),#7463);
#11411 = PRESENTATION_STYLE_ASSIGNMENT((#11412));
#11412 = SURFACE_STYLE_USAGE(.BOTH.,#11413);
#11413 = SURFACE_SIDE_STYLE('',(#11414));
#11414 = SURFACE_STYLE_FILL_AREA(#11415);
#11415 = FILL_AREA_STYLE('',(#11416));
#11416 = FILL_AREA_STYLE_COLOUR('',#10319);
#11417 = STYLED_ITEM('color',(#11418),#7480);
#11418 = PRESENTATION_STYLE_ASSIGNMENT((#11419));
#11419 = SURFACE_STYLE_USAGE(.BOTH.,#11420);
#11420 = SURFACE_SIDE_STYLE('',(#11421));
#11421 = SURFACE_STYLE_FILL_AREA(#11422);
#11422 = FILL_AREA_STYLE('',(#11423));
#11423 = FILL_AREA_STYLE_COLOUR('',#10369);
#11424 = STYLED_ITEM('color',(#11425),#7529);
#11425 = PRESENTATION_STYLE_ASSIGNMENT((#11426));
#11426 = SURFACE_STYLE_USAGE(.BOTH.,#11427);
#11427 = SURFACE_SIDE_STYLE('',(#11428));
#11428 = SURFACE_STYLE_FILL_AREA(#11429);
#11429 = FILL_AREA_STYLE('',(#11430));
#11430 = FILL_AREA_STYLE_COLOUR('',#10369);
#11431 = STYLED_ITEM('color',(#11432),#7546);
#11432 = PRESENTATION_STYLE_ASSIGNMENT((#11433));
#11433 = SURFACE_STYLE_USAGE(.BOTH.,#11434);
#11434 = SURFACE_SIDE_STYLE('',(#11435));
#11435 = SURFACE_STYLE_FILL_AREA(#11436);
#11436 = FILL_AREA_STYLE('',(#11437));
#11437 = FILL_AREA_STYLE_COLOUR('',#10319);
#11438 = STYLED_ITEM('color',(#11439),#7615);
#11439 = PRESENTATION_STYLE_ASSIGNMENT((#11440));
#11440 = SURFACE_STYLE_USAGE(.BOTH.,#11441);
#11441 = SURFACE_SIDE_STYLE('',(#11442));
#11442 = SURFACE_STYLE_FILL_AREA(#11443);
#11443 = FILL_AREA_STYLE('',(#11444));
#11444 = FILL_AREA_STYLE_COLOUR('',#10412);
#11445 = STYLED_ITEM('color',(#11446),#7646);
#11446 = PRESENTATION_STYLE_ASSIGNMENT((#11447));
#11447 = SURFACE_STYLE_USAGE(.BOTH.,#11448);
#11448 = SURFACE_SIDE_STYLE('',(#11449));
#11449 = SURFACE_STYLE_FILL_AREA(#11450);
#11450 = FILL_AREA_STYLE('',(#11451));
#11451 = FILL_AREA_STYLE_COLOUR('',#10412);
#11452 = STYLED_ITEM('color',(#11453),#7670);
#11453 = PRESENTATION_STYLE_ASSIGNMENT((#11454));
#11454 = SURFACE_STYLE_USAGE(.BOTH.,#11455);
#11455 = SURFACE_SIDE_STYLE('',(#11456));
#11456 = SURFACE_STYLE_FILL_AREA(#11457);
#11457 = FILL_AREA_STYLE('',(#11458));
#11458 = FILL_AREA_STYLE_COLOUR('',#10319);
#11459 = STYLED_ITEM('color',(#11460),#7739);
#11460 = PRESENTATION_STYLE_ASSIGNMENT((#11461));
#11461 = SURFACE_STYLE_USAGE(.BOTH.,#11462);
#11462 = SURFACE_SIDE_STYLE('',(#11463));
#11463 = SURFACE_STYLE_FILL_AREA(#11464);
#11464 = FILL_AREA_STYLE('',(#11465));
#11465 = FILL_AREA_STYLE_COLOUR('',#10412);
#11466 = STYLED_ITEM('color',(#11467),#7763);
#11467 = PRESENTATION_STYLE_ASSIGNMENT((#11468));
#11468 = SURFACE_STYLE_USAGE(.BOTH.,#11469);
#11469 = SURFACE_SIDE_STYLE('',(#11470));
#11470 = SURFACE_STYLE_FILL_AREA(#11471);
#11471 = FILL_AREA_STYLE('',(#11472));
#11472 = FILL_AREA_STYLE_COLOUR('',#10319);
#11473 = STYLED_ITEM('color',(#11474),#7780);
#11474 = PRESENTATION_STYLE_ASSIGNMENT((#11475));
#11475 = SURFACE_STYLE_USAGE(.BOTH.,#11476);
#11476 = SURFACE_SIDE_STYLE('',(#11477));
#11477 = SURFACE_STYLE_FILL_AREA(#11478);
#11478 = FILL_AREA_STYLE('',(#11479));
#11479 = FILL_AREA_STYLE_COLOUR('',#10319);
#11480 = STYLED_ITEM('color',(#11481),#7797);
#11481 = PRESENTATION_STYLE_ASSIGNMENT((#11482));
#11482 = SURFACE_STYLE_USAGE(.BOTH.,#11483);
#11483 = SURFACE_SIDE_STYLE('',(#11484));
#11484 = SURFACE_STYLE_FILL_AREA(#11485);
#11485 = FILL_AREA_STYLE('',(#11486));
#11486 = FILL_AREA_STYLE_COLOUR('',#10319);
#11487 = STYLED_ITEM('color',(#11488),#7814);
#11488 = PRESENTATION_STYLE_ASSIGNMENT((#11489));
#11489 = SURFACE_STYLE_USAGE(.BOTH.,#11490);
#11490 = SURFACE_SIDE_STYLE('',(#11491));
#11491 = SURFACE_STYLE_FILL_AREA(#11492);
#11492 = FILL_AREA_STYLE('',(#11493));
#11493 = FILL_AREA_STYLE_COLOUR('',#10319);
#11494 = STYLED_ITEM('color',(#11495),#7831);
#11495 = PRESENTATION_STYLE_ASSIGNMENT((#11496));
#11496 = SURFACE_STYLE_USAGE(.BOTH.,#11497);
#11497 = SURFACE_SIDE_STYLE('',(#11498));
#11498 = SURFACE_STYLE_FILL_AREA(#11499);
#11499 = FILL_AREA_STYLE('',(#11500));
#11500 = FILL_AREA_STYLE_COLOUR('',#10319);
#11501 = STYLED_ITEM('color',(#11502),#7848);
#11502 = PRESENTATION_STYLE_ASSIGNMENT((#11503));
#11503 = SURFACE_STYLE_USAGE(.BOTH.,#11504);
#11504 = SURFACE_SIDE_STYLE('',(#11505));
#11505 = SURFACE_STYLE_FILL_AREA(#11506);
#11506 = FILL_AREA_STYLE('',(#11507));
#11507 = FILL_AREA_STYLE_COLOUR('',#10319);
#11508 = STYLED_ITEM('color',(#11509),#7865);
#11509 = PRESENTATION_STYLE_ASSIGNMENT((#11510));
#11510 = SURFACE_STYLE_USAGE(.BOTH.,#11511);
#11511 = SURFACE_SIDE_STYLE('',(#11512));
#11512 = SURFACE_STYLE_FILL_AREA(#11513);
#11513 = FILL_AREA_STYLE('',(#11514));
#11514 = FILL_AREA_STYLE_COLOUR('',#10319);
#11515 = STYLED_ITEM('color',(#11516),#7882);
#11516 = PRESENTATION_STYLE_ASSIGNMENT((#11517));
#11517 = SURFACE_STYLE_USAGE(.BOTH.,#11518);
#11518 = SURFACE_SIDE_STYLE('',(#11519));
#11519 = SURFACE_STYLE_FILL_AREA(#11520);
#11520 = FILL_AREA_STYLE('',(#11521));
#11521 = FILL_AREA_STYLE_COLOUR('',#10412);
#11522 = STYLED_ITEM('color',(#11523),#7899);
#11523 = PRESENTATION_STYLE_ASSIGNMENT((#11524));
#11524 = SURFACE_STYLE_USAGE(.BOTH.,#11525);
#11525 = SURFACE_SIDE_STYLE('',(#11526));
#11526 = SURFACE_STYLE_FILL_AREA(#11527);
#11527 = FILL_AREA_STYLE('',(#11528));
#11528 = FILL_AREA_STYLE_COLOUR('',#10412);
#11529 = MECHANICAL_DESIGN_GEOMETRIC_PRESENTATION_REPRESENTATION('',(
    #11530),#10300);
#11530 = STYLED_ITEM('color',(#11531),#9975);
#11531 = PRESENTATION_STYLE_ASSIGNMENT((#11532));
#11532 = SURFACE_STYLE_USAGE(.BOTH.,#11533);
#11533 = SURFACE_SIDE_STYLE('',(#11534));
#11534 = SURFACE_STYLE_FILL_AREA(#11535);
#11535 = FILL_AREA_STYLE('',(#11536));
#11536 = FILL_AREA_STYLE_COLOUR('',#11537);
#11537 = COLOUR_RGB('',0.313304153717,0.484529207832,0.410020903123);
#11538 = MECHANICAL_DESIGN_GEOMETRIC_PRESENTATION_REPRESENTATION('',(
    #11539),#8336);
#11539 = STYLED_ITEM('color',(#11540),#7961);
#11540 = PRESENTATION_STYLE_ASSIGNMENT((#11541,#11547));
#11541 = SURFACE_STYLE_USAGE(.BOTH.,#11542);
#11542 = SURFACE_SIDE_STYLE('',(#11543));
#11543 = SURFACE_STYLE_FILL_AREA(#11544);
#11544 = FILL_AREA_STYLE('',(#11545));
#11545 = FILL_AREA_STYLE_COLOUR('',#11546);
#11546 = COLOUR_RGB('',0.199999998682,0.199999998682,0.199999998682);
#11547 = CURVE_STYLE('',#11548,POSITIVE_LENGTH_MEASURE(0.1),#11546);
#11548 = DRAUGHTING_PRE_DEFINED_CURVE_FONT('continuous');
#11549 = MECHANICAL_DESIGN_GEOMETRIC_PRESENTATION_REPRESENTATION('',(
    #11550),#675);
#11550 = STYLED_ITEM('color',(#11551),#88);
#11551 = PRESENTATION_STYLE_ASSIGNMENT((#11552,#11558));
#11552 = SURFACE_STYLE_USAGE(.BOTH.,#11553);
#11553 = SURFACE_SIDE_STYLE('',(#11554));
#11554 = SURFACE_STYLE_FILL_AREA(#11555);
#11555 = FILL_AREA_STYLE('',(#11556));
#11556 = FILL_AREA_STYLE_COLOUR('',#11557);
#11557 = COLOUR_RGB('',0.300000011149,0.300000011149,0.300000011149);
#11558 = CURVE_STYLE('',#11559,POSITIVE_LENGTH_MEASURE(0.1),#11557);
#11559 = DRAUGHTING_PRE_DEFINED_CURVE_FONT('continuous');
ENDSEC;
END-ISO-10303-21;
